id,created_at,screen_name,full_text,clean_text,cleaned_at
1343458257915031553,2020-12-28 08:26:23 +01:00,m_annuel,"💩 à @free parce-que Débit Très instable, … \n\nFree en France: vitesse, performances, pannes et commentaires des utilisateurs\n👉 https://t.co/Yab5ES2gLh\n\n#fing #internet #Free\n\nvia @fingapp @outagedetect",à parceque débit très instable nnfree en france vitesse performances pannes et commentaires des utilisateursn nnvia,2025-11-03 15:52:31
1485331097844129798,2022-01-23 20:18:24 +01:00,MitchelMcPat,Et vous ça se passe comment la fibre ?\n@Sosh_fr @CovageIDF_OUEST c’est la misère vraiment jpp https://t.co/I41UXroh0F,et vous ça se passe comment la fibre n cest la misère vraiment jpp,2025-11-03 15:52:31
1694675653205860558,2023-08-24 13:38:55 +02:00,jnbarrot,"Dans la lutte contre les installations sauvages et les infrastructures dégradées, la bonne formation des techniciens qui déploient la fibre est essentielle. J'étais ce matin aux côtés d'Idriss, formateur au centre de formation technique @free à Argenteuil, dans le Val-d'Oise. https://t.co/nKKA40veRw",dans la lutte contre les installations sauvages et les infrastructures dégradées la bonne formation des techniciens qui déploient la fibre est essentielle jétais ce matin aux côtés didriss formateur au centre de formation technique à argenteuil dans le valdoise,2025-11-03 15:52:31
1695912123824546156,2023-08-27 23:32:13 +02:00,rgaidot,"Hello @free, @Freebox et @orange je crois que nous allons avoir prochainement un gros problème de fibre / PBOE https://t.co/IreryVRyFc",hello et je crois que nous allons avoir prochainement un gros problème de fibre pboe,2025-11-03 15:52:31
1709659172361404776,2023-10-04 21:58:05 +02:00,EllaVerite,"Bonsoir @WavemakerFR, je suis chez @free et voici ma bande passante #Freebox ⤵️\nVous allez pouvoir vous moquer d'eux dans votre prochain spot publicitaire @reef_telecom\n\n@Freebox @FreePro @GroupeIliad @Xavier75 🤡 https://t.co/f2CDpSoXJF",bonsoir je suis chez et voici ma bande passante nvous allez pouvoir vous moquer deux dans votre prochain spot publicitaire nn,2025-11-03 15:52:31
1711773973401235737,2023-10-10 18:01:33 +02:00,michfrapp,"@free @Xavier75 @NThomas82Free \n\nEn 3 ans l’équipe technique de Free (le « BOC » m’a t’on dit) n’est pas capable d’amener 3 mètres (ou moins!) de câble Fibre, afin que j’ai la fibre (cercle rouge) comme mes voisines dont nos maisons sont mitoyennes (cercles verts). Satisfaisant?! https://t.co/Z1Wn4nhGmu",nnen 3 ans léquipe technique de free le boc ma ton dit nest pas capable damener 3 mètres ou moins de câble fibre afin que jai la fibre cercle rouge comme mes voisines dont nos maisons sont mitoyennes cercles verts satisfaisant,2025-11-03 15:52:31
1759266279620247842,2024-02-18 18:19:01 +01:00,TomReynaud1789,".@free a 25 ans et tient toujours ses promesses en terme de pouvoir d’achat et d’innovation. 3 quinquennats sans toucher aux prix de nos forfaits mobiles, voilà une promesse à laquelle les français peuvent croire🇫🇷🙏🔥",a 25 ans et tient toujours ses promesses en terme de pouvoir dachat et dinnovation 3 quinquennats sans toucher aux prix de nos forfaits mobiles voilà une promesse à laquelle les français peuvent croire,2025-11-03 15:52:31
1762571081402011959,2024-02-27 21:11:07 +01:00,nephthys,Ça fonctionne super bien la Fibre Free ce soir... Franchement c'est abusé. Déjà l'autre soir la TV de Free (OQEE) était carrément indisponible ! #FTTH #fibre #Free #Var @Freebox @Free_1337 @free https://t.co/UwrutxJMD9,ça fonctionne super bien la fibre free ce soir franchement cest abusé déjà lautre soir la tv de free oqee était carrément indisponible,2025-11-03 15:52:31
1811040987365421110,2024-07-10 16:13:13 +02:00,FrenchTea13,"@Xavier75 et tout le réseau @Freebox sachez qu'une main courante va être déposée, et ira plus loin s'il le faut.\n6 appels en 24h avec 6 numéros différents quand je demande de retirer mon numéro de vos bases de données c'est du harcèlement.\nVos forfaits de merde j'en veux pas.",et tout le réseau sachez quune main courante va être déposée et ira plus loin sil le fautn6 appels en 24h avec 6 numéros différents quand je demande de retirer mon numéro de vos bases de données cest du harcèlementnvos forfaits de merde jen veux pas,2025-11-03 15:52:31
1812874502642049501,2024-07-15 17:38:57 +02:00,Tubbydev,"@free @Xavier75 Installer la fibre sans autorisation du propriétaire et en perçant de partout, c'est normal ?",installer la fibre sans autorisation du propriétaire et en perçant de partout cest normal,2025-11-03 15:52:31
1813101958900879811,2024-07-16 08:42:47 +02:00,GrandOeil_,"On ne se rend pas assez compte que sans Xavier Niel aujourd'hui on paierait tous nos forfaits 144,99€ avec 65 SMS par jour, 2h d'appel par mois et 150Mo de données mobiles",on ne se rend pas assez compte que sans xavier niel aujourdhui on paierait tous nos forfaits 14499 avec 65 sms par jour 2h dappel par mois et 150mo de données mobiles,2025-11-03 15:52:31
1813231927559643512,2024-07-16 17:19:14 +02:00,Xavier75,“C’était mieux avant”\n\nAvant : https://t.co/YLMSCOBQAC,cétait mieux avantnnavant,2025-11-03 15:52:31
1813254932449140912,2024-07-16 18:50:39 +02:00,Ben29072013,@free 13 minutes 13 sec!!!!!  c'est le temps ENCOREEEEE UNE FOIS PERDU à attendre après free pour résoudre un problème récurent !! INCOMPÉTENCE !!!!  Ils ne répondent jamais!!!!! https://t.co/2FdeQbWjHg,13 minutes 13 sec cest le temps encoreeeee une fois perdu à attendre après free pour résoudre un problème récurent incompétence ils ne répondent jamais,2025-11-03 15:52:31
1813267588560134325,2024-07-16 19:40:56 +02:00,ultrakfr,"J'avais vu juste et il n'aura finalement fallu attendre que quelques heures.\n\nFree ajoute actuellement les versions HDR de France 2 UHD et France 3 UHD !\n\nDe mauvais élève, et après de nombreux messages de mécontentements sur l'absence de HDR, @OQEEbyFree @Freebox passe en tête en proposant dorénavant deux versions : SDR et HDR. De quoi satisfaire tout le monde (pour ceux qui ont des problèmes avec le HDR) 🥳\n\nFrance 2 UHD : canal 102\nFrance 2 UHD HDR : canal 103\nFrance 3 UHD : canal 104 (ex canal 103)\nFrance 3 UHD HDR : canal 105\n\nDispo suivant la freebox (mettez en commentaire si vous l'avez, ou pas, sur votre Freebox 4K), quelques bugs actuellement (le temps de mettre en place les flux)\n\n(photo discord jartabul)",javais vu juste et il naura finalement fallu attendre que quelques heuresnnfree ajoute actuellement les versions hdr de france 2 uhd et france 3 uhd nnde mauvais élève et après de nombreux messages de mécontentements sur labsence de hdr passe en tête en proposant dorénavant deux versions sdr et hdr de quoi satisfaire tout le monde pour ceux qui ont des problèmes avec le hdr nnfrance 2 uhd canal 102nfrance 2 uhd hdr canal 103nfrance 3 uhd canal 104 ex canal 103nfrance 3 uhd hdr canal 105nndispo suivant la freebox mettez en commentaire si vous lavez ou pas sur votre freebox 4k quelques bugs actuellement le temps de mettre en place les fluxnnphoto discord jartabul,2025-11-03 15:52:31
1813579520819286432,2024-07-17 16:20:27 +02:00,_Kirikou_,"Le service proximité de @free 1 des plus grosses arnaques de ces dernières années.Incompétents et complètement dépassés.Tu en sais plus qu'eux,tu leur dis ce qui marche pas,tu prends un rdv avec un technicien qui vient que ds 1 semaine!\nPratique pr le télétravail!\nPlus de reponse",le service proximité de 1 des plus grosses arnaques de ces dernières annéesincompétents et complètement dépasséstu en sais plus queuxtu leur dis ce qui marche pastu prends un rdv avec un technicien qui vient que ds 1 semainenpratique pr le télétravailnplus de reponse,2025-11-03 15:52:31
1813581407668871481,2024-07-17 16:27:56 +02:00,fannnoche,"@free comment vous joindre ? j'ai été débité pour non restitution de matériel pour une résiliation de ligne que je n'ai pas effectuée moi même, impossible de vous joindre car mes identifiants n existent plus, vos relances sont arrivées directement.",comment vous joindre jai été débité pour non restitution de matériel pour une résiliation de ligne que je nai pas effectuée moi même impossible de vous joindre car mes identifiants n existent plus vos relances sont arrivées directement,2025-11-03 15:52:31
1813604838682325386,2024-07-17 18:01:03 +02:00,Lorkydey,"Bon je travaille En remote chez moi et ça fait 1 semaine que j’ai plus de connexion avec @free , ils ont envoyé un technicien qui a dit « on vous envoie un autres tech » et depuis plus de nouvelles, de base je kiff free, @Xavier75 le boss etc etc mais la ,,,.",bon je travaille en remote chez moi et ça fait 1 semaine que jai plus de connexion avec ils ont envoyé un technicien qui a dit on vous envoie un autres tech et depuis plus de nouvelles de base je kiff free le boss etc etc mais la,2025-11-03 15:52:31
1813625655374098443,2024-07-17 19:23:46 +02:00,Marc_Vador,@free il va falloir revoir la sélection des installateurs de fibre optique !!! J’ai pas commandé un fil pour étendre mon linge … le voisin non plus ! Donc va falloir revenir !!! https://t.co/eAVSxCijnq,il va falloir revoir la sélection des installateurs de fibre optique jai pas commandé un fil pour étendre mon linge le voisin non plus donc va falloir revenir,2025-11-03 15:52:31
1813633896136994907,2024-07-17 19:56:31 +02:00,Motsen78,@Free_1337 @Freebox @Xavier75 \n1/2 \nSalut Free je désespère.....\nClient depuis 20 ans payant à chaque fois le renouvellement de mes box plein tarif sans jamais un geste commercial pour ses vieux clients. \nJe subis depuis le moi de juin des coupures intempestifs de ma ligne,n12 nsalut free je désespèrenclient depuis 20 ans payant à chaque fois le renouvellement de mes box plein tarif sans jamais un geste commercial pour ses vieux clients nje subis depuis le moi de juin des coupures intempestifs de ma ligne,2025-11-03 15:52:31
1813652642113229136,2024-07-17 21:11:00 +02:00,soulakhey,@Freebox de l’aide s’il vous plaît 🙏🏼 https://t.co/g7y5s0xEOw,de laide sil vous plaît,2025-11-03 15:52:31
1813684903856468282,2024-07-17 23:19:12 +02:00,Darknig78166491,@Freebox pourquoi j’ai des bugs de connexion wsh je paye la fibre,pourquoi jai des bugs de connexion wsh je paye la fibre,2025-11-03 15:52:31
1813698687253746036,2024-07-18 00:13:58 +02:00,HugoRLT__,"Merci @free de m'avoir fait passer une ""super"" soirée en live et merci pour ces 2 déconnexions pour une mise à jour de la box en pleine soirée...\n\nEn l'espace de 2 mois j'ai déjà eu 2 soucis majeur de connexion avec votre box.... et ça sans JAMAIS aucun geste commercial...",merci de mavoir fait passer une super soirée en live et merci pour ces 2 déconnexions pour une mise à jour de la box en pleine soiréennen lespace de 2 mois jai déjà eu 2 soucis majeur de connexion avec votre box et ça sans jamais aucun geste commercial,2025-11-03 15:52:31
1813864570282541144,2024-07-18 11:13:08 +02:00,tontonyoy,Bonjour @free je cherche à modifier des mots de passe de boîtes mails qui sont gérés chez vous sur des domaines un peu vieux. Comment peut-on faire ça n'a pas l'air possible via la page webmail free,bonjour je cherche à modifier des mots de passe de boîtes mails qui sont gérés chez vous sur des domaines un peu vieux comment peuton faire ça na pas lair possible via la page webmail free,2025-11-03 15:52:31
1813867624843055326,2024-07-18 11:25:16 +02:00,hnchck,"@Freebox Bonjour, mes parents ont fait leur inscription ( enfin ! ) le 9, et depuis pas de nouvelle toujours bloqué à cette étape, c'est normal ? https://t.co/NZRZz77fdu",bonjour mes parents ont fait leur inscription enfin le 9 et depuis pas de nouvelle toujours bloqué à cette étape cest normal,2025-11-03 15:52:31
1813886775799984228,2024-07-18 12:41:22 +02:00,AnthonyPiresG,"@Freebox c’est normal des signalements pour pertes de synchro (des dizaines de fois par jour), des rendez-vous techniciens annulé sans prévenir le client, une assistance téléphonique qui indique que la ligne est rétablie alors que la Freebox est en étape 3? #freeboxUltra",cest normal des signalements pour pertes de synchro des dizaines de fois par jour des rendezvous techniciens annulé sans prévenir le client une assistance téléphonique qui indique que la ligne est rétablie alors que la freebox est en étape 3,2025-11-03 15:52:31
1813977091500802109,2024-07-18 18:40:15 +02:00,jacquesnote,@Freebox je ne comprend pas une amie abonnée chez vous avec la delta depuis 2 ans on lui a offert les frais de migration vers la ultra. Moi je suis abonné chez vous depuis 2009 et a moi on me fait payer les frais de migration vers la ultra inadmissible,je ne comprend pas une amie abonnée chez vous avec la delta depuis 2 ans on lui a offert les frais de migration vers la ultra moi je suis abonné chez vous depuis 2009 et a moi on me fait payer les frais de migration vers la ultra inadmissible,2025-11-03 15:52:31
1814009656504885552,2024-07-18 20:49:39 +02:00,Y__htz,Depuis le 23/06 je suis en attente d’un rdv pour la fibre chez @free je suis du coup pas encore client et je pense qu’a cette allure là je ne le serai jamais !! Honteux,depuis le 2306 je suis en attente dun rdv pour la fibre chez je suis du coup pas encore client et je pense qua cette allure là je ne le serai jamais honteux,2025-11-03 15:52:31
1814034736118927866,2024-07-18 22:29:18 +02:00,GTrotereau,"@free allo,avez vous des nouvelles pour le réseau SVP ???",alloavez vous des nouvelles pour le réseau svp,2025-11-03 15:52:31
1814081417405497766,2024-07-19 01:34:48 +02:00,gnabxnahc,rendez la wifi @free,rendez la wifi,2025-11-03 15:52:31
1814215859520352478,2024-07-19 10:29:02 +02:00,MasimSaid,@Freebox Bonjour j'ai fait installer votre box depuis 10 min. Mais comment on fait pour avoir un être humain en ligne pour assistance ? Impossible au 3244 ni au 1044. Merci,bonjour jai fait installer votre box depuis 10 min mais comment on fait pour avoir un être humain en ligne pour assistance impossible au 3244 ni au 1044 merci,2025-11-03 15:52:31
1814220122342470038,2024-07-19 10:45:58 +02:00,Dorban,"@Freebox bonjour Free. Cela fait 1 mois que je n'ai plus internet. Un rdv avait été fixé puis annulé pour, je cite puisque vous deviez intervenir dans ""les plus brefs délais"".\nNous 'avons as la même notion de bref délais.\nQue faut-il faire pour avoir internet ?",bonjour free cela fait 1 mois que je nai plus internet un rdv avait été fixé puis annulé pour je cite puisque vous deviez intervenir dans les plus brefs délaisnnous avons as la même notion de bref délaisnque fautil faire pour avoir internet,2025-11-03 15:52:31
1814232564715966700,2024-07-19 11:35:24 +02:00,MichaelPincebo1,"@Xavier75 @free @Freebox \nBonjour Monsieur Niel\nVoila plus 20 ans que j'encense Free depuis Freesurf !\nJ'ai tous mes forfaits chez vous ...\nDepuis le 15 fev maintenant, je n'ai plu la fibre pro dans ma société qui, de fait, est en péril ... Que faire ??? \nQuelle déception ...",nbonjour monsieur nielnvoila plus 20 ans que jencense free depuis freesurf njai tous mes forfaits chez vous ndepuis le 15 fev maintenant je nai plu la fibre pro dans ma société qui de fait est en péril que faire nquelle déception,2025-11-03 15:52:31
1814238911964512258,2024-07-19 12:00:38 +02:00,TabaryErwin,@free Normal pour vous qu'un des vos employés a souscrit a ma place sans mon accord un abonnement Free mobile et que l'on me demande d'envoyer un courrier de rétractation pour un abonnement que JE n'ai pas pris ?,normal pour vous quun des vos employés a souscrit a ma place sans mon accord un abonnement free mobile et que lon me demande denvoyer un courrier de rétractation pour un abonnement que je nai pas pris,2025-11-03 15:52:31
1814266726114107603,2024-07-19 13:51:09 +02:00,reisen67,"@free 3 semaines sans internet et rien ne bouge malgré plusieurs appels, des rdv techniciens annulés... Chez free quand ça fonctionne c'est bien mais quand il y a un problème technique il n'y a plus personne, ni même au téléphone. Chez free j'ai tout compris : FUIR !",3 semaines sans internet et rien ne bouge malgré plusieurs appels des rdv techniciens annulés chez free quand ça fonctionne cest bien mais quand il y a un problème technique il ny a plus personne ni même au téléphone chez free jai tout compris fuir,2025-11-03 15:52:31
1814276844889289006,2024-07-19 14:31:22 +02:00,Francedz213,"Impossible de contacter l’assistance free si c’est pas avec le numero de mobile de la personne concernée ! Super, on peut pas aider les retraités !! @Freebox",impossible de contacter lassistance free si cest pas avec le numero de mobile de la personne concernée super on peut pas aider les retraités,2025-11-03 15:52:31
1814299035529834820,2024-07-19 15:59:32 +02:00,MissWlad,@InfoAbonneCanal abonnée myCANAL via @free je n’ai pas récupéré la diffusion sur mon téléviseur….ça fonctionne sur tablette…est-ce normal?,abonnée mycanal via je nai pas récupéré la diffusion sur mon téléviseurça fonctionne sur tabletteestce normal,2025-11-03 15:52:31
1814327641547145515,2024-07-19 17:53:12 +02:00,ADianeadam,@free  c'est normal de balader vos clients victimes d'un écrasement de ligne pendant un mois sans aucune information sur un délai d'intervention ? Pourtant la loi vous donne 8 jours pour rétablir la connexion. Ou alors free je n'ai pas tout compris,cest normal de balader vos clients victimes dun écrasement de ligne pendant un mois sans aucune information sur un délai dintervention pourtant la loi vous donne 8 jours pour rétablir la connexion ou alors free je nai pas tout compris,2025-11-03 15:52:31
1814334384704565600,2024-07-19 18:20:00 +02:00,CalieeeFourchon,@Freebox je n’en peux plus 1 mois que la box s’arrête en pleine journée pour ne redémarrer qu’a 23h impossible de vous joindre ! C’est terminé je résilie. À ce niveau c’est de l’incompétence.,je nen peux plus 1 mois que la box sarrête en pleine journée pour ne redémarrer qua 23h impossible de vous joindre cest terminé je résilie à ce niveau cest de lincompétence,2025-11-03 15:52:31
1814336903992541578,2024-07-19 18:30:01 +02:00,DebyZknd,C’est quoi le problème avec @free ? La wifi de chez moi n’arrête pas de sauter. Je paye 48€ par mois pour ne pas avoir de connexion. Foutaise !,cest quoi le problème avec la wifi de chez moi narrête pas de sauter je paye 48 par mois pour ne pas avoir de connexion foutaise,2025-11-03 15:52:31
1814344612590358589,2024-07-19 19:00:39 +02:00,lachainelequipe,C’est parti pour la finale du Mondial de rugby U20 💪🇫🇷\n\nALLEZ LES BLEUETS ! \n\n#lequipeRUGBY https://t.co/t6LVY8kpuM,cest parti pour la finale du mondial de rugby u20 nnallez les bleuets nn,2025-11-03 15:52:31
1814348139559612633,2024-07-19 19:14:40 +02:00,AnaisSeref,"Commence vraiment à m'agacer @Freebox. 3 jours pas de Tv pas d'internet, censé être rétabli à 16h, toujours rien. C'est pas la 1ere fois que ça merde",commence vraiment à magacer 3 jours pas de tv pas dinternet censé être rétabli à 16h toujours rien cest pas la 1ere fois que ça merde,2025-11-03 15:52:31
1814348364185538617,2024-07-19 19:15:33 +02:00,Fab_LCL,La diffusion de @BFMTV interrompue depuis plus de dix’ minutes sur @free #freebox @Freebox,la diffusion de interrompue depuis plus de dix minutes sur,2025-11-03 15:52:31
1814348631937311037,2024-07-19 19:16:37 +02:00,Lecteur_Du_Soir,"@Freebox @free \n\nCoucou ! \nJe n'arrive pas à me faire comprendre par votre conseiller, \n\nJe souhaite avoir &gt; Freebox Ultra. \nJe possède déjà un abo netflix + prime : \n\nJe n'aurai plus qu'à payer la différence entre le tarif de votre forfait Netflix et le prix de ma formule ?",nncoucou nje narrive pas à me faire comprendre par votre conseiller nnje souhaite avoir gt freebox ultra nje possède déjà un abo netflix prime nnje naurai plus quà payer la différence entre le tarif de votre forfait netflix et le prix de ma formule,2025-11-03 15:52:31
1814348648827834768,2024-07-19 19:16:41 +02:00,frigotier59,"@Freebox bonjour, pas mal de problème de réception chaînes, êtes-vous confronté à divers problèmes ? Merci pour votre retour",bonjour pas mal de problème de réception chaînes êtesvous confronté à divers problèmes merci pour votre retour,2025-11-03 15:52:31
1814351196942970891,2024-07-19 19:26:49 +02:00,Heddicmi,"@free je tente de regarder le rugby sur @lequipe là... C'est un enfer ça saute toute les 2 secondes. C'est partout chez vous ou juste moi ? En attendant je coupe, c'est infernal 😩 https://t.co/43p4wjDDVd",je tente de regarder le rugby sur là cest un enfer ça saute toute les 2 secondes cest partout chez vous ou juste moi en attendant je coupe cest infernal,2025-11-03 15:52:31
1814351242035884167,2024-07-19 19:26:59 +02:00,GrienerA,Problème de flux Tv sur Levallois 92300 alors que le débit internet est ok \nVous avez des soucis identifiés @Free_1337 @free ?,problème de flux tv sur levallois 92300 alors que le débit internet est ok nvous avez des soucis identifiés,2025-11-03 15:52:31
1814356278237368711,2024-07-19 19:47:00 +02:00,Ytzaka_,"@free honteux la connection chez free, impossible de suivre l'équipe de France en finale de la coupe du monde de rugby ...",honteux la connection chez free impossible de suivre léquipe de france en finale de la coupe du monde de rugby,2025-11-03 15:52:31
1814356388652429578,2024-07-19 19:47:26 +02:00,zoneadsl_panne,⚠#PANNE  FREEBOX EN COURS⚠\n 📡20 freenautes ont signalé des pannes #Internet dont 15 sur le réseau #fibre de #Free depuis 15h19\n🌍Ville concernée : La Roque-d'Anthéron (13640)\n⬇️⬇️⬇️\nhttps://t.co/5syXsuGnbR,freebox en coursn 20 freenautes ont signalé des pannes dont 15 sur le réseau de depuis 15h19nville concernée la roquedanthéron 13640nn,2025-11-03 15:52:31
1814358979511763365,2024-07-19 19:57:44 +02:00,VigneDe,Le désordre continue avec une image saccadée sur les téléviseurs des clients de ⁦⁦@Freebox⁩ .Peut-être qu'il serait temps de se demander si ce n'est pas le service qui est défaillant.⁦@free⁩ 🤫🤨 https://t.co/XgyOVA1cDx,le désordre continue avec une image saccadée sur les téléviseurs des clients de peutêtre quil serait temps de se demander si ce nest pas le service qui est défaillant,2025-11-03 15:52:31
1814360763919655031,2024-07-19 20:04:49 +02:00,Boyer71Fanzine,Bonsoir @free y a-t-il  un problème avec le serveur ma box ne capte rien merci,bonsoir y atil un problème avec le serveur ma box ne capte rien merci,2025-11-03 15:52:31
1814360943918211385,2024-07-19 20:05:32 +02:00,_Franck_Paris,l'App @OQEEbyFree est down sur box Androïd et TV Samsung @Freebox @free @UniversFreebox #free #freebox,lapp est down sur box androïd et tv samsung,2025-11-03 15:52:31
1814361238320595218,2024-07-19 20:06:43 +02:00,nach_mum,@Freebox y’a t’il un pb sur le réseau ? Aucune communication !!! Aucun message !!!! Ça serait bien d’informer les clients !!!!,ya til un pb sur le réseau aucune communication aucun message ça serait bien dinformer les clients,2025-11-03 15:52:31
1814362029194617328,2024-07-19 20:09:51 +02:00,Team_nJOY,@Free_1337 panne TV ici dans 78.\nDowndetector remonte une explosion des problèmes?une communication @free @Free_1337 ?,panne tv ici dans 78ndowndetector remonte une explosion des problèmesune communication,2025-11-03 15:52:31
1814363117532422254,2024-07-19 20:14:11 +02:00,PaperBloute,@Freebox oh pitié ça fait 4h que j'ai pas de co faites quelque chose,oh pitié ça fait 4h que jai pas de co faites quelque chose,2025-11-03 15:52:31
1814363924684517557,2024-07-19 20:17:23 +02:00,Alinolord,Vous aussi vous avez un souci avec votre #freebox ? Erreur 20 d’authentification ? Et sa bug quand il arrive à s’identifier difficilement ? @Freebox #free,vous aussi vous avez un souci avec votre erreur 20 dauthentification et sa bug quand il arrive à sidentifier difficilement,2025-11-03 15:52:31
1814364822408180214,2024-07-19 20:20:57 +02:00,Clank_gk,"oqee @free @OQEEbyFree est HS ce soir, il demande a se connecter depuis une ligne free, et https://t.co/IagkCyJ4iF fait un internal serveur error quand on veut s'authent.",oqee est hs ce soir il demande a se connecter depuis une ligne free et fait un internal serveur error quand on veut sauthent,2025-11-03 15:52:31
1814364867035324900,2024-07-19 20:21:08 +02:00,Stephanux40,"@Freebox problème panne authentification de la Freebox bloquée sur étape 6, département des Landes depuis 20mn environ",problème panne authentification de la freebox bloquée sur étape 6 département des landes depuis 20mn environ,2025-11-03 15:52:31
1814365629883003146,2024-07-19 20:24:10 +02:00,GaelBresson,"@Freebox , un souci actuellement ? Je suis bloqué étape 6 de la Freebox... https://t.co/T9u9CNPUX7",un souci actuellement je suis bloqué étape 6 de la freebox,2025-11-03 15:52:31
1814365932426539130,2024-07-19 20:25:22 +02:00,sebravoisier,Vous aussi vous êtes bloqués à l'étape 6 avec votre freebox? #panne #free #freebox @Freebox @UniversFreebox,vous aussi vous êtes bloqués à létape 6 avec votre freebox,2025-11-03 15:52:31
1814365941045604823,2024-07-19 20:25:24 +02:00,EricGhaffar,"Panne internet plus de @LCI , franceinfotv, @RMCStory @rmcdecouverte chez @Freebox",panne internet plus de franceinfotv chez,2025-11-03 15:52:31
1814365976307060924,2024-07-19 20:25:32 +02:00,mickeul16,"Aujourd'hui c'est le ""#ITOutageDay"", et @free a décidé d'y participer à sa manière, freebox TV out, ainsi que l'authentification pour @OQEEbyFree . C'est crowdStrike qui s'occupe de la sécurité chez vous @Xavier75 ? 😆",aujourdhui cest le et a décidé dy participer à sa manière freebox tv out ainsi que lauthentification pour cest crowdstrike qui soccupe de la sécurité chez vous,2025-11-03 15:52:31
1814366025778864287,2024-07-19 20:25:44 +02:00,FuckedUpMinded_,@Freebox bonjour pas de connexion ce soir sur ma box 😭,bonjour pas de connexion ce soir sur ma box,2025-11-03 15:52:31
1814366035518054552,2024-07-19 20:25:46 +02:00,VictorPivertOff,"@Freebox Bonjour, nous sommes plusieurs bloqués à l'étape 6. Un problème général ?",bonjour nous sommes plusieurs bloqués à létape 6 un problème général,2025-11-03 15:52:31
1814366412007256112,2024-07-19 20:27:16 +02:00,JayDeforges,@free Bonjour Free ! Incidents en ce moment en fibre sur la France ? Dans l’Herault ? Béziers ? Merci de votre réponse,bonjour free incidents en ce moment en fibre sur la france dans lherault béziers merci de votre réponse,2025-11-03 15:52:31
1814366416214048928,2024-07-19 20:27:17 +02:00,herv964,@free plus d’internet depuis 45 mn ??,plus dinternet depuis 45 mn,2025-11-03 15:52:31
1814366706392863042,2024-07-19 20:28:26 +02:00,LePatis799,https://t.co/rqv4msMU5R Et sa continue maintenant internet @Freebox #Freebox  qui fonctionne plus merde 🤬😤,et sa continue maintenant internet qui fonctionne plus merde,2025-11-03 15:52:31
1814366710188614140,2024-07-19 20:28:27 +02:00,WillmenDk,@Free_1337 @free @freemobile ont en parlent du bug Oqee impossible de regarder la tv !!!!!!,ont en parlent du bug oqee impossible de regarder la tv,2025-11-03 15:52:31
1814366794900975825,2024-07-19 20:28:47 +02:00,didi69220159758,"@Freebox PROBLème de télé, impossible d'accéder aux chaînes : erreur dash 1302. personne ne répond au 3244 alors qu'il est censé être ouvert jusqu'à 21h,",problème de télé impossible daccéder aux chaînes erreur dash 1302 personne ne répond au 3244 alors quil est censé être ouvert jusquà 21h,2025-11-03 15:52:31
1814367603932143955,2024-07-19 20:32:00 +02:00,naya5413,"@Free_1337 @Freebox @free @UniversFreebox @freeboxdemerde \n#freeboxultra #PireBoxDuMonde \nDéjà un débit pourrit, la tv qui freeze comme de l’adsl et la carrément rien qui marche ce soir et pour prévenir de l’incident ça ne marche pas non plus …\nDifficile de ne pas vs détester la https://t.co/1dBYozlggH",n ndéjà un débit pourrit la tv qui freeze comme de ladsl et la carrément rien qui marche ce soir et pour prévenir de lincident ça ne marche pas non plus ndifficile de ne pas vs détester la,2025-11-03 15:52:31
1814367656012632179,2024-07-19 20:32:13 +02:00,3arrbi216,@Freebox c’est vraiment le pire service qui existe,cest vraiment le pire service qui existe,2025-11-03 15:52:31
1814367744072228929,2024-07-19 20:32:34 +02:00,tadupokpok,@free \n\nOn est vendredi soir. Je n'ai plus aucune chaîne de télévision depuis une demi-heure. Aucun accès non plus à l'assistance en ligne (page d'erreur) ou par téléphone 'ne répond pas).\n\nEtonnamment ça commence à me gonfler.,nnon est vendredi soir je nai plus aucune chaîne de télévision depuis une demiheure aucun accès non plus à lassistance en ligne page derreur ou par téléphone ne répond pasnnetonnamment ça commence à me gonfler,2025-11-03 15:52:31
1814367793833283754,2024-07-19 20:32:46 +02:00,cedrictw,"@Freebox hello, gros soucis ce soir, impossible de joindre le 3244 et freebox pop bloquée en étape 6. Que se passe t il ?? Crowstrike vous joue aussi des tours ? Commune de Brignais",hello gros soucis ce soir impossible de joindre le 3244 et freebox pop bloquée en étape 6 que se passe t il crowstrike vous joue aussi des tours commune de brignais,2025-11-03 15:52:31
1814368111984029869,2024-07-19 20:34:01 +02:00,whatizdiss,Il y’a une panne chez free ou quoi? Ma box est bloqué à l’étape 6 @Freebox @free,il ya une panne chez free ou quoi ma box est bloqué à létape 6,2025-11-03 15:52:31
1814368381832692008,2024-07-19 20:35:06 +02:00,Fredaprilia,Help @Freebox je suis bloqué a l étape 6 et votre service client est injoignable. Une idée svp ?,help je suis bloqué a l étape 6 et votre service client est injoignable une idée svp,2025-11-03 15:52:31
1814368425491222821,2024-07-19 20:35:16 +02:00,liloun67,@free Help Free plis d'internet et impossible de vous joindre par téléphone ☎️,help free plis dinternet et impossible de vous joindre par téléphone,2025-11-03 15:52:31
1814368437122035989,2024-07-19 20:35:19 +02:00,__lucinda___,@Freebox @free  ENCORE EN PANNE SUR BESANÇON … MAIS C’EST QUOI CE BORDEL DEPUIS 2MOIS ????\n#freebox #Free @Xavier75,encore en panne sur besançon mais cest quoi ce bordel depuis 2mois n,2025-11-03 15:52:31
1814368516692123878,2024-07-19 20:35:38 +02:00,c_csensei,"@OLPLAY_Officiel Impossible de regarder le match sur ma box free, quelqu un a des infos ? 🥹\n\n@Freebox",impossible de regarder le match sur ma box free quelqu un a des infos nn,2025-11-03 15:52:31
1814368538431283401,2024-07-19 20:35:43 +02:00,Tracksweb,Le fait que la télé par @free soit HS m'emmerde un peu plus...,le fait que la télé par soit hs memmerde un peu plus,2025-11-03 15:52:31
1814368731113324770,2024-07-19 20:36:29 +02:00,So0609930698002,#panne freebox probleme connexion  @free,freebox probleme connexion,2025-11-03 15:52:31
1814368765855052207,2024-07-19 20:36:37 +02:00,LovFrenchFries,"@Freebox Freebox, impossible de vous joindre par téléphone au 3244 pourtant c’est ce numéro que vous communiquez. Depuis ce matin des gros problèmes de réseaux, impossible de regarder la TV la ça commence à me chauffer en plus on ne peux pas vous joindre …",freebox impossible de vous joindre par téléphone au 3244 pourtant cest ce numéro que vous communiquez depuis ce matin des gros problèmes de réseaux impossible de regarder la tv la ça commence à me chauffer en plus on ne peux pas vous joindre,2025-11-03 15:52:31
1814368857399677065,2024-07-19 20:36:59 +02:00,lesud65,@Freebox bonsoir voilà encore une fois  free ne fonctionne pas reste bloqué sur le 6 😡😡😡,bonsoir voilà encore une fois free ne fonctionne pas reste bloqué sur le 6,2025-11-03 15:52:31
1814369108772684226,2024-07-19 20:37:59 +02:00,TendanceRap1,"@free serait touché par la #panne numéro injoignable, services qui ne fonctionnent plus. Je ne pense pas que se soit un hasard. #pannemondiale",serait touché par la numéro injoignable services qui ne fonctionnent plus je ne pense pas que se soit un hasard,2025-11-03 15:52:31
1814369111767691372,2024-07-19 20:38:00 +02:00,DenisAynie,"@Freebox bonsoir,\nBloqué en étape 6 depuis 20 minutes.\nImpossible non plus d'accéder à support free.\nQue se passe-t-il ?",bonsoirnbloqué en étape 6 depuis 20 minutesnimpossible non plus daccéder à support freenque se passetil,2025-11-03 15:52:31
1814369327912759540,2024-07-19 20:38:51 +02:00,AlexiaMarmont,@free bonjour. J'ai demandé un dédommagement pour les nombreux dysfonctionnements que je subis sur votre réseau et depuis je suis devenue personne non grata et silence radio de votre part. Vous trouvez ça normal et correct ?,bonjour jai demandé un dédommagement pour les nombreux dysfonctionnements que je subis sur votre réseau et depuis je suis devenue personne non grata et silence radio de votre part vous trouvez ça normal et correct,2025-11-03 15:52:31
1814369345046491472,2024-07-19 20:38:55 +02:00,Skyphal21,@Freebox plus de télé et plus internet.\nJe suis bloqué étape 6 de la Freebox à Marseille...,plus de télé et plus internetnje suis bloqué étape 6 de la freebox à marseille,2025-11-03 15:52:31
1814375336324329737,2024-07-19 21:02:44 +02:00,mattspears83,"Hello @free ! On n’a plus de wifi … malgré un reboot, la box reste bloquée en étape 6 \nQue faire ? \nOn n’arrive pas à se connecter à notre compte client non plus (sur le net ou sur l’appli !)\n@Freebox #Free #FreeBox",hello on na plus de wifi malgré un reboot la box reste bloquée en étape 6 nque faire non narrive pas à se connecter à notre compte client non plus sur le net ou sur lappli n,2025-11-03 15:52:31
1814382699894739345,2024-07-19 21:31:59 +02:00,zoneadsl_panne,"⚠#PANNE  FREEBOX EN COURS⚠\n 📡20 freenautes ont signalé des pannes #Internet dont 19 sur le réseau #fibre de #Free depuis 18h15\n🌍Villes concernées : Meaux (77100), Nanteuil-lès-Meaux (77100), Crégy-lès-Meaux (77124), Villenoy (77124)\n⬇️⬇️⬇️\nhttps://t.co/5syXsuGnbR",freebox en coursn 20 freenautes ont signalé des pannes dont 19 sur le réseau de depuis 18h15nvilles concernées meaux 77100 nanteuillèsmeaux 77100 crégylèsmeaux 77124 villenoy 77124nn,2025-11-03 15:52:31
1814390436729106557,2024-07-19 22:02:44 +02:00,OLPLAY_Officiel,@Arverne69 @c_csensei @Freebox Panne chez Free malheureusement…,panne chez free malheureusement,2025-11-03 15:52:31
1814399365433201068,2024-07-19 22:38:13 +02:00,Jejeninho91,@Freebox  moi quand l'heure de ma Freebox est revenu et quand la tv ne marche pas du tout je sais pas quoi vous jouez à part prendre l'argent vous faites quoi #Freebox à part de mettre touche temps en panne les autres bande de voleurs https://t.co/O56OAiS8Wx,moi quand lheure de ma freebox est revenu et quand la tv ne marche pas du tout je sais pas quoi vous jouez à part prendre largent vous faites quoi à part de mettre touche temps en panne les autres bande de voleurs,2025-11-03 15:52:31
1814781596269973640,2024-07-20 23:57:04 +02:00,RZN_FN,.@free vous êtes le pire opérateur c’est terrifiant,vous êtes le pire opérateur cest terrifiant,2025-11-03 15:52:31
1814935159948398606,2024-07-21 10:07:16 +02:00,d2risto,rebonjour @free \nnouveau message du serveur SMTP via Thunderbird https://t.co/kNRCp3f6kL,rebonjour nnouveau message du serveur smtp via thunderbird,2025-11-03 15:52:31
1814943214706544813,2024-07-21 10:39:17 +02:00,SuperCyprien,"Même chose ici pour mon épouse alors que moi ça fonctionne.\n@Freebox , @Xavier75  : ce n’est pas la première fois que ça arrive, ça serait bien que ces boîtes fonctionnent normalement très rapidement.",même chose ici pour mon épouse alors que moi ça fonctionnen ce nest pas la première fois que ça arrive ça serait bien que ces boîtes fonctionnent normalement très rapidement,2025-11-03 15:52:31
1814979921292251155,2024-07-21 13:05:08 +02:00,BrandonPer34331,@Freebox bug souscription,bug souscription,2025-11-03 15:52:31
1815009023134958046,2024-07-21 15:00:47 +02:00,guerin_morel,"@Free_1337 @Freebox @freeboxdelta @UniversalPlusFR pourquoi j'ai sa, quand je regarde un programme sur Universal+ ? https://t.co/92tvgMnkhu",pourquoi jai sa quand je regarde un programme sur universal,2025-11-03 15:52:31
1815085175992098887,2024-07-21 20:03:23 +02:00,PhMarechal,"@Freebox bonjour, pb des flux vidéo sur Massy 91 fibre ! Coupure régulières.\nPendant les matchs c est insupportable ! Attention pas de ça pendant les jo.\nPas de mail non plus.",bonjour pb des flux vidéo sur massy 91 fibre coupure régulièresnpendant les matchs c est insupportable attention pas de ça pendant les jonpas de mail non plus,2025-11-03 15:52:31
1815097457451160013,2024-07-21 20:52:11 +02:00,laleloulelo,On préfère la eligue1 avec @MGG__TV,on préfère la eligue1 avec,2025-11-03 15:52:31
1815138793457848826,2024-07-21 23:36:26 +02:00,Leperefuetar,"eh @free !!! Votre fameux wifi 7 et vos répéteurs sont nuls de chez Nils. La box ultra plus 3 répéteurs sont bien en dessous des trois Google que j'avais. Vous vendez du rêve , mais c'est surtout du bas de gamme made in pourrave.",eh votre fameux wifi 7 et vos répéteurs sont nuls de chez nils la box ultra plus 3 répéteurs sont bien en dessous des trois google que javais vous vendez du rêve mais cest surtout du bas de gamme made in pourrave,2025-11-03 15:52:31
1815140060301258862,2024-07-21 23:41:28 +02:00,sksksksksidii,OUAIS C’EST BON J’AI COMPRIS EN VRAI LES COUPURES DE CONNEXION TT LES 2/3MOIS OU J’AI PLUS DE CO PDNT 3/4jours ACTIVE VITE @Freebox,ouais cest bon jai compris en vrai les coupures de connexion tt les 23mois ou jai plus de co pdnt 34jours active vite,2025-11-03 15:52:31
1815290266938433696,2024-07-22 09:38:20 +02:00,jackus35,Bonjour @Freebox @Free_1337 plus de d accès a ma boîte mail depuis 72h via zimbra ou imap un délai de résolution ? https://t.co/S1qJfR5cJX,bonjour plus de d accès a ma boîte mail depuis 72h via zimbra ou imap un délai de résolution,2025-11-03 15:52:31
1815291507978403947,2024-07-22 09:43:16 +02:00,BPioupiou,"@Freebox Bonjour petite question, vendredi on me dit que vous avez reçu une demande d’écrasement de ligne. Que nous n’avons jamais demander, et que pour annuler cela je dois vous contacter. Je le fais on me dis que l’écrasement ne sera pas fais, et que j’aurais pas de coupure.",bonjour petite question vendredi on me dit que vous avez reçu une demande décrasement de ligne que nous navons jamais demander et que pour annuler cela je dois vous contacter je le fais on me dis que lécrasement ne sera pas fais et que jaurais pas de coupure,2025-11-03 15:52:31
1815335841469780007,2024-07-22 12:39:26 +02:00,tutosfaciles48,Bonjour @Free_1337 des nouvelles concernant l'étape 3D rencontrée sur certains freebox dans la région Nantaises ? un ETA de prévisionnel ? Merci (cc @Freebox ),bonjour des nouvelles concernant létape 3d rencontrée sur certains freebox dans la région nantaises un eta de prévisionnel merci cc,2025-11-03 15:52:31
1815341040897011942,2024-07-22 13:00:06 +02:00,UniversFreebox,"Les mails Free touchés par un problème, de nombreux abonnés n’y ont plus accès https://t.co/IlTODTUyQl https://t.co/4o8UNgUIsO",les mails free touchés par un problème de nombreux abonnés ny ont plus accès,2025-11-03 15:52:31
1815344412030837164,2024-07-22 13:13:29 +02:00,XILOTHOR_,@free serait-il possible de ce joindre par message privé,seraitil possible de ce joindre par message privé,2025-11-03 15:52:31
1815352004689990054,2024-07-22 13:43:40 +02:00,scarabaie,Tintin il a autant de meufs ???????? https://t.co/2U7r4gFzlQ,tintin il a autant de meufs,2025-11-03 15:52:31
1815369159535993284,2024-07-22 14:51:50 +02:00,chofrode,"@Xavier75  @free \nDes années chez Free 44€/mois \nImpossible de profiter des chaines TV, 4KM le ligne ADSL. \nDes mois de contact avec le support pour une avancée fibre, toujours en attente, que faire ? La 5G ? Pas stable et 5mo's, https://t.co/dFZf0Z7Gdz",ndes années chez free 44mois nimpossible de profiter des chaines tv 4km le ligne adsl ndes mois de contact avec le support pour une avancée fibre toujours en attente que faire la 5g pas stable et 5mos,2025-11-03 15:52:31
1815385518223364467,2024-07-22 15:56:50 +02:00,TokRa14,Jour de reprise en télétravail et merci @free !\n@Xavier75 faudra me faire une lettre pour mon patron j’ai des brouettes de mails à traiter !!! 😅 https://t.co/pp6L4IkgDH,jour de reprise en télétravail et merci n faudra me faire une lettre pour mon patron jai des brouettes de mails à traiter,2025-11-03 15:52:31
1815391031518548246,2024-07-22 16:18:44 +02:00,Im_Eezy,Bientôt 20 jours que j'ai pas internet chez moi. @free vous allez me rembourser mon mois,bientôt 20 jours que jai pas internet chez moi vous allez me rembourser mon mois,2025-11-03 15:52:31
1815498393424191895,2024-07-22 23:25:21 +02:00,musiqueapapa,"@Freebox bonsoir, j'ai toujours des gros problèmes avec les services télé sur ma Freebox. La panne se poursuit depuis vendredi soir... Savez-vous quand cela sera résolu ? Merci d'avance",bonsoir jai toujours des gros problèmes avec les services télé sur ma freebox la panne se poursuit depuis vendredi soir savezvous quand cela sera résolu merci davance,2025-11-03 15:52:31
1815522787097723137,2024-07-23 01:02:17 +02:00,YouxiLevrai,@free vous devriez augmenter vos prix peut être que sa réduira les 200 pannes qu'on a chez vous chaque mois.. 😮‍💨,vous devriez augmenter vos prix peut être que sa réduira les 200 pannes quon a chez vous chaque mois,2025-11-03 15:52:31
1815602581122740359,2024-07-23 06:19:22 +02:00,raskodub,@Freebox c’est quoi sa pk ma free elle fais que de se redémarrer la il est 6h vous jouez a quoi la,cest quoi sa pk ma free elle fais que de se redémarrer la il est 6h vous jouez a quoi la,2025-11-03 15:52:31
1815605376836047258,2024-07-23 06:30:28 +02:00,belloc_deborah,@free toujours pas de boîte mail depuis vendredi soir et toujours pas de communiqué sur le problème !!!!,toujours pas de boîte mail depuis vendredi soir et toujours pas de communiqué sur le problème,2025-11-03 15:52:31
1815667417332252776,2024-07-23 10:37:00 +02:00,ludovic14860,@Freebox @Free_1337 Freebox Delta Fibre bloquée en étape 3 depuis hier. Secteur 14320 SAINT-MARTIN DE FONTENAY. On me signale un incident collectif. Plus d'infos SVP ?,freebox delta fibre bloquée en étape 3 depuis hier secteur 14320 saintmartin de fontenay on me signale un incident collectif plus dinfos svp,2025-11-03 15:52:31
1815678028036350434,2024-07-23 11:19:10 +02:00,sarkasme76,"Bonjour @Freebox  jamais vous répondez sur WhatsApp ? J ai commandé la nouvelle box ultra je veux me rétracter. Je vous l ai signifié, vous ne répondez pas, UPS me prévient que le colis est expédié ,il sera refusé.",bonjour jamais vous répondez sur whatsapp j ai commandé la nouvelle box ultra je veux me rétracter je vous l ai signifié vous ne répondez pas ups me prévient que le colis est expédié il sera refusé,2025-11-03 15:52:31
1815684675941150933,2024-07-23 11:45:35 +02:00,GoriTigerlol,@Freebox Bonjour \n\nPossible d'échanger un dm ?,bonjour nnpossible déchanger un dm,2025-11-03 15:52:31
1815690366210789745,2024-07-23 12:08:11 +02:00,Thouralith4,@free vous pouvez répondre à vos putain de clients ?! Je n’ai pas de connexion et impossible de vous joindre depuis 12h bande d’incompétents,vous pouvez répondre à vos putain de clients je nai pas de connexion et impossible de vous joindre depuis 12h bande dincompétents,2025-11-03 15:52:31
1815696335493824916,2024-07-23 12:31:55 +02:00,the_kurosan,"@Freebox Bonjour depuis hier 23h je n’ai plus internet la box s’allume rouge, et est bloqué à l’étage 2. J’ai essayé d’appeler une dizaine de fois on me renvois vers une assistance en ligne qui eux ne me répondent pas depuis 8h",bonjour depuis hier 23h je nai plus internet la box sallume rouge et est bloqué à létage 2 jai essayé dappeler une dizaine de fois on me renvois vers une assistance en ligne qui eux ne me répondent pas depuis 8h,2025-11-03 15:52:31
1815717055137505325,2024-07-23 13:54:14 +02:00,P5Lawrence,@Freebox votre livreur a déposé le colis fait une photo et est reparti avec le colis et est parti avant que l'on puisse arriver,votre livreur a déposé le colis fait une photo et est reparti avec le colis et est parti avant que lon puisse arriver,2025-11-03 15:52:31
1815743012703514976,2024-07-23 15:37:23 +02:00,kevin29roy,"@Freebox bonjour, problème sur le freebox player de ma mère.\nImpossible d'utiliser le timeshifting et quand elle allume sa télé elle tombe toujours sur la mosaïque...Une idée du problème?",bonjour problème sur le freebox player de ma mèrenimpossible dutiliser le timeshifting et quand elle allume sa télé elle tombe toujours sur la mosaïqueune idée du problème,2025-11-03 15:52:31
1815760969290658108,2024-07-23 16:48:44 +02:00,dam_mtd,"@free bonjour, possibilité d’avoir des infos sur le raccordement impossible à la fibre chez vous ?",bonjour possibilité davoir des infos sur le raccordement impossible à la fibre chez vous,2025-11-03 15:52:31
1815768881639653749,2024-07-23 17:20:11 +02:00,warzouz38,@free @Free_1337 @Freebox on en parle de vos techniciens qui ne viennent jamais ? En 3 rendez vous 2 plan foireux ? Vous pensez que notre temps ainsi que nos CP sont en illimité ? 50€ d’abonnement pour ça vrmt ?,on en parle de vos techniciens qui ne viennent jamais en 3 rendez vous 2 plan foireux vous pensez que notre temps ainsi que nos cp sont en illimité 50 dabonnement pour ça vrmt,2025-11-03 15:52:31
1815783585137258752,2024-07-23 18:18:36 +02:00,the_kurosan,@free vous n’avez plus d’assistance pour la box? Comment se fait il que depuis hier soir 23h personne ne me répond concernant ma panne,vous navez plus dassistance pour la box comment se fait il que depuis hier soir 23h personne ne me répond concernant ma panne,2025-11-03 15:52:31
1816064804177731893,2024-07-24 12:56:04 +02:00,Lou__y,@Free j’ai un gros soucis avec votre service litige qui ne donne plus de nouvelles !! Ou vos prestataires qui fixent des rendez-vous et ne se présentent pas sans donner d’explications. J’ai pris une journée de travail pour rien ! L’installation de la fibre #free #fibre #travail https://t.co/zlYRb45XOJ,jai un gros soucis avec votre service litige qui ne donne plus de nouvelles ou vos prestataires qui fixent des rendezvous et ne se présentent pas sans donner dexplications jai pris une journée de travail pour rien linstallation de la fibre,2025-11-03 15:52:31
1816400673015058724,2024-07-25 11:10:42 +02:00,tcorrege,"@Orange_France ,@free \nDes soucis sur nailloux 31560 ?\nDes problèmes peut être ?\nA priori 3 ou 4 zones touchées… https://t.co/tX6DxnOfs2",ndes soucis sur nailloux 31560 ndes problèmes peut être na priori 3 ou 4 zones touchées,2025-11-03 15:52:31
1816775134151131442,2024-07-26 11:58:40 +02:00,queIamiff,J’suis censé aller où avec ça @free @Freebox ?? https://t.co/rLxIy9yn1b,jsuis censé aller où avec ça,2025-11-03 15:52:31
1816846689921085907,2024-07-26 16:43:00 +02:00,anthony0774,"@Freebox Bonjour, je vous ai DM",bonjour je vous ai dm,2025-11-03 15:52:31
1816962551856632313,2024-07-27 00:23:24 +02:00,FaucetFailureUh,@free @Freebox SVP C’EST POSSIBLE DE RÉTABLIR LA CONNEXION ÇA FAIT 3J Y’A DES COUPURES DE CONNEXION AJD ÇA FAIT 10H J’AI PAS DE WI-FI LA SEULE SOLUTION C’EST CHANGÉ D’OPÉRATEUR ?,svp cest possible de rétablir la connexion ça fait 3j ya des coupures de connexion ajd ça fait 10h jai pas de wifi la seule solution cest changé dopérateur,2025-11-03 15:52:31
1817084559474733391,2024-07-27 08:28:13 +02:00,blogforluv,"Bonjour, le bordereau de renvoi de matériel ne marche pas même après plusieurs essais dans différents points relais, la date d’envoi à expirer il y a quelques jours (2 pour être plus precise), est-ce tjrs possible d’envoyer le colis, si oui comment ? @Freebox  @free @freemobile",bonjour le bordereau de renvoi de matériel ne marche pas même après plusieurs essais dans différents points relais la date denvoi à expirer il y a quelques jours 2 pour être plus precise estce tjrs possible denvoyer le colis si oui comment,2025-11-03 15:52:31
1817085988214309199,2024-07-27 08:33:54 +02:00,Sheets_1997,"@free @AssistanceFree \n\nComment résilier mon abonnement ? Votre site me demande de me reconnecter, mais rejette mes identifiants valides. J'ai déménagé hors de France. Pouvez-vous résilier mon abonnement ?",nncomment résilier mon abonnement votre site me demande de me reconnecter mais rejette mes identifiants valides jai déménagé hors de france pouvezvous résilier mon abonnement,2025-11-03 15:52:31
1817134677070635237,2024-07-27 11:47:22 +02:00,K_Ermite,Gros problème de réseau actuellement chez @free via la fibre.\nPlus d’accès internet.\nÉtonnamment la box affiche l’heure mais ne semble pas ne pas réussir à se connecter et il est même impossible d’accéder à l’interfaces de la box via le lien https://t.co/sxoY8Rl5TJ\n\nJ’espère que vous avez abandonné ces histoires d’interfaces qu’on ne peut accéder que via un putain de lien qui a besoin du DNS on pouvait pas en rester à une adresse IP à la con quoi qu’il en soit je suis pas le seul dans ce cas de figure actuellement j’espère que c’est une putain d’attaque et que ça détruira les infrastructures au moins je serai un peu indulgent sinon j’ai juste envie de foutre le feu à tous vos réseaux,gros problème de réseau actuellement chez via la fibrenplus daccès internetnétonnamment la box affiche lheure mais ne semble pas ne pas réussir à se connecter et il est même impossible daccéder à linterfaces de la box via le lien que vous avez abandonné ces histoires dinterfaces quon ne peut accéder que via un putain de lien qui a besoin du dns on pouvait pas en rester à une adresse ip à la con quoi quil en soit je suis pas le seul dans ce cas de figure actuellement jespère que cest une putain dattaque et que ça détruira les infrastructures au moins je serai un peu indulgent sinon jai juste envie de foutre le feu à tous vos réseaux,2025-11-03 15:52:31
1817136420688998735,2024-07-27 11:54:18 +02:00,sdraperi,Bonjour @Xavier75  @Freebox @Free_1337 \n\nPensez vous que répondre cela a vos clients c'est '' \n commercial '' ???\n\nCela fait deux ans que les problèmes récurents du réseau Adsl fixe d' @Orange_conseil  me coupent mon accés internet plus d'un tiers de l'année avec un débit indécent en 2024 ( il l'était déja en 2018 ! )\n\nJe pense qu'il est peut etre temps de secouer l'opérateur historique non ???\nCar je suis dans la @CASAOfficiel et a moins de 5 Km de la 1ere technopole d'Europe ...,bonjour nnpensez vous que répondre cela a vos clients cest n commercial nncela fait deux ans que les problèmes récurents du réseau adsl fixe d me coupent mon accés internet plus dun tiers de lannée avec un débit indécent en 2024 il létait déja en 2018 nnje pense quil est peut etre temps de secouer lopérateur historique non ncar je suis dans la et a moins de 5 km de la 1ere technopole deurope,2025-11-03 15:52:31
1817232584272748736,2024-07-27 18:16:25 +02:00,JR_Miel,@Freebox Bonjour j'ai un code Erreur de lecture 1330 avec l'application oqee sur ma télé LG.\nJe ne trouve rien dans votre site concernant ce code d'erreur.,bonjour jai un code erreur de lecture 1330 avec lapplication oqee sur ma télé lgnje ne trouve rien dans votre site concernant ce code derreur,2025-11-03 15:52:31
1817236444819198011,2024-07-27 18:31:45 +02:00,MaUnScOt,Hey @Freebox ! Ça vous arrive de décrocher au 3244 des fois ou bien ça devient comme les médecins faut prendre RDV 6 mois plus tôt ?,hey ça vous arrive de décrocher au 3244 des fois ou bien ça devient comme les médecins faut prendre rdv 6 mois plus tôt,2025-11-03 15:52:31
1817259246435680651,2024-07-27 20:02:22 +02:00,RLY_M0nsTeR,"@Freebox ça serait bien d'arrêter de faire les morts, et de répondre et d'arrêter avec cette putains de boîte vocal quand on veut parler à un humain !!",ça serait bien darrêter de faire les morts et de répondre et darrêter avec cette putains de boîte vocal quand on veut parler à un humain,2025-11-03 15:52:31
1817287377561215062,2024-07-27 21:54:09 +02:00,JennyPeachTV,"https://t.co/o7j912jN7f\nJe voulais faire le Panthéon, j'ai changé d'avis..",voulais faire le panthéon jai changé davis,2025-11-03 15:52:31
1817480913602719964,2024-07-28 10:43:11 +02:00,benderbreizh,"Pensée émue pour ceux qui n’ont pas les 5,99€ pour regarder les #JeuxOlympiques sur Max et qui doivent subir les commentaires et coupures du service public.",pensée émue pour ceux qui nont pas les 599 pour regarder les sur max et qui doivent subir les commentaires et coupures du service public,2025-11-03 15:52:31
1817541685997408734,2024-07-28 14:44:40 +02:00,Lutverse,@Freebox Bonjour. J'ai pris l'abonnement MAX mais impossible de m'y connecter. Je n'a rien reçu pour activer l'offre. Que faire ? https://t.co/fZ3PNR2edM,bonjour jai pris labonnement max mais impossible de my connecter je na rien reçu pour activer loffre que faire,2025-11-03 15:52:31
1817565710496756022,2024-07-28 16:20:08 +02:00,1973claudiakate,Hello @PrimeVideoFR je suis abonnée à @free et je peux plus regarder les films et séries USA parce c'est version originale et sans sous titrage. Pourriez pas  faire quelque chose ? Une fidèle cliente,hello je suis abonnée à et je peux plus regarder les films et séries usa parce cest version originale et sans sous titrage pourriez pas faire quelque chose une fidèle cliente,2025-11-03 15:52:31
1817604296860397717,2024-07-28 18:53:28 +02:00,NamNounou,"@Freebox malgré s être pris 15jours en avance, plus de téléphone plus d internet plus de télé. \nOn nous demande un rdv physique pour régler le problème mais aucune place pour rdv.\nÇa va durer longtemps ?",malgré s être pris 15jours en avance plus de téléphone plus d internet plus de télé non nous demande un rdv physique pour régler le problème mais aucune place pour rdvnça va durer longtemps,2025-11-03 15:52:31
1817641188469743917,2024-07-28 21:20:04 +02:00,Damien27T,Ma box @free qui ne fonctionne de nouveau plus... ça fonctionne très aléatoirement c'est pénible!!!\nRencontrez-vous le même problème ?\n#OlympicGames,ma box qui ne fonctionne de nouveau plus ça fonctionne très aléatoirement cest péniblenrencontrezvous le même problème n,2025-11-03 15:52:31
1817643966269206941,2024-07-28 21:31:06 +02:00,PatGoj,"Très déçue du service client @free . \n2 ans difficiles sur mon adsl: faible débit, interruptions répétées de plusieurs jours, jamais aucun geste commercial. Et maintenant @free me facture plus de 40 euro ma résiliation pour une ligne qui n'a jamais fonctionné comme promis !",très déçue du service client n2 ans difficiles sur mon adsl faible débit interruptions répétées de plusieurs jours jamais aucun geste commercial et maintenant me facture plus de 40 euro ma résiliation pour une ligne qui na jamais fonctionné comme promis,2025-11-03 15:52:31
1817654120893059482,2024-07-28 22:11:27 +02:00,AnthoOL34,"@Freebox @myCANAL j'ai un abonnement canal souscris via ma box, impossible de me connecter sur l'application MYCANAL et vos deux services se renvoient la balle...\n\nÇa commence à bien me gonfler votre histoire.",jai un abonnement canal souscris via ma box impossible de me connecter sur lapplication mycanal et vos deux services se renvoient la ballennça commence à bien me gonfler votre histoire,2025-11-03 15:52:31
1817657929157525530,2024-07-28 22:26:35 +02:00,Delph69004,Hello @Freebox je n'arrive pas à créer mon compte sur MAX alors que je suis chez moi et Wifi activé. https://t.co/S9PvSZVWF9,hello je narrive pas à créer mon compte sur max alors que je suis chez moi et wifi activé,2025-11-03 15:52:31
1817663346239307979,2024-07-28 22:48:06 +02:00,_nauplie,"@free Bonjour, je vais perdre tous mes cheveux pour comprendre pourquoi le formulaire pour compléter mon adresse afin de voir pour la fibre ne peut pas être validé ! j'ai rempli tous les champs, mais impossible d'envoyer...je suis à deux doigts de partir de chez vous...",bonjour je vais perdre tous mes cheveux pour comprendre pourquoi le formulaire pour compléter mon adresse afin de voir pour la fibre ne peut pas être validé jai rempli tous les champs mais impossible denvoyerje suis à deux doigts de partir de chez vous,2025-11-03 15:52:31
1817721388792258869,2024-07-29 02:38:45 +02:00,Maelo51593,@Freebox on me demande 190€ pour des équipements que j’ai rendu il y a 3 ans parce que je suis pas capable de fournir une pièce justificative. Je tourne en rond vous pouvez m’aider ???,on me demande 190 pour des équipements que jai rendu il y a 3 ans parce que je suis pas capable de fournir une pièce justificative je tourne en rond vous pouvez maider,2025-11-03 15:52:31
1817733719622590545,2024-07-29 03:27:45 +02:00,yggdrasoli,"@free Coupure d'internet à l'allée des muriers, 13570 Bédarrides",coupure dinternet à lallée des muriers 13570 bédarrides,2025-11-03 15:52:31
1817735538985583013,2024-07-29 03:34:59 +02:00,norfair00,Bonjour @Freebox @free \n\nSerait-il possible de faire quelque chose pour qu’il n’y ai plus de putain de coupure Internet à 3h du matin car là ça commence vraiment à me les briser merci,bonjour nnseraitil possible de faire quelque chose pour quil ny ai plus de putain de coupure internet à 3h du matin car là ça commence vraiment à me les briser merci,2025-11-03 15:52:31
1817736055266963882,2024-07-29 03:37:02 +02:00,UPasanius97954,@free ce serait possible d'avoir ce pourquoi on paye ? Quasiment tout les jours on a des coupures d'internet de qq secondes à plusieurs minutes ... Super quand on travaille avec internet .... Vous faites quoi avec la fibre ? C'est quoi le problème ?,ce serait possible davoir ce pourquoi on paye quasiment tout les jours on a des coupures dinternet de qq secondes à plusieurs minutes super quand on travaille avec internet vous faites quoi avec la fibre cest quoi le problème,2025-11-03 15:52:31
1817744963368570894,2024-07-29 04:12:25 +02:00,Stan_034,Marre que @free coupe en pleine nuit internet sans prévenir (dpt 34),marre que coupe en pleine nuit internet sans prévenir dpt 34,2025-11-03 15:52:31
1817784076377493610,2024-07-29 06:47:51 +02:00,zoneadsl_panne,⚠#PANNE  FREEBOX EN COURS⚠\n 📡40 freenautes ont signalé des pannes #Internet dont 38 sur le réseau #fibre de #Free depuis 0h04\n🌍Ville concernée : Montpellier (34000)\n⬇️⬇️⬇️\nhttps://t.co/5syXsuGnbR,freebox en coursn 40 freenautes ont signalé des pannes dont 38 sur le réseau de depuis 0h04nville concernée montpellier 34000nn,2025-11-03 15:52:31
1817801115037241446,2024-07-29 07:55:33 +02:00,Philipin,@Freebox panne internet depuis ce matin ! Montélimar,panne internet depuis ce matin montélimar,2025-11-03 15:52:31
1817802710835466314,2024-07-29 08:01:54 +02:00,Cocktail30,@Freebox \nBonjour\nPlus de service internet sur ma box\n2 eme coupure en 1 semaine,nbonjournplus de service internet sur ma boxn2 eme coupure en 1 semaine,2025-11-03 15:52:31
1817812414890390010,2024-07-29 08:40:27 +02:00,WCherifi30,Bonjour je jette une bouteille à la mer je suis le seul à avoir des soucis avec internet chez @Freebox @free,bonjour je jette une bouteille à la mer je suis le seul à avoir des soucis avec internet chez,2025-11-03 15:52:31
1817825380343992646,2024-07-29 09:31:58 +02:00,clxymox,"@Freebox pas d'internet ce matin à mon domicile, bloqué étape 6. Je crois ne pas être le seul. @Free_1337",pas dinternet ce matin à mon domicile bloqué étape 6 je crois ne pas être le seul,2025-11-03 15:52:31
1817828248392528264,2024-07-29 09:43:22 +02:00,Mediavenir,"🇫🇷 ALERTE - Les réseaux de fibre optique ont été ""sabotés"" dans plusieurs régions de France. Plusieurs opérateurs sont touchés. (AFP)",alerte les réseaux de fibre optique ont été sabotés dans plusieurs régions de france plusieurs opérateurs sont touchés afp,2025-11-03 15:52:31
1817829264059744703,2024-07-29 09:47:24 +02:00,manavaeva,@free on en parle de la panne ????,on en parle de la panne,2025-11-03 15:52:31
1817831228206117309,2024-07-29 09:55:13 +02:00,PETERASSE,Et me voilà chez free depuis 1 mois avec la box ultra à 8mb. Installation du matériel coupure permanente et péniblement 1 mb. Alors retour chez orange qui sont plus performant sans soucis. Attention si vous prenez free c est honteux @free https://t.co/t3VPk4ynsP,et me voilà chez free depuis 1 mois avec la box ultra à 8mb installation du matériel coupure permanente et péniblement 1 mb alors retour chez orange qui sont plus performant sans soucis attention si vous prenez free c est honteux,2025-11-03 15:52:31
1817833436389761302,2024-07-29 10:03:59 +02:00,dvlplu,Ça doit être pour ça que ça fait plus d’une semaine que j’ai plus de wifi chez moi 🥸 @free vous êtes vraiment pas top,ça doit être pour ça que ça fait plus dune semaine que jai plus de wifi chez moi vous êtes vraiment pas top,2025-11-03 15:52:31
1817835972085649470,2024-07-29 10:14:04 +02:00,Mme_Tortue,@Freebox @freemobile peu de connexions dans le Vaucluse vous confirmez ? Avez vous pris en charge le problème \nÀ la fois fixe et mobile,peu de connexions dans le vaucluse vous confirmez avez vous pris en charge le problème nà la fois fixe et mobile,2025-11-03 15:52:31
1817838829723697572,2024-07-29 10:25:25 +02:00,ServalMtp,Dites @freebox serait ce possible de vous avoir pour un problème de stabilité de connexion internet ?,dites serait ce possible de vous avoir pour un problème de stabilité de connexion internet,2025-11-03 15:52:31
1817846704114127027,2024-07-29 10:56:42 +02:00,Anth084,Update : 5 chambres de transport ont été cramé\nLe rétablissement vas prendre du temps... \n#fttporn,update 5 chambres de transport ont été craménle rétablissement vas prendre du temps n,2025-11-03 15:52:31
1817887885699268839,2024-07-29 13:40:21 +02:00,7IM37,"Youpie !!!! \n\nBon c'est vrai que c'est @Orange_France @orange qui m'a informé le premier... bon maintenant il fut quand même que je choisisse. Vous me conseilleriez quoi vous ? (rapport qualité prix, et si possible avec une IP fixe)\n\n- @free ?\n- @orange ?\n- @bouyguestelecom ?\n\n⬇️ https://t.co/svbVXdLwcz",youpie nnbon cest vrai que cest qui ma informé le premier bon maintenant il fut quand même que je choisisse vous me conseilleriez quoi vous rapport qualité prix et si possible avec une ip fixenn n n nn,2025-11-03 15:52:31
1817897280990482710,2024-07-29 14:17:41 +02:00,Tiffstouch,"@Freebox Bonjour, je viens de rejoindre ceux qui ont tout compris et j’aimerais commander une box multi tv sauf qu’ils me demandent d’attendre que ma première offre soit active. Puis-je commander en amont ma deuxième box ? Je sais que j’en aurai besoin. Merci pour votre aide",bonjour je viens de rejoindre ceux qui ont tout compris et jaimerais commander une box multi tv sauf quils me demandent dattendre que ma première offre soit active puisje commander en amont ma deuxième box je sais que jen aurai besoin merci pour votre aide,2025-11-03 15:52:31
1817908086775943556,2024-07-29 15:00:37 +02:00,Noui_12,Mdrr un commentaire @free ? https://t.co/EWeyfdXX3y,mdrr un commentaire,2025-11-03 15:52:31
1817932921203818546,2024-07-29 16:39:18 +02:00,kermitt2023,"@Freebox on me demande de débrancher ma box pour qu'un technicien intervienne pour un problème de soudure sur un boîtier.\nSi je rebranche ma box, intervention annulée malgré la constatation d'un technicien il y a 3 jours  du problème 🤪🤪on marche sur la tête ?!",on me demande de débrancher ma box pour quun technicien intervienne pour un problème de soudure sur un boîtiernsi je rebranche ma box intervention annulée malgré la constatation dun technicien il y a 3 jours du problème on marche sur la tête,2025-11-03 15:52:31
1817951574620070001,2024-07-29 17:53:25 +02:00,PaperBloute,"@Freebox Encore une coupure, possible de savoir quand est-ce que ça va revenir ?",encore une coupure possible de savoir quand estce que ça va revenir,2025-11-03 15:52:31
1817952236724424978,2024-07-29 17:56:03 +02:00,JrKengy,vous jouez à quoi là ??? @Freebox,vous jouez à quoi là,2025-11-03 15:52:31
1817956416751382624,2024-07-29 18:12:40 +02:00,letwitdedieu,"une petite question @Free_1337 @free @Freebox quand j’ai pris la freebox ultra en début d’année, j’ai pris le forfait normal mais ayant déjà mycanal avec les services de SVOD me suis dit pas besoin d’avoir le forfait ultra pour tout avoir en doublon et comme j’étais engagé pendant 2 ans avec mycanal j’ai donc basculé vers l’ultra essentiel pour payer moins cher et éviter d’avoir tout en double. Aujourd’hui je ne suis plus abonné mycanal donc je perds les services SVOD inclus et comme free les proposent gentiment dans leur abonnement ultra bah remettez moi en ultra !! « Logique » et bah non c’est pas possible je veux payer plus cher mon abonnement freebox et au service client on me dit que c’est pas possible de re basculer sur l’ultra ??? WTF. \n\nqu’est ce qui vous empêche de me remettre l’abonnement initial sachant que ça va me coûter plus cher et que mon argent supplémentaire ira chez vous ?? Free est censé être à la pointe des services mais là vous ne pouvez pas me basculer à nouveau sur l’ultra ?? \n\nOn marche sur la fibre la !!!",une petite question quand jai pris la freebox ultra en début dannée jai pris le forfait normal mais ayant déjà mycanal avec les services de svod me suis dit pas besoin davoir le forfait ultra pour tout avoir en doublon et comme jétais engagé pendant 2 ans avec mycanal jai donc basculé vers lultra essentiel pour payer moins cher et éviter davoir tout en double aujourdhui je ne suis plus abonné mycanal donc je perds les services svod inclus et comme free les proposent gentiment dans leur abonnement ultra bah remettez moi en ultra logique et bah non cest pas possible je veux payer plus cher mon abonnement freebox et au service client on me dit que cest pas possible de re basculer sur lultra wtf nnquest ce qui vous empêche de me remettre labonnement initial sachant que ça va me coûter plus cher et que mon argent supplémentaire ira chez vous free est censé être à la pointe des services mais là vous ne pouvez pas me basculer à nouveau sur lultra nnon marche sur la fibre la,2025-11-03 15:52:31
1817958060952043728,2024-07-29 18:19:12 +02:00,R1RT_35,"@Freebox @Xavier75 vous m’expliquez comment c’est possible que depuis Décembre on ai eu 14 FOIS le même problème avec la box, bloqué sur étape 2 ou 3 ???? Le problème est réglé sur le moment mais ça revient, il va falloir songer à mieux sécuriser vos local fibre je pense",vous mexpliquez comment cest possible que depuis décembre on ai eu 14 fois le même problème avec la box bloqué sur étape 2 ou 3 le problème est réglé sur le moment mais ça revient il va falloir songer à mieux sécuriser vos local fibre je pense,2025-11-03 15:52:31
1817972055582851565,2024-07-29 19:14:48 +02:00,ploupette,"@free depuis 2 mois dès qu'on dépasse les 30 degrés on est parti pour au minimum 5h sans internet. Avec le télétravail en plein JO, c'est pas pratique votre histoire. Vive la #freebox ! @bouyguestelecom elle est fiable la fibre chez vous quand il fait chaud ?",depuis 2 mois dès quon dépasse les 30 degrés on est parti pour au minimum 5h sans internet avec le télétravail en plein jo cest pas pratique votre histoire vive la elle est fiable la fibre chez vous quand il fait chaud,2025-11-03 15:52:31
1817976103597957572,2024-07-29 19:30:54 +02:00,Satan95995092,@free elle marche desfois la box ?,elle marche desfois la box,2025-11-03 15:52:31
1817987012290601239,2024-07-29 20:14:14 +02:00,SkyLucki,Sinon @free vous compter résoudre les problème de co? Non parce que ça fais 1h que ma box me dis de vérifier les branchement alors que rien à bouger du coup je fais quoi? Je vous demande un remboursement ?,sinon vous compter résoudre les problème de co non parce que ça fais 1h que ma box me dis de vérifier les branchement alors que rien à bouger du coup je fais quoi je vous demande un remboursement,2025-11-03 15:52:31
1817992762651762756,2024-07-29 20:37:05 +02:00,DeGallifrey,"Dites @free @Freebox pourquoi sur votre page d’accueil vous annoncez « 3 mois inclus » pour la plateforme Max, et une fois qu’on est sur la page de souscription ce n’est plus qu’1 mois ?\n\nVous ne feriez pas une pub mensongère pour qu’on clique ? https://t.co/bPtbdinQtZ",dites pourquoi sur votre page daccueil vous annoncez 3 mois inclus pour la plateforme max et une fois quon est sur la page de souscription ce nest plus qu1 mois nnvous ne feriez pas une pub mensongère pour quon clique,2025-11-03 15:52:31
1818043215276298449,2024-07-29 23:57:34 +02:00,Virdroxx,Je paye une blinde @free est ma box marche plus as 23h50 comme hier soir merci beaucoup,je paye une blinde est ma box marche plus as 23h50 comme hier soir merci beaucoup,2025-11-03 15:52:31
1818046293102498141,2024-07-30 00:09:48 +02:00,oxyn_,Rendez moi ma connexion @Freebox 😭 2 semaines que je peux plus stream.. https://t.co/AFdbV7iKGN,rendez moi ma connexion 2 semaines que je peux plus stream,2025-11-03 15:52:31
1818053469565309175,2024-07-30 00:38:19 +02:00,Sebcbien3813,OHHHHHHHHH @Freebox @free @Free_1337  encore et toujours pas de WiFi sa commence à me les brisé sévèrement n'espérez même pas être payé ce mois ci FUCK toujours emmerder trop c'est trop https://t.co/0WVkQWQPM2,ohhhhhhhhh encore et toujours pas de wifi sa commence à me les brisé sévèrement nespérez même pas être payé ce mois ci fuck toujours emmerder trop cest trop,2025-11-03 15:52:31
1818056838988054620,2024-07-30 00:51:42 +02:00,kronnikeTV,Oh @free @Freebox faite un truc j’vais câbler votre réseaux c une dinguerie que des coupure svp agissez,oh faite un truc jvais câbler votre réseaux c une dinguerie que des coupure svp agissez,2025-11-03 15:52:31
1818071220186923514,2024-07-30 01:48:51 +02:00,inconnu411_,Vous êtes vraiment le pire opérateur @free …. Y’a pas un jour où y’a pas une panne internet! On paye pour quelque chose qui fonctionne 20% du temps ! À chaque fois des panne qui dure 3h-4h et le lendemain rebelote …. Par pitié faites quelque chose !,vous êtes vraiment le pire opérateur ya pas un jour où ya pas une panne internet on paye pour quelque chose qui fonctionne 20 du temps à chaque fois des panne qui dure 3h4h et le lendemain rebelote par pitié faites quelque chose,2025-11-03 15:52:31
1818077787183608201,2024-07-30 02:14:57 +02:00,Kael1812,"ca doit faire la 15ème coupure réseau @free en 2 mois\n\nParfois 1 h, parfois toute la journée\n\nEt quand un ""conseiller"" te contact, il te sort a chaque fois\n\n""je ne vois aucun problème sur votre ligne""\n\nBen ouai 😡🤬, 3 jours après c'est logique !!\n\nPire réseau de France..@Freebox",ca doit faire la 15ème coupure réseau en 2 moisnnparfois 1 h parfois toute la journéennet quand un conseiller te contact il te sort a chaque foisnnje ne vois aucun problème sur votre lignennben ouai 3 jours après cest logique nnpire réseau de france,2025-11-03 15:52:31
1818144414688010611,2024-07-30 06:39:42 +02:00,JeuDecide,@free Freeeeeeeeeeee depuis hier notre connexion ADSL ne marche plus (déjà que de base on a une connexion pourrave du genre qu'on peut pas regarder la télé et aller sur le pc en même temps) et la 4G rame comme jamais !\n\nJe vais partir chez Orange si ça continue 😠,freeeeeeeeeeee depuis hier notre connexion adsl ne marche plus déjà que de base on a une connexion pourrave du genre quon peut pas regarder la télé et aller sur le pc en même temps et la 4g rame comme jamais nnje vais partir chez orange si ça continue,2025-11-03 15:52:31
1818159998955827624,2024-07-30 07:41:38 +02:00,bertrandvoisin1,@free phising matinal\nTrès belle qualité. Sauf Qu 'en  cliquant sur le bouton jaune espace client..\nUne redirection passe par le site\nGonzac. Com\nMerci à free de bloquer ce site\nCar belle qualité de phising !,phising matinalntrès belle qualité sauf qu en cliquant sur le bouton jaune espace clientnune redirection passe par le sitengonzac comnmerci à free de bloquer ce sitencar belle qualité de phising,2025-11-03 15:52:31
1818162922314465595,2024-07-30 07:53:15 +02:00,Gonrak,"@Freebox tjs pas d'accès fibre depuis le 29/07 23h50, heure affiché mais pas d'accès internet ETH ou WIFI. Exactement comme le 28/07 vers 02h00. Reboot box et remplacement des CPL rien n'y fait. Réclamation d'un geste commercial en cette période de ""vacances"".\nRespectueusement.",tjs pas daccès fibre depuis le 2907 23h50 heure affiché mais pas daccès internet eth ou wifi exactement comme le 2807 vers 02h00 reboot box et remplacement des cpl rien ny fait réclamation dun geste commercial en cette période de vacancesnrespectueusement,2025-11-03 15:52:31
1818178005887340939,2024-07-30 08:53:11 +02:00,marsgirl013,@VouziM @Freebox Je suis dans les bouche du Rhône à 10mn du Vaucluse ça ne marche pas non plus @VouziM,je suis dans les bouche du rhône à 10mn du vaucluse ça ne marche pas non plus,2025-11-03 15:52:31
1818182864359350519,2024-07-30 09:12:29 +02:00,webphil59,Partie de Ping pong catastrophique entre le sav de @Freebox et la boutique @free. Aucun respect du client les 2 entités se  renvoyant le client SANS RESOUDRE le problème. Bravo @Xavier75 Free est tombé bien bas . La Freebox est retournée pour cloture de l'abonnement! @60millions,partie de ping pong catastrophique entre le sav de et la boutique aucun respect du client les 2 entités se renvoyant le client sans resoudre le problème bravo free est tombé bien bas la freebox est retournée pour cloture de labonnement,2025-11-03 15:52:31
1818185249068622140,2024-07-30 09:21:58 +02:00,Jolyne07,"@Freebox après coupure totale d'internet hier matin... Rebelote ce matin.. Panne totale d'internet.... C'est pénible... Free pourrait prévenir ses clients automatiquement, ça éviterait aux clients toutes les manœuvres de recherche du défaut....",après coupure totale dinternet hier matin rebelote ce matin panne totale dinternet cest pénible free pourrait prévenir ses clients automatiquement ça éviterait aux clients toutes les manœuvres de recherche du défaut,2025-11-03 15:52:31
1818192376730439702,2024-07-30 09:50:17 +02:00,emelyinej,euh @free encore des soucis d’internet 🤬🤬,euh encore des soucis dinternet,2025-11-03 15:52:31
1818194623702921572,2024-07-30 09:59:13 +02:00,Pu_Pin_Kcor,@free quand vous voulez pour un réseau internet qui fonctionne parce que en attendant nous payons pour aucuns services 😡 sur #Avignon ça va ça vient c'est légèrement casse C*****,quand vous voulez pour un réseau internet qui fonctionne parce que en attendant nous payons pour aucuns services sur ça va ça vient cest légèrement casse c,2025-11-03 15:52:31
1818207737337036959,2024-07-30 10:51:19 +02:00,ARoger44,"Bonjour M. @Xavier75,\nQue faut il faire pour arrêter les appels intempestifs de vos collaborateurs pour démarchage non sollicité et avec la demande réitérée de m'enlever de vos listes ? @free\nC'est contre productif.\nBonne journée",bonjour m nque faut il faire pour arrêter les appels intempestifs de vos collaborateurs pour démarchage non sollicité et avec la demande réitérée de menlever de vos listes ncest contre productifnbonne journée,2025-11-03 15:52:31
1818212396424376797,2024-07-30 11:09:50 +02:00,AnneLau14298386,@free @Freebox ce n'est vraiment plus ce que c'était ! Freebox déconne depuis presque 2 mois et rien ne se passe. Aucune solution proposée.  Ça va se finir en résiliation. https://t.co/M2Xuf3OMa1,ce nest vraiment plus ce que cétait freebox déconne depuis presque 2 mois et rien ne se passe aucune solution proposée ça va se finir en résiliation,2025-11-03 15:52:31
1818217776089084081,2024-07-30 11:31:13 +02:00,Eric_Rung,"Lamentable de se faire balader chez @Freebox pour ma demande d’une freebox Pop ADSL by @free. RDV programmé le 12/07/24 avec France Telecom 15h/17h. Personne n’est passé. J’ai signalé ceci. « Bah c’est normal, pas forcément besoin de se déplacer ». Nouveau RDV le 5/08.",lamentable de se faire balader chez pour ma demande dune freebox pop adsl by rdv programmé le 120724 avec france telecom 15h17h personne nest passé jai signalé ceci bah cest normal pas forcément besoin de se déplacer nouveau rdv le 508,2025-11-03 15:52:31
1818223848493551863,2024-07-30 11:55:21 +02:00,lia_rzg,@free VOUS LÀ RÉPONDEZ,vous là répondez,2025-11-03 15:52:31
1818226966840914157,2024-07-30 12:07:44 +02:00,TonyBrondel,@Freebox combien de temps faut il pour réparer une ligne fibre ? Ça fait 1 mois que j attends. Faut il au je résilie pour avoir une action ?,combien de temps faut il pour réparer une ligne fibre ça fait 1 mois que j attends faut il au je résilie pour avoir une action,2025-11-03 15:52:31
1818257578872193441,2024-07-30 14:09:23 +02:00,Hagnard,"J’ai une box @free mais l’installation fibre niveau du boîtier c’est @SFR, celui-ci est dans un état catastrophique et on est souvent sectionné les techniciens Free arrivent souvent à réparer mais aujourd’hui c’est pas possible ça fait 1 ans qu’on dit à @SFR que le boîtier est",jai une box mais linstallation fibre niveau du boîtier cest celuici est dans un état catastrophique et on est souvent sectionné les techniciens free arrivent souvent à réparer mais aujourdhui cest pas possible ça fait 1 ans quon dit à que le boîtier est,2025-11-03 15:52:31
1818261406656966993,2024-07-30 14:24:35 +02:00,Bekayedecross,"@free @Freebox @freemobile \nLes plus gros voleurs de France, pas de réseau du 24/04 au 05/05 je décide de changer d’opérateur et bloque les prelevements. Free me suspend mes services le 06/06 et la on me demande de payer les factures de Juin et Juillet, affolant.",nles plus gros voleurs de france pas de réseau du 2404 au 0505 je décide de changer dopérateur et bloque les prelevements free me suspend mes services le 0606 et la on me demande de payer les factures de juin et juillet affolant,2025-11-03 15:52:31
1818273022035501128,2024-07-30 15:10:44 +02:00,ARomain2,Je me fais déconnecter entre chaque partie. Y en a marre. À qui je dois me plaindre ? @FallGuysGame ? @NintendoFrance ? @Freebox ? https://t.co/pVJtD6TNBw,je me fais déconnecter entre chaque partie y en a marre à qui je dois me plaindre,2025-11-03 15:52:31
1818283319374831830,2024-07-30 15:51:40 +02:00,LVKRTL,"C’est bien beau de faire les malins sur les réseaux et ailleurs @free mais quand il s’agit d’effectuer une simple intervention à domicile,  il n’y a plus personne. La médaille d’or de l’incompétence !",cest bien beau de faire les malins sur les réseaux et ailleurs mais quand il sagit deffectuer une simple intervention à domicile il ny a plus personne la médaille dor de lincompétence,2025-11-03 15:52:31
1818293093457596917,2024-07-30 16:30:30 +02:00,Lionelcemoi,"Bientôt 3 semaines sans internet! Merci @free @Freebox \n\nQuand tu les contactes, leur seule réponse est : ""un conseiller vous rappelle dans l’heure."" C'est toujours la même chose tous les jours.\nJamais de rappel !",bientôt 3 semaines sans internet merci nnquand tu les contactes leur seule réponse est un conseiller vous rappelle dans lheure cest toujours la même chose tous les joursnjamais de rappel,2025-11-03 15:52:31
1818338787778302036,2024-07-30 19:32:04 +02:00,Breizhonig,"@Freebox \n\nBonjour ,\nPlus de tv sur la Freebox ?",nnbonjour nplus de tv sur la freebox,2025-11-03 15:52:31
1818351287479812104,2024-07-30 20:21:44 +02:00,SebCycO,@Freebox \nEncore des problèmes de TV dans le 27150.\nSabotage ?,nencore des problèmes de tv dans le 27150nsabotage,2025-11-03 15:52:31
1818381138483655164,2024-07-30 22:20:21 +02:00,cedric_cuny_,@free @Free_1337 des incidents à déplorer à Strasbourg ? Y’a rien qui fonctionne là !,des incidents à déplorer à strasbourg ya rien qui fonctionne là,2025-11-03 15:52:31
1818417066224890270,2024-07-31 00:43:07 +02:00,ateezofsan,je vais tout casser dans vos locaux c’est bon @freebox @free je suis triste à 00h43 et vous me laissez même pas un peu de wifi ou de réseau vous cherchez quoi,je vais tout casser dans vos locaux cest bon je suis triste à 00h43 et vous me laissez même pas un peu de wifi ou de réseau vous cherchez quoi,2025-11-03 15:52:31
1818431062747267143,2024-07-31 01:38:44 +02:00,cTecca_2,Ma #freebox qui est bloqué a l’étape 6 frr ???? @free @Freebox faites quelque chose svp,ma qui est bloqué a létape 6 frr faites quelque chose svp,2025-11-03 15:52:31
1818540553560109056,2024-07-31 08:53:49 +02:00,ze_portenawak,Et 3 mois après ma #freebox #delta de @free affiche étape 2.... Plus d'internet à nouveau. \nVraiment vous êtes au top @Free_CentreVDL,et 3 mois après ma de affiche étape 2 plus dinternet à nouveau nvraiment vous êtes au top,2025-11-03 15:52:31
1818558550739722745,2024-07-31 10:05:20 +02:00,KNouvel,"Merci @free pour votre non-installation de la fibre depuis le 8 juillet. Votre technicien est venu, m’a indiqué qu’il valait mieux profiter de l’installation de la fibre que de refaire l’installation pour l’ADSL.",merci pour votre noninstallation de la fibre depuis le 8 juillet votre technicien est venu ma indiqué quil valait mieux profiter de linstallation de la fibre que de refaire linstallation pour ladsl,2025-11-03 15:52:31
1818565437619163596,2024-07-31 10:32:42 +02:00,BloatedBumbleB,@Freebox Des nouvelles de votre panne Internet ? je n'ai reçu aucune réponse du service client. Internet n'est pas disponible dans ma région,des nouvelles de votre panne internet je nai reçu aucune réponse du service client internet nest pas disponible dans ma région,2025-11-03 15:52:31
1818568407412772999,2024-07-31 10:44:30 +02:00,MarcEmmanuelS,"Bonjour @free ,\nCela fait partie de vos methodes de facturer des equipements non recus?\nMon fils s'est fait facturer 190€ pour une box qui n'a jamais ete installee. Il a d'ailleurs annule sont abonnement pour cette raison.",bonjour ncela fait partie de vos methodes de facturer des equipements non recusnmon fils sest fait facturer 190 pour une box qui na jamais ete installee il a dailleurs annule sont abonnement pour cette raison,2025-11-03 15:52:31
1818572502089531586,2024-07-31 11:00:46 +02:00,SPhilou98,"@Freebox bonjour free. Je me permets de vous écrire ici car je n’ai pas de retour sur l’assistance Freebox, sur l’espace client. Je n’ai plus internet depuis hier soir",bonjour free je me permets de vous écrire ici car je nai pas de retour sur lassistance freebox sur lespace client je nai plus internet depuis hier soir,2025-11-03 15:52:31
1818573586317123890,2024-07-31 11:05:05 +02:00,erwan9452,@Freebox @Xavier75 vous pouvez pas vous empêcher de me donner des informations contradictoires entre le 26/07 et le 31/07 ? https://t.co/9CfIoOIOdO,vous pouvez pas vous empêcher de me donner des informations contradictoires entre le 2607 et le 3107,2025-11-03 15:52:31
1818644615789973685,2024-07-31 15:47:19 +02:00,djamal_qamar,"@Freebox vous êtes des incompétents, 15 ans chez vous et même pas capable de trouver une solution pour me faire basculer sur la freebox Lite je m’en vais chez bouygue",vous êtes des incompétents 15 ans chez vous et même pas capable de trouver une solution pour me faire basculer sur la freebox lite je men vais chez bouygue,2025-11-03 15:52:31
1818653296938086882,2024-07-31 16:21:49 +02:00,Deftron,"@free vous me devez 190€ pour du matériel dont je j’ai jamais pris possession, vos conseillers téléphoniques me donnent des réponses aléatoires, parfois on ne peut rien faire parfois on vous rembourse dans les 30 jours parfois dans les 10 jours",vous me devez 190 pour du matériel dont je jai jamais pris possession vos conseillers téléphoniques me donnent des réponses aléatoires parfois on ne peut rien faire parfois on vous rembourse dans les 30 jours parfois dans les 10 jours,2025-11-03 15:52:31
1818686617780916592,2024-07-31 18:34:13 +02:00,madeirense_7,"@free bonjour, à qui faut il s’adresser pour demandé la Freebox pop avec le wifi 7 ?",bonjour à qui faut il sadresser pour demandé la freebox pop avec le wifi 7,2025-11-03 15:52:31
1818693379481341991,2024-07-31 19:01:06 +02:00,WillbrushD,Expérience de déménagement de fibre chez @free. Tu fais ta demande 15 jours avant la date. Il coupe ta ligne deux jours après. Et le jour du déménagement ta ligne n’a pas de signale. Merci free c’est super votre service,expérience de déménagement de fibre chez tu fais ta demande 15 jours avant la date il coupe ta ligne deux jours après et le jour du déménagement ta ligne na pas de signale merci free cest super votre service,2025-11-03 15:52:31
1818731434741280952,2024-07-31 21:32:19 +02:00,MHeuripeau,@Freebox plus possible de contacter la hotline après 21? C’est quoi ce bazard?,plus possible de contacter la hotline après 21 cest quoi ce bazard,2025-11-03 15:52:31
1818760607899730129,2024-07-31 23:28:14 +02:00,meteorPegase,Le plus grand compte tweeter merci @free @Xavier75 si je me fais bannir Valorant c’est de votre faute je veux un dédommagement,le plus grand compte tweeter merci si je me fais bannir valorant cest de votre faute je veux un dédommagement,2025-11-03 15:52:31
1818882482080567620,2024-08-01 07:32:31 +02:00,Lionel_Girbas,"Bonjour @free @Freebox \nMes applications Freebox home et Freebox n’arrivent plus à se connecter à ma box. Alors que Freebox files et Connect oui. \nJ’ai tout redémarré, fais les màj mais ça ne fonctionne toujours pas. https://t.co/JtKDMbbQAc",bonjour nmes applications freebox home et freebox narrivent plus à se connecter à ma box alors que freebox files et connect oui njai tout redémarré fais les màj mais ça ne fonctionne toujours pas,2025-11-03 15:52:31
1818891669988597866,2024-08-01 08:09:02 +02:00,Guyom_P,@Free_1337 une petite com sur l’incident en cours secteur Strasbourg Ouest? Encore des fibres coupés par un des nombreux chantiers de voiries? Étape 2 sur Freebox chez plusieurs clients ce matin. @free,une petite com sur lincident en cours secteur strasbourg ouest encore des fibres coupés par un des nombreux chantiers de voiries étape 2 sur freebox chez plusieurs clients ce matin,2025-11-03 15:52:31
1818905168710119602,2024-08-01 09:02:40 +02:00,nantutu87,"@Xavier75 Un technicien incompétent s'amuse a venir décâblé ma Ligne DANS MON DOMICILE après que j'ai fait une réclamation pour faute professionnel suite à une intervention à mon domicile. \nSois vous me régler le problème,sois je fait ébruiter cette affaire !!! @Freebox  @free",un technicien incompétent samuse a venir décâblé ma ligne dans mon domicile après que jai fait une réclamation pour faute professionnel suite à une intervention à mon domicile nsois vous me régler le problèmesois je fait ébruiter cette affaire,2025-11-03 15:52:31
1818935843463029100,2024-08-01 11:04:33 +02:00,So_chou_ette,@Freebox pourquoi la freebox saute autant depuis quelques jours?!,pourquoi la freebox saute autant depuis quelques jours,2025-11-03 15:52:31
1818946255487222019,2024-08-01 11:45:56 +02:00,leabtvls,@free votre réseau il a un gros souci à déconner tout les mois,votre réseau il a un gros souci à déconner tout les mois,2025-11-03 15:52:31
1818952374494413077,2024-08-01 12:10:15 +02:00,calinox,@free Bonjour ! J’aimerais savoir comment faire pour vous joindre en tant qu’ex client quand on n’a plus d’identifiant mais vous prélevez les 30 euros après la résiliation ?\nJe vous remercie de m’aider à résoudre ça!,bonjour jaimerais savoir comment faire pour vous joindre en tant quex client quand on na plus didentifiant mais vous prélevez les 30 euros après la résiliation nje vous remercie de maider à résoudre ça,2025-11-03 15:52:31
1818959862870478914,2024-08-01 12:40:00 +02:00,Fanny6029,@Freebox et pour la rupture de service à Levallois-Perret nous avons une chance d'avoir une information ? Merci par avance,et pour la rupture de service à levalloisperret nous avons une chance davoir une information merci par avance,2025-11-03 15:52:31
1818963977608536096,2024-08-01 12:56:21 +02:00,Mourakami,"@Xavier75 @free pouvez vous faire le nécessaire auprès de free proxy 93210 pour réduire les délais d'intervention, on m'annonce un rdv dans 10 jours pour rétablir une ligne écrasée, inacceptable surtout que free était au courant depuis un mois",pouvez vous faire le nécessaire auprès de free proxy 93210 pour réduire les délais dintervention on mannonce un rdv dans 10 jours pour rétablir une ligne écrasée inacceptable surtout que free était au courant depuis un mois,2025-11-03 15:52:31
1818984515286569400,2024-08-01 14:17:58 +02:00,Johanenko,"Coucou @free, ça serait sympa un peu de couverture réseau en Côte d'Armor dans le futur, on enchaine les zones blanches ici 😅",coucou ça serait sympa un peu de couverture réseau en côte darmor dans le futur on enchaine les zones blanches ici,2025-11-03 15:52:31
1818994771634876551,2024-08-01 14:58:43 +02:00,dc_57,@Free_1337 a quand la présence de @free sur le réseau fibre de @Resoptic sur la commune de Richemont (57) ?,a quand la présence de sur le réseau fibre de sur la commune de richemont 57,2025-11-03 15:52:31
1819026398473785809,2024-08-01 17:04:23 +02:00,Europe57,"Vous êtes tous en vacances @free @Freebox ? Y a-t-il encore un signe de vie chez Free ? 😢 3h que j'ai envoyé un message sur Messenger, allô ?? 😂",vous êtes tous en vacances y atil encore un signe de vie chez free 3h que jai envoyé un message sur messenger allô,2025-11-03 15:52:31
1819036113257869678,2024-08-01 17:43:00 +02:00,AlawyOnSecurity,"@free I have a question regarding setting up OpenVPN on home router FreeBox! I can connect to the VPN, but the public IP address is not that of the FreeBox! What am I missing?",i have a question regarding setting up openvpn on home router freebox i can connect to the vpn but the public ip address is not that of the freebox what am i missing,2025-11-03 15:52:31
1819051067176329614,2024-08-01 18:42:25 +02:00,naia_chvn,@free vous êtes nul pour fidéliser vos clients. \n\nJe paye 30€ actuellement mais pcq je déménage je dois payer 40€ par mois et aucun geste commercial? \n\nMinable !,vous êtes nul pour fidéliser vos clients nnje paye 30 actuellement mais pcq je déménage je dois payer 40 par mois et aucun geste commercial nnminable,2025-11-03 15:52:31
1819055658374770844,2024-08-01 19:00:40 +02:00,HobbesCS2,@free vous pissez sur les serveurs depuis ce matin ou quoi?,vous pissez sur les serveurs depuis ce matin ou quoi,2025-11-03 15:52:31
1819290496390357264,2024-08-02 10:33:49 +02:00,JumpmanFR,"Dites @free, c’est bientôt fini votre cinéma avec les pages perso ?",dites cest bientôt fini votre cinéma avec les pages perso,2025-11-03 15:52:31
1819291115352129810,2024-08-02 10:36:17 +02:00,gxlmo,"@Freebox @Free_1337 Un ami chez vous n'a plus internet depuis deux semaines. Votre service client indique un changement de matériel niveau opérateur, depuis DEUX SEMAINES ? A 500m, même opérateur, internet OK. NRO OK. Signalement arcep effectué. Secteur Saint Jory (31)",un ami chez vous na plus internet depuis deux semaines votre service client indique un changement de matériel niveau opérateur depuis deux semaines a 500m même opérateur internet ok nro ok signalement arcep effectué secteur saint jory 31,2025-11-03 15:52:31
1819354667974848921,2024-08-02 14:48:49 +02:00,doyouseeacar,@free @Freebox normal que ma fille de 6 ans puisse réactiver un abonnement @NetflixFR sur la Freebox sans qu’on lui demande un code personnel pour valider le paiement?  aucune possibilité de demander un remboursement malgré l’annulation ?,normal que ma fille de 6 ans puisse réactiver un abonnement sur la freebox sans quon lui demande un code personnel pour valider le paiement aucune possibilité de demander un remboursement malgré lannulation,2025-11-03 15:52:31
1819361755325165668,2024-08-02 15:16:59 +02:00,nanabreizh1,"@free bonjour, \nJ’attends de vos nouvelles depuis 10/07/24. J’ai déposé votre matériel le 13/07/24 et aucune nouvelle de vous. \nPouvez-vous m’informer de la suite de mon dossier ?\nMerci",bonjour njattends de vos nouvelles depuis 100724 jai déposé votre matériel le 130724 et aucune nouvelle de vous npouvezvous minformer de la suite de mon dossier nmerci,2025-11-03 15:52:31
1819363563472920915,2024-08-02 15:24:10 +02:00,Fell_Apart,@free bloqué à l'étape 2 sur ma freebox depuis l'orage à strasbourg la..,bloqué à létape 2 sur ma freebox depuis lorage à strasbourg la,2025-11-03 15:52:31
1819430223273762851,2024-08-02 19:49:03 +02:00,AlexiaMarmont,"@free on en parle de vos coupures systématiques tous les week end ?  Et si on se plaind trop, même plus vous répondez, juste vous encaissez votre forfait...",on en parle de vos coupures systématiques tous les week end et si on se plaind trop même plus vous répondez juste vous encaissez votre forfait,2025-11-03 15:52:31
1819447123982885148,2024-08-02 20:56:12 +02:00,ilannman,"Putain @free votre réseau il est éclaté, j’ai loupé la finale de Leon Marchand!!!!",putain votre réseau il est éclaté jai loupé la finale de leon marchand,2025-11-03 15:52:31
1819657459910258824,2024-08-03 10:52:00 +02:00,Prof2phys,"@free toujours un plaisir de contacter l’assistance free @Freebox (non), 1h 30 après les avoir contactés toujours pas de réponse. https://t.co/BA7yitku2F",toujours un plaisir de contacter lassistance free non 1h 30 après les avoir contactés toujours pas de réponse,2025-11-03 15:52:31
1819664834163535932,2024-08-03 11:21:18 +02:00,Ayle_Vermillion,"@free @Xavier75 Nous sommes clients depuis près de 20 ans chez Free et nous rencontrons un problème au niveau d'un payement de facture mais personne au support n'est capable de nous répondre sur le problème et nous demande de payer sans plus d'information, c'est du vol...",nous sommes clients depuis près de 20 ans chez free et nous rencontrons un problème au niveau dun payement de facture mais personne au support nest capable de nous répondre sur le problème et nous demande de payer sans plus dinformation cest du vol,2025-11-03 15:52:31
1819679542849442283,2024-08-03 12:19:45 +02:00,mysiats,@Freebox Comment un free proxi conseiller Mathieu n'est pas présent pour prendre les doléances ??? qui paie ce garçon irrespectueux ! on avait pris rdv aujourd'hui on apprend pas de rdv ? bravo on essaie de reprendre rdv impossible et ce Mathieu arrogant ! nous partons de free,comment un free proxi conseiller mathieu nest pas présent pour prendre les doléances qui paie ce garçon irrespectueux on avait pris rdv aujourdhui on apprend pas de rdv bravo on essaie de reprendre rdv impossible et ce mathieu arrogant nous partons de free,2025-11-03 15:52:31
1819692548555681820,2024-08-03 13:11:26 +02:00,ItsNarow,"@Free_1337 @free @TPLINK @TPLINKHelp Pour régler un problème de porté du répéteur pour la freebox pop j'ai installé un extendeur de chez TpLink, mais malgré cela il clignote toujours rouge. Est-ce que vous pouvez m'aider avec cela s'il vous plaît ?",pour régler un problème de porté du répéteur pour la freebox pop jai installé un extendeur de chez tplink mais malgré cela il clignote toujours rouge estce que vous pouvez maider avec cela sil vous plaît,2025-11-03 15:52:31
1819724105207189867,2024-08-03 15:16:50 +02:00,DaFirenze93,@free aucun internet vous cassez la tête les seules vacances que j’ai et j’peux pas en profiter mon ps+ va finir dans 2 semaines j’aurai même pas pu en profiter,aucun internet vous cassez la tête les seules vacances que jai et jpeux pas en profiter mon ps va finir dans 2 semaines jaurai même pas pu en profiter,2025-11-03 15:52:31
1819758849508688380,2024-08-03 17:34:53 +02:00,aztral_qlf,@Freebox Bonjour il y a t il des nouvelles pour l’arrivée de la chaîne canal + en live avec l’apple TV avec la freebox ultra ?,bonjour il y a t il des nouvelles pour larrivée de la chaîne canal en live avec lapple tv avec la freebox ultra,2025-11-03 15:52:31
1819764919086059557,2024-08-03 17:59:00 +02:00,Jakadi15,"Bonjour @Xavier75 , que faut-il faire pour avoir une personne de chez @free au téléphone ?",bonjour que fautil faire pour avoir une personne de chez au téléphone,2025-11-03 15:52:31
1819790591968124946,2024-08-03 19:41:01 +02:00,erikastaff,"Hey @free @Freebox ca se passe comment pour un remboursement suite à un ecrasement à tord ?\nJ'ai fait une demande depuis l'assistance freebox debut Mai 2024, et a ce jour aucun remboursement. https://t.co/eUo2akJLcR",hey ca se passe comment pour un remboursement suite à un ecrasement à tord njai fait une demande depuis lassistance freebox debut mai 2024 et a ce jour aucun remboursement,2025-11-03 15:52:31
1819886461128228889,2024-08-04 02:01:58 +02:00,RemiEnEnerver,@free Pitié quand vous dite que les travaux sont fini ils faut pas mentir comme ca je peux même pas jouer a cs 100 de ping constant a 2h du mat\nc'est une folie j'en est trop marre ca marche jamais votre truc la,pitié quand vous dite que les travaux sont fini ils faut pas mentir comme ca je peux même pas jouer a cs 100 de ping constant a 2h du matncest une folie jen est trop marre ca marche jamais votre truc la,2025-11-03 15:52:31
1820081522755379559,2024-08-04 14:57:05 +02:00,Anthony76710,"@Freebox raccordement de la fibre réalisé le 29 juillet à mon domicile, mais non fonctionnelle car la fibre free n’est pas encore raccordée à l’armoire principale ! Dans ce cas, pourquoi rendre la ligne éligible ? Est-ce une façon de faire pour maintenir les clients ??",raccordement de la fibre réalisé le 29 juillet à mon domicile mais non fonctionnelle car la fibre free nest pas encore raccordée à larmoire principale dans ce cas pourquoi rendre la ligne éligible estce une façon de faire pour maintenir les clients,2025-11-03 15:52:31
1820205618659303432,2024-08-04 23:10:11 +02:00,KuroKawo7,@Freebox Bonjour je voulais savoir pourquoi depuis quelques semaines le réseau free ne fonctionne pas correctement ? Je suis sous 4G et personne avec sa bug. J’essaye de vous joindre mais rien.,bonjour je voulais savoir pourquoi depuis quelques semaines le réseau free ne fonctionne pas correctement je suis sous 4g et personne avec sa bug jessaye de vous joindre mais rien,2025-11-03 15:52:31
1820217913829118017,2024-08-04 23:59:03 +02:00,SherazDbaa,@Freebox pk Freebox ne marche jamais!!!!!! Incroyable !!! 45€ un abonnement dans le vent,pk freebox ne marche jamais incroyable 45 un abonnement dans le vent,2025-11-03 15:52:31
1820333397006315877,2024-08-05 07:37:56 +02:00,d2risto,bonjour @free @Freebox il y a toujours un bug sur le serveur SMTP https://t.co/vLGsDmqt8k,bonjour il y a toujours un bug sur le serveur smtp,2025-11-03 15:52:31
1820378282233082205,2024-08-05 10:36:18 +02:00,FanchonF,Il est là ‼️\n\nputain !\nIls t’envoient N’IMPORTE QUI \net le gonze \nExprès je ne rouvre pas la porte pour accueillir des gens civilisés\nIL TIRE LA POIGNÉE!\n“Vous cherchiez à ouvrir?! Vous avez raison”\n@Freebox c’est un scandale d’envoyer des balourds comme ça !,il est là nnputain nils tenvoient nimporte qui net le gonze nexprès je ne rouvre pas la porte pour accueillir des gens civilisésnil tire la poignéenvous cherchiez à ouvrir vous avez raisonn cest un scandale denvoyer des balourds comme ça,2025-11-03 15:52:31
1820395210930622474,2024-08-05 11:43:34 +02:00,LANAERYAN1,"Svp @free laissez moi résilier ma box wifi ,j’vais tout casser",svp laissez moi résilier ma box wifi jvais tout casser,2025-11-03 15:52:31
1820422500687433835,2024-08-05 13:32:00 +02:00,Captn3m01,@Freebox une panne sur le réseau fibre de Sales 74150 ?,une panne sur le réseau fibre de sales 74150,2025-11-03 15:52:31
1820439233401663491,2024-08-05 14:38:30 +02:00,Teuchibre,"Je viens de sub chez une petite streameuse, sah elle est peu prête pour le pseudo du compte https://t.co/gd1hIWTJts",je viens de sub chez une petite streameuse sah elle est peu prête pour le pseudo du compte,2025-11-03 15:52:31
1820442461736440235,2024-08-05 14:51:19 +02:00,SoJanuel,".\n@Freebox bonjour, impossible de finaliser la « validation  déménagement » , err url  : https://t.co/sevs4uDUgx….cgv_02.pl \nHelp ! \n😬",n bonjour impossible de finaliser la validation déménagement err url nhelp n,2025-11-03 15:52:31
1820464290434076947,2024-08-05 16:18:04 +02:00,FredoProKill,"@free @Freebox Bien le bonjour à vous, j'aurai besoin de vous pour un arrangement ont ne peut plus important pour moi, je peu vous avoir dans mes DM, s'il vous plait ?",bien le bonjour à vous jaurai besoin de vous pour un arrangement ont ne peut plus important pour moi je peu vous avoir dans mes dm sil vous plait,2025-11-03 15:52:31
1820468182639083602,2024-08-05 16:33:32 +02:00,pilita178,@free Bonjour pouvez-vous me dire combien de temps ça va prendre pour rétablir Internet je suis Bouillargues dans le Gard et cela fait plusieurs jours que cela dure. D’autre part j’espère une déduction totale de ma facture du cet incident.,bonjour pouvezvous me dire combien de temps ça va prendre pour rétablir internet je suis bouillargues dans le gard et cela fait plusieurs jours que cela dure dautre part jespère une déduction totale de ma facture du cet incident,2025-11-03 15:52:31
1820472535709782283,2024-08-05 16:50:49 +02:00,fabiodonato13,"@Freebox bonjour, m absence de réseau sur ma Freebox à Carantec (29) depuis 2j, le site ne donne aucune mise à jour d’assistance depuis la nuit de samedi à dimanche, sans adsl ni téléphone (4/5g inopérant dans le quartier), quand pourrais je avoir des nouvelles ? Merci.",bonjour m absence de réseau sur ma freebox à carantec 29 depuis 2j le site ne donne aucune mise à jour dassistance depuis la nuit de samedi à dimanche sans adsl ni téléphone 45g inopérant dans le quartier quand pourrais je avoir des nouvelles merci,2025-11-03 15:52:31
1820499191673827520,2024-08-05 18:36:45 +02:00,T4chiB,@free vous avez été saboté il y a plus d'une semaine et il n'y a toujours pas de réseau... Y'aurait-il moyen d'avoir plus d'infos sur l'avancée des réparations ?,vous avez été saboté il y a plus dune semaine et il ny a toujours pas de réseau yauraitil moyen davoir plus dinfos sur lavancée des réparations,2025-11-03 15:52:31
1820504301892252102,2024-08-05 18:57:03 +02:00,Wolfalco825,"Bon @free pourquoi votre email bug comme ça? Je reçois aucun mail et à cause de vous je peux pas récupérer mon compte Microsoft pour jouer à Minecraft avec les copains, rendez moi mon Minecraft 😔🙏",bon pourquoi votre email bug comme ça je reçois aucun mail et à cause de vous je peux pas récupérer mon compte microsoft pour jouer à minecraft avec les copains rendez moi mon minecraft,2025-11-03 15:52:31
1820525583165776261,2024-08-05 20:21:37 +02:00,lasticot59,"@Freebox bonjour,comment est-ce possible d’avoir un conseiller compétent et poli chez vous ?",bonjourcomment estce possible davoir un conseiller compétent et poli chez vous,2025-11-03 15:52:31
1820528293768024466,2024-08-05 20:32:23 +02:00,NedxMacBethx,"@Freebox Super le service clientèle : tu appelles, mais comme il y a trop d'attente, ça te raccroche au pif. BREF donc je n'ai pas internet, je ne peux joindre personne pour une inter' &amp; je paye oklm. J'ai free mais j'ai pas tout compris 😤🤬",super le service clientèle tu appelles mais comme il y a trop dattente ça te raccroche au pif bref donc je nai pas internet je ne peux joindre personne pour une inter amp je paye oklm jai free mais jai pas tout compris,2025-11-03 15:52:31
1820532642342924617,2024-08-05 20:49:40 +02:00,kate31400560,"@free Déménagement anticipé, prise de RDV effectué et 10 jours plus tard aucune connexion. Geste commercial de Free : 0, aucune proposition d’accès via une clé 4G. Des RDV non honorés, …. \nSeule proposition : augmenter mes forfaits . Ce qui ne va pas résoudre mon problème 🤬",déménagement anticipé prise de rdv effectué et 10 jours plus tard aucune connexion geste commercial de free 0 aucune proposition daccès via une clé 4g des rdv non honorés nseule proposition augmenter mes forfaits ce qui ne va pas résoudre mon problème,2025-11-03 15:52:31
1820541184357597187,2024-08-05 21:23:37 +02:00,yazh0g_,OH @free vous jouez à quoi j'ai pas de co même SFR n'auraient pas osés laisser un client sans co pendant 2 jours,oh vous jouez à quoi jai pas de co même sfr nauraient pas osés laisser un client sans co pendant 2 jours,2025-11-03 15:52:31
1820546831815967181,2024-08-05 21:46:03 +02:00,Fuuumbleee,"Plusieurs années, peu de soucis avec ma @Free_1337 pop dans une zone dense et temps d'intervention super rapide, je déménage dans une zone plus rurale et inversement de la situation... Plusieurs coupures totales de services @freebox fibre Ultra en a peine 4 mois 🤬",plusieurs années peu de soucis avec ma pop dans une zone dense et temps dintervention super rapide je déménage dans une zone plus rurale et inversement de la situation plusieurs coupures totales de services fibre ultra en a peine 4 mois,2025-11-03 15:52:31
1820570375295754608,2024-08-05 23:19:36 +02:00,lorierangers,"@free Bonsoir @free , je vous contacte car on a problème avec la box on est obligé de la redémarrer souvent car à un moment on a plus d'image et de son et c'est la deuxième fois que l'on nous l'a change et c'est toujours les premières box que l'on a.",bonsoir je vous contacte car on a problème avec la box on est obligé de la redémarrer souvent car à un moment on a plus dimage et de son et cest la deuxième fois que lon nous la change et cest toujours les premières box que lon a,2025-11-03 15:52:31
1820750686075711505,2024-08-06 11:16:06 +02:00,IamNess1104,@free @Freebox ça vous dérange pas de faire payer un abonnement alors que depuis 5 jours je n'ai pas d'internet ni box j'appelle tous les jours on ouvre des tickets mais aucune intervention n'est possible ? Je suis en télétravail je ne peux pas bosser ! HONTEUX,ça vous dérange pas de faire payer un abonnement alors que depuis 5 jours je nai pas dinternet ni box jappelle tous les jours on ouvre des tickets mais aucune intervention nest possible je suis en télétravail je ne peux pas bosser honteux,2025-11-03 15:52:31
1820755882143007190,2024-08-06 11:36:44 +02:00,nomorewishing,"Chez @free, les techniciens n'ont pas tout compris. Par exemple ce que veut dire entre 9h et 11h.",chez les techniciens nont pas tout compris par exemple ce que veut dire entre 9h et 11h,2025-11-03 15:52:31
1820762893505171855,2024-08-06 12:04:36 +02:00,s6ep10,@Freebox y’a moyen d’avoir une réponse un jour ou quoi ? Bande d’incapable,ya moyen davoir une réponse un jour ou quoi bande dincapable,2025-11-03 15:52:31
1820771039401382283,2024-08-06 12:36:58 +02:00,furneth,"Bon la commu,  pas de stream pour le moment.  J'ai déménagé mais le technicien de la fibre est venu mais il n'a pas réussi à mettre la fibre... J'essaie de contacter @Free pour ma @Freebox  mais je n'arrive pas à  les joindre... Je ne sais pas quand je vais réussir 🥲",bon la commu pas de stream pour le moment jai déménagé mais le technicien de la fibre est venu mais il na pas réussi à mettre la fibre jessaie de contacter pour ma mais je narrive pas à les joindre je ne sais pas quand je vais réussir,2025-11-03 15:52:31
1820827584025780697,2024-08-06 16:21:40 +02:00,MickGuti,"Ça fait plus de 2 ans que j'attends la fibre @free. Je me disais qu'en attendant, ils amélioreraient l'agrégation 4G... mais non, c'est toujours aussi mauvais ! Vous êtes en vacances pour le déploiement du réseau ? @Free_1337 @Freebox #Freebox #Freebre https://t.co/oRUwi1OAVH",ça fait plus de 2 ans que jattends la fibre je me disais quen attendant ils amélioreraient lagrégation 4g mais non cest toujours aussi mauvais vous êtes en vacances pour le déploiement du réseau,2025-11-03 15:52:31
1820841807363588115,2024-08-06 17:18:11 +02:00,canabalmaria,Bonjour @Freebox impossible d’avoir mon numéro IFC afin de connecter un abonnement @canalplus (pas Free). Vos techniciens me promènent depuis 2 jours ! La dernière ? « Donnez votre identifiant et votre code d’accès à @canal ».  Vous marchez sur la tête ? #fail,bonjour impossible davoir mon numéro ifc afin de connecter un abonnement pas free vos techniciens me promènent depuis 2 jours la dernière donnez votre identifiant et votre code daccès à vous marchez sur la tête,2025-11-03 15:52:31
1820842428653302191,2024-08-06 17:20:39 +02:00,lionel_trouve,@Freebox bonjour. Je ne peux accéder à mon compte en contactant le 3244 et n’ai plus de connexion. Est-ce possible d’avoir un numéro noir et un humain svp ? Merci,bonjour je ne peux accéder à mon compte en contactant le 3244 et nai plus de connexion estce possible davoir un numéro noir et un humain svp merci,2025-11-03 15:52:31
1820875839392845865,2024-08-06 19:33:25 +02:00,JesuisLudgui,"@free \nBonjour,\n\nSi vous n'êtes pas capable d'avoir un vrai service d'assistance qui règle les problèmes de vos clients, il faut le dire .\nPlus de 15 appels, un problème qui dure depuis 1 mois et on me rabâche toujours la même chose quand je vous appel.",nbonjournnsi vous nêtes pas capable davoir un vrai service dassistance qui règle les problèmes de vos clients il faut le dire nplus de 15 appels un problème qui dure depuis 1 mois et on me rabâche toujours la même chose quand je vous appel,2025-11-03 15:52:31
1820881621761061233,2024-08-06 19:56:23 +02:00,_guyevans,"Est-ce normal que c'est quasi impossible de resilier l'option ""CanalSeries"". @free et @canalplus se renvoyent la balle. En attendent je me fait prelever 10 € par mois",estce normal que cest quasi impossible de resilier loption canalseries et se renvoyent la balle en attendent je me fait prelever 10 par mois,2025-11-03 15:52:31
1820905057367257397,2024-08-06 21:29:31 +02:00,Zuko9772,Ceux qui ont MyCanal demain soir vous pourrez voir le match sur DAZN gratuitement 😊\n#ASSE https://t.co/aPEw0EFtg4,ceux qui ont mycanal demain soir vous pourrez voir le match sur dazn gratuitement n,2025-11-03 15:52:31
1820925842882441261,2024-08-06 22:52:06 +02:00,V1TKENT,@free on peut en parler ? je suis censé avoir la fibre \n..... sans déconner des semaines que ça dure https://t.co/XvWWYImtNd,on peut en parler je suis censé avoir la fibre n sans déconner des semaines que ça dure,2025-11-03 15:52:31
1820976348183327141,2024-08-07 02:12:48 +02:00,Flavie__wg,"@free ça va les pannes ont vous dérange pas ? Soit disant vous avez la meilleure connexion internet, et mon cul c’est du poulet. J’aurais du aller chez orange",ça va les pannes ont vous dérange pas soit disant vous avez la meilleure connexion internet et mon cul cest du poulet jaurais du aller chez orange,2025-11-03 15:52:31
1821124335051915542,2024-08-07 12:00:50 +02:00,cloudyxiv_,"@Freebox c'est possible d'avoir un réseau qui fonctionne ? la dernière fois que ma box est restée bloquée je n'ai pas eu de wifi pendant un mois, ça as été réparé ya deux mois seulement et ça recommence ? 35 euros pour ça ?",cest possible davoir un réseau qui fonctionne la dernière fois que ma box est restée bloquée je nai pas eu de wifi pendant un mois ça as été réparé ya deux mois seulement et ça recommence 35 euros pour ça,2025-11-03 15:52:31
1821131708420268501,2024-08-07 12:30:08 +02:00,axyliss,"@free c'est en option après une coupure de remettre la connexion normal ou c'est comment ? Je suis en fibre normalement, j'ai plus l'impression d'être en ADSL là https://t.co/1aOH4Jtoe1",cest en option après une coupure de remettre la connexion normal ou cest comment je suis en fibre normalement jai plus limpression dêtre en adsl là,2025-11-03 15:52:31
1821151887808151592,2024-08-07 13:50:20 +02:00,Meteor35000,"@Freebox Bonjour, sur mon player j'ai actualisé mes droits mais je ne vois toujours pas les programmes des chaînes 109 à 112 malgré mon abonnement à celles-ci. Par contre, j'ai bien les chaînes canal + . Pouvez-vous m'aider ?",bonjour sur mon player jai actualisé mes droits mais je ne vois toujours pas les programmes des chaînes 109 à 112 malgré mon abonnement à cellesci par contre jai bien les chaînes canal pouvezvous maider,2025-11-03 15:52:31
1821185835057967445,2024-08-07 16:05:13 +02:00,JackMLantern,"Bonjour @free. Un technicien est passé début de semaine, n’a pas réussi à raccorder la fibre et est reparti sans être capable de me dire quelle sera la prochaine étape ? Pourriez vous m’éclairer sur la suite ?",bonjour un technicien est passé début de semaine na pas réussi à raccorder la fibre et est reparti sans être capable de me dire quelle sera la prochaine étape pourriez vous méclairer sur la suite,2025-11-03 15:52:31
1821219930940784804,2024-08-07 18:20:42 +02:00,DiocanP83415,@free vous pouvez arrêter de m'envoyer des messages de retourner votre équipement ? Est déjà arrivé chez vous le  02/08. Vous l'avez reçu est signé ma lettre recommandée. Arrêtez !,vous pouvez arrêter de menvoyer des messages de retourner votre équipement est déjà arrivé chez vous le 0208 vous lavez reçu est signé ma lettre recommandée arrêtez,2025-11-03 15:52:31
1821225408609550654,2024-08-07 18:42:28 +02:00,albondu,"@Freebox vous êtes le pire service que le monde n'ai jamais porté, toutes catégories confondues. Honte à moi d'être client chez vous et d'être un tel pigeon. Client Freebox delta depuis belle lurette, payer un abonnement à ce prix pour être traité comme un débile c'est top.",vous êtes le pire service que le monde nai jamais porté toutes catégories confondues honte à moi dêtre client chez vous et dêtre un tel pigeon client freebox delta depuis belle lurette payer un abonnement à ce prix pour être traité comme un débile cest top,2025-11-03 15:52:31
1821241811127685558,2024-08-07 19:47:39 +02:00,DanchesiJ,"@Freebox Mon amie à renvoyé la Freebox qui à été réceptionné le 11/07/2024 au site de retour pour supprimer son abonnement. Et Free continu de faire des prélèvements.  Va falloir que cela bouge, car cela devient insupportable.\nPouvez vous faire avancer le dossier.",mon amie à renvoyé la freebox qui à été réceptionné le 11072024 au site de retour pour supprimer son abonnement et free continu de faire des prélèvements va falloir que cela bouge car cela devient insupportablenpouvez vous faire avancer le dossier,2025-11-03 15:52:31
1821254684234936598,2024-08-07 20:38:48 +02:00,lu6ol92,"@free près de 3 semaines sans internet, plus de 48h qu’un technicien est censé venir ( rdv le 5/08 à 15h jamais honoré 0 coup de fil) on a appelé plus de trois fois vos services. On nous promet qu’un responsable va nous rappeler depuis 24h et tjr rien. @Freebox",près de 3 semaines sans internet plus de 48h quun technicien est censé venir rdv le 508 à 15h jamais honoré 0 coup de fil on a appelé plus de trois fois vos services on nous promet quun responsable va nous rappeler depuis 24h et tjr rien,2025-11-03 15:52:31
1821296026839622142,2024-08-07 23:23:05 +02:00,zole_la,@free où est ce qu'on reçoit le feuillet pour renvoyer la box quand on résilie ?,où est ce quon reçoit le feuillet pour renvoyer la box quand on résilie,2025-11-03 15:52:31
1821308136642289679,2024-08-08 00:11:12 +02:00,t_5502m,"C’est quoi cette arnaque @free ? Pourquoi nous pouvons SEULEMENT passer à un abonnement box supérieur, mais pas à un abonnement inférieur ? Déjà que je suis contraint de passer chez vous car vous faites de la concurrence déloyale avec l’installation de la fibre dans mon immeuble.",cest quoi cette arnaque pourquoi nous pouvons seulement passer à un abonnement box supérieur mais pas à un abonnement inférieur déjà que je suis contraint de passer chez vous car vous faites de la concurrence déloyale avec linstallation de la fibre dans mon immeuble,2025-11-03 15:52:31
1821424028734620159,2024-08-08 07:51:43 +02:00,lauxksk,@excanalla @free tch,tch,2025-11-03 15:52:31
1821435911332118833,2024-08-08 08:38:56 +02:00,CHARRONVALERIE,@Freebox @free panne des services free depuis 2 jours. Et silence complet. C est inadmissible. Qui peut répondre ? #serviceclientfreecatastrophisue,panne des services free depuis 2 jours et silence complet c est inadmissible qui peut répondre,2025-11-03 15:52:31
1821436355282424188,2024-08-08 08:40:42 +02:00,LocoLorrain,Donc la ça fait une semaine qu'internet ne fonctionne plus dans mon secteur.\n\nMerci @free !,donc la ça fait une semaine quinternet ne fonctionne plus dans mon secteurnnmerci,2025-11-03 15:52:31
1821448366405849572,2024-08-08 09:28:26 +02:00,gregsavoisien,@Freebox bonjour j’ai besoin d’aide,bonjour jai besoin daide,2025-11-03 15:52:31
1821480067106488828,2024-08-08 11:34:24 +02:00,carmelasopraano,"@Freebox Bonjour, est-il possible d’être rappelé ? où sommes nous obligé d’aller à la concurrence ?",bonjour estil possible dêtre rappelé où sommes nous obligé daller à la concurrence,2025-11-03 15:52:31
1821485893435224226,2024-08-08 11:57:33 +02:00,GScoyk,"@free on parle de votre publicité mensongère ? au moment de la souscription fibre, on m'annonce la prise en charge des frais de résiliation chez mon ancien opérateur. je vous envoie les documents, prise en charge refusée. au moins on sait où vous faites votre marge !",on parle de votre publicité mensongère au moment de la souscription fibre on mannonce la prise en charge des frais de résiliation chez mon ancien opérateur je vous envoie les documents prise en charge refusée au moins on sait où vous faites votre marge,2025-11-03 15:52:31
1821510749144903878,2024-08-08 13:36:19 +02:00,girod_s,"Hey @free !\nMon collegue a des soucis de freebox, et vu que le numero lie a son compte est son fixe (qui ne marche pas non plus du coup...), il ne peut pas vous contacter.\nEtant donne que son portable a un numero italien, il ne peut pas non le mettre dans le chat en ligne...",hey nmon collegue a des soucis de freebox et vu que le numero lie a son compte est son fixe qui ne marche pas non plus du coup il ne peut pas vous contacternetant donne que son portable a un numero italien il ne peut pas non le mettre dans le chat en ligne,2025-11-03 15:52:31
1821512750947770450,2024-08-08 13:44:16 +02:00,SamP1977,Eh cc @Freebox consulté une boîte mail de chez vous qui n'a pas migré sous zimbra c'est un enfer.,eh cc consulté une boîte mail de chez vous qui na pas migré sous zimbra cest un enfer,2025-11-03 15:52:31
1821524574560800903,2024-08-08 14:31:15 +02:00,__Valie__,"@Freebox Bonjour, \nest-ce qu'on peut annuler l'option TV by canal sur une revolution ?",bonjour nestce quon peut annuler loption tv by canal sur une revolution,2025-11-03 15:52:31
1821532430315995291,2024-08-08 15:02:28 +02:00,VinceCosa_,"Quand un opérateur te fait un écrasement de ta ligne à tort et que @free @Freebox te répond que ça peut prendre jusqu’à 15 jours ouvrés alors que c’est censé être 7 jours max selon @Arcep !\n\nImpossible de stream, impossible de travailler",quand un opérateur te fait un écrasement de ta ligne à tort et que te répond que ça peut prendre jusquà 15 jours ouvrés alors que cest censé être 7 jours max selon nnimpossible de stream impossible de travailler,2025-11-03 15:52:31
1821567725380001850,2024-08-08 17:22:43 +02:00,lorys_trolliet,@free c’est sérieux votre service client qui réponds pas ??,cest sérieux votre service client qui réponds pas,2025-11-03 15:52:31
1821574469439341042,2024-08-08 17:49:31 +02:00,an_conda,"J'ai rien compris j'ai #Free 2 semaines sans internet, personne n'est joignable, irrespect total des clients",jai rien compris jai 2 semaines sans internet personne nest joignable irrespect total des clients,2025-11-03 15:52:31
1821598044699144419,2024-08-08 19:23:12 +02:00,Liquidus00,"@Freebox @Free_1337 Bonjour ! Quasiment deux semaines sans internet en raison d'un incident collectif. Le gardien de mon immeuble m'a confirmé que les opérateurs concurrents sont venus rebrancher leurs clients. Et de votre coté, personne n'est en mesure de me dire quand quelqu'un viendra... Je perds patience 😤",bonjour quasiment deux semaines sans internet en raison dun incident collectif le gardien de mon immeuble ma confirmé que les opérateurs concurrents sont venus rebrancher leurs clients et de votre coté personne nest en mesure de me dire quand quelquun viendra je perds patience,2025-11-03 15:52:31
1821599084051906716,2024-08-08 19:27:19 +02:00,Flomniscient,"Hello @free, c'est quoi les délais de déploiement de la fibre chez vous ? J'ai reçu un mail en avril 2022 m'informant que la fibre free arrivait dans ma ville et j'attend toujours 🤔",hello cest quoi les délais de déploiement de la fibre chez vous jai reçu un mail en avril 2022 minformant que la fibre free arrivait dans ma ville et jattend toujours,2025-11-03 15:52:31
1821599247638151671,2024-08-08 19:27:58 +02:00,collinsimmer,"par contre @free vos box internet qui passe plus de temps à bugger que moi a dormir, ça va 2 minutes",par contre vos box internet qui passe plus de temps à bugger que moi a dormir ça va 2 minutes,2025-11-03 15:52:31
1821599630036984171,2024-08-08 19:29:30 +02:00,d2risto,bonjour @free @Freebox il y a encore un bug sur le serveur SMTP,bonjour il y a encore un bug sur le serveur smtp,2025-11-03 15:52:31
1821626409464295735,2024-08-08 21:15:54 +02:00,totinium77,"Merci @Free_1337 @free, aujourd'hui je n'ai pas pu faire une (grande) partie de mon travail car vous appelez des techniciens faignant pour qu'on les ait un autre jour alors que j'en avais besoin depuis 13h. Merci beaucoup.",merci aujourdhui je nai pas pu faire une grande partie de mon travail car vous appelez des techniciens faignant pour quon les ait un autre jour alors que jen avais besoin depuis 13h merci beaucoup,2025-11-03 15:52:31
1821632193866899693,2024-08-08 21:38:53 +02:00,SamCenation90,Tu paies un 🤬 d'abonnement et ça marche pas ! Merci @free https://t.co/ctH21g8DHr,tu paies un dabonnement et ça marche pas merci,2025-11-03 15:52:31
1821715022625587468,2024-08-09 03:08:01 +02:00,sayanbrk,@free bon là ça commence à être long une semaine sans connexion,bon là ça commence à être long une semaine sans connexion,2025-11-03 15:52:31
1821803723170906478,2024-08-09 09:00:29 +02:00,FreenewsActu,Free : la modification des offres Netflix passe mal mais l’opérateur n’y peut pas grand chose https://t.co/HX9ZKpjspL,free la modification des offres netflix passe mal mais lopérateur ny peut pas grand chose,2025-11-03 15:52:31
1821835952739975490,2024-08-09 11:08:33 +02:00,MxlleMacrelle,@free @Freebox c'est de la m****\nEntre le remboursement que je dois mendier parce que je n'ai pas d'accès pendant 1 semaine et la conseillère quand j'appelle qui m'envoie chier\nEt depuis impossible d'avoir quelqu'un...\nIl est temps que @bouyguestelecom ait la fibre chez moi,cest de la mnentre le remboursement que je dois mendier parce que je nai pas daccès pendant 1 semaine et la conseillère quand jappelle qui menvoie chiernet depuis impossible davoir quelquunnil est temps que ait la fibre chez moi,2025-11-03 15:52:31
1821858681866088680,2024-08-09 12:38:52 +02:00,jpaullest,@free pas une semaine sans que sa tombe en panne c de pite en pire surtous de puits que cette d'algériens de box ultra et sur le marché sa devient du grand n importe quoi j ai passé 2 ans à ne pas avoir de soucis et la depuit la sortis de cette box c une cata,pas une semaine sans que sa tombe en panne c de pite en pire surtous de puits que cette dalgériens de box ultra et sur le marché sa devient du grand n importe quoi j ai passé 2 ans à ne pas avoir de soucis et la depuit la sortis de cette box c une cata,2025-11-03 15:52:31
1821893186769305610,2024-08-09 14:55:59 +02:00,Anaaconda13,@free pire service client,pire service client,2025-11-03 15:52:31
1821906606889824277,2024-08-09 15:49:19 +02:00,oleanbu,"@Freebox Bonjour, un montant supplémentaire m'a été facturé ce mois-ci pour un abonnement Canal+ auquel je ne me suis pas inscrit. Je n'ai reçu aucun email ni aucun avertissement à ce sujet. C'est injuste et je devrais être remboursé.",bonjour un montant supplémentaire ma été facturé ce moisci pour un abonnement canal auquel je ne me suis pas inscrit je nai reçu aucun email ni aucun avertissement à ce sujet cest injuste et je devrais être remboursé,2025-11-03 15:52:31
1821931628031046133,2024-08-09 17:28:44 +02:00,Matveey2,"@free Comment vous contacter ? Tout me renvoie vers mon menu assistance Freebox mais depuis mon déménagement, je n'ai aucun numéro de contact dedans ni accès à la moindre messagerie. J'aimerai connaître les raisons de tels délais sur la mise en place de ma connexion. Merci.",comment vous contacter tout me renvoie vers mon menu assistance freebox mais depuis mon déménagement je nai aucun numéro de contact dedans ni accès à la moindre messagerie jaimerai connaître les raisons de tels délais sur la mise en place de ma connexion merci,2025-11-03 15:52:31
1821931813612175742,2024-08-09 17:29:28 +02:00,fouinybenji_,ah bah ça va l’installation par le technicien merci @free @Freebox c’est tellement énorme je vais bien pouvoir effectuer le gaming la https://t.co/1BaNd95xfu,ah bah ça va linstallation par le technicien merci cest tellement énorme je vais bien pouvoir effectuer le gaming la,2025-11-03 15:52:31
1821970252546416890,2024-08-09 20:02:13 +02:00,eoghanfeignass2,@free @Xavier75 c'est quand qu'on a une connexion qui marche ?,cest quand quon a une connexion qui marche,2025-11-03 15:52:31
1821976331099541925,2024-08-09 20:26:22 +02:00,Rem_LB,@free pire opérateur c’est une honte leurs service client,pire opérateur cest une honte leurs service client,2025-11-03 15:52:31
1821996764209279190,2024-08-09 21:47:34 +02:00,spirionweb,"@free, en adsl chez vous, que faire quand - free a bien déployé mon quartier\n- mes voisins ont la fibre chez free\n- je suis éligible fibre chez tout le monde (Orange, bouygues, sfr, ovh) mais pas chez vous\nmais que votre service client ne veut rien savoir (le numero dˋattribution est certainement mal localisé mais ils ne veulent ni rechercher via mon adresse ni recupérer le numéro de point de livraison que j’ai à ma disposition).\nÇa m’ennuierait de passer chez Orange juste parceque le service client ne veut pas perdre quelques minutes.",en adsl chez vous que faire quand free a bien déployé mon quartiern mes voisins ont la fibre chez freen je suis éligible fibre chez tout le monde orange bouygues sfr ovh mais pas chez vousnmais que votre service client ne veut rien savoir le numero dˋattribution est certainement mal localisé mais ils ne veulent ni rechercher via mon adresse ni recupérer le numéro de point de livraison que jai à ma dispositionnça mennuierait de passer chez orange juste parceque le service client ne veut pas perdre quelques minutes,2025-11-03 15:52:31
1822000977953841397,2024-08-09 22:04:18 +02:00,didi69220159758,"@Freebox j'ai une erreur DASH 1124 qui vient de s'afficher, je ne peux plus mettre les chaines en plein écran, obigé de regarder dans la mosaique, merci pour votre aide",jai une erreur dash 1124 qui vient de safficher je ne peux plus mettre les chaines en plein écran obigé de regarder dans la mosaique merci pour votre aide,2025-11-03 15:52:31
1822014179592827271,2024-08-09 22:56:46 +02:00,davilha_,"@free euh ça fait 3 jours on a pas de réseau dans TOUTE LA RUE , on peut ni téléphoner ni aller sur internet , vous aviez dit 72h on est a la 80e la c’est comment ? https://t.co/Zeop2mrGJa",euh ça fait 3 jours on a pas de réseau dans toute la rue on peut ni téléphoner ni aller sur internet vous aviez dit 72h on est a la 80e la cest comment,2025-11-03 15:52:31
1822155620734091301,2024-08-10 08:18:48 +02:00,brachior,"@Free_1337 @free @Freebox : (1/2) Ça vous semble normal de faire payer un abonné alors qu'il ne peut pas accéder à vos services ?\nJ'ai déménagé le 6 août, le 8 août un de vos techniciens n'a pas été capable d'installer la fibre à ma nouvelle adresse...",12 ça vous semble normal de faire payer un abonné alors quil ne peut pas accéder à vos services njai déménagé le 6 août le 8 août un de vos techniciens na pas été capable dinstaller la fibre à ma nouvelle adresse,2025-11-03 15:52:31
1822211343799210023,2024-08-10 12:00:14 +02:00,Ceddup,"Bonjour @free, je dois résilier mon abonnement internet suite à une mutation et une installation dans un logement où il y a déjà internet.\n\nJ'ai lu qu'une exonération des 49 euros de frais pouvait avoir lieu selon motif. \n\nLesquels et comment les faire valoir ?",bonjour je dois résilier mon abonnement internet suite à une mutation et une installation dans un logement où il y a déjà internetnnjai lu quune exonération des 49 euros de frais pouvait avoir lieu selon motif nnlesquels et comment les faire valoir,2025-11-03 15:52:31
1822234778709459144,2024-08-10 13:33:21 +02:00,FlorianBchl,"@Freebox Bonjour \nMa connexion depuis 2-3 jours est ultra lente, pouvez-vous m’expliquez pourquoi ? Je suis Fibré, faites quelque choses svp \nMerci",bonjour nma connexion depuis 23 jours est ultra lente pouvezvous mexpliquez pourquoi je suis fibré faites quelque choses svp nmerci,2025-11-03 15:52:31
1822245531319423409,2024-08-10 14:16:05 +02:00,LucideOdile,@Freebox mon interne ne fonctionne plus depuis hier soir un technicien est venu ce matin il m’a dit je descends je reviens et je l’ai vu se barrer !!  Bravo Free magnifique image de votre service.  \n@Freebox a évité a tout prix service client zéro.,mon interne ne fonctionne plus depuis hier soir un technicien est venu ce matin il ma dit je descends je reviens et je lai vu se barrer bravo free magnifique image de votre service n a évité a tout prix service client zéro,2025-11-03 15:52:31
1822287522589798486,2024-08-10 17:02:56 +02:00,AlxTNF,"Euh, c'est fréquent les Freebox Pop qui reboot comme ça sans demander ?\nCa vient de m'arriver en plein live...\nPoke @Freebox",euh cest fréquent les freebox pop qui reboot comme ça sans demander nca vient de marriver en plein livenpoke,2025-11-03 15:52:31
1822287682988323277,2024-08-10 17:03:34 +02:00,FRAziat,"@Free_1337 @Freebox Bonjour, les rdv pour installer la fibre c'est en combien de temps ? J'ai la fibre disponible dans le quartier et j'ai besoin de m'organiser ...\nFibre free disponible.",bonjour les rdv pour installer la fibre cest en combien de temps jai la fibre disponible dans le quartier et jai besoin de morganiser nfibre free disponible,2025-11-03 15:52:31
1822298141623754806,2024-08-10 17:45:08 +02:00,stunty999,"Bon bah faut pas que votre freebox fasse des siennes pendant le mois d'aout hein... j'ai plus de bande 5GHz sur le wifi, la box chauffe à plus de 100° et pas de tech dispo avant mardi matin, sauf que bien sûr je suis dispo qu'en soirée/week-end.",bon bah faut pas que votre freebox fasse des siennes pendant le mois daout hein jai plus de bande 5ghz sur le wifi la box chauffe à plus de 100 et pas de tech dispo avant mardi matin sauf que bien sûr je suis dispo quen soiréeweekend,2025-11-03 15:52:31
1822315236965122081,2024-08-10 18:53:04 +02:00,meufgenante,@Freebox bonjour. Je n'ai pas accès à freebox tv alors que la box m'indique que tout est en ordre. Que se passe-t-il?,bonjour je nai pas accès à freebox tv alors que la box mindique que tout est en ordre que se passetil,2025-11-03 15:52:31
1822334265859690947,2024-08-10 20:08:40 +02:00,Bob3404,"@Freebox @freemobile @free  @free  Bonjour, des techniciens ont ouvert des tickets pour le remboursement des périodes de dysfonctionnement sur le réseau (data + fibre). Aujourd'hui, on me refuse et on me dit qu'il n'y avait pas de panne !!?? Pour qui me prenez-vous ? Un bouffon ?",bonjour des techniciens ont ouvert des tickets pour le remboursement des périodes de dysfonctionnement sur le réseau data fibre aujourdhui on me refuse et on me dit quil ny avait pas de panne pour qui me prenezvous un bouffon,2025-11-03 15:52:31
1822428205006959023,2024-08-11 02:21:57 +02:00,clafoutiquirie,"@Freebox Bonjour, depuis presque une semaine mon débit internet vacille , elle disparaît un temps et reviens mais toujours faiblement, je suis fibré et en temps normal le débit est 900mbs hors actuellement ça frolles les peu de megats et ça c'est quand ça fonctionne",bonjour depuis presque une semaine mon débit internet vacille elle disparaît un temps et reviens mais toujours faiblement je suis fibré et en temps normal le débit est 900mbs hors actuellement ça frolles les peu de megats et ça cest quand ça fonctionne,2025-11-03 15:52:31
1822536906682290435,2024-08-11 09:33:54 +02:00,Bber73,bonjour @UniversFreebox @Free  @Freebox je prends un mois d abonnement sans engagement a @beinsports_FR @beINSPORTS pour regarder l #EURO2024  et vous me facturez deux mois ? c comme ca ou ont peut dire que c malhonnête et que c du vol ? @Xavier75 comment ont fait ?,bonjour je prends un mois d abonnement sans engagement a pour regarder l et vous me facturez deux mois c comme ca ou ont peut dire que c malhonnête et que c du vol comment ont fait,2025-11-03 15:52:31
1822647211026518355,2024-08-11 16:52:12 +02:00,Juliendu75,Donc @free va ajouter de la Pub sur Netflix OK\n\nmais le tarif c'est comment?,donc va ajouter de la pub sur netflix oknnmais le tarif cest comment,2025-11-03 15:52:31
1822693751472447741,2024-08-11 19:57:09 +02:00,BeatsBewilder,"Pas un jour sans un problème de connexion, c'est bon je vais quitter @free, c'est lourd à force",pas un jour sans un problème de connexion cest bon je vais quitter cest lourd à force,2025-11-03 15:52:31
1822909175535673531,2024-08-12 10:13:10 +02:00,XaM0u,"Bonjour @Freebox 3 mois que j’ai demandé un déménagement Fibre, 3 mois que le dossier est au point mort malgré un nombre incalculable d’envois d’informations pour faire bouger le dossier… Vous venez de perdre un client fidèle depuis 2001.",bonjour 3 mois que jai demandé un déménagement fibre 3 mois que le dossier est au point mort malgré un nombre incalculable denvois dinformations pour faire bouger le dossier vous venez de perdre un client fidèle depuis 2001,2025-11-03 15:52:31
1822924149297164715,2024-08-12 11:12:40 +02:00,makinero31,"Dis @Freebox ça s'arrête quand le foutage de gueule?\nPlus d'internet depuis le 21/07, ticket ouvert le 26/06, intervention d'un technicien prévue le 09/08 entre 15 et 17h que vous annulez à 14h30 alors que j'ai posé un jour de congé et fait 90km pour être sur place.",dis ça sarrête quand le foutage de gueulenplus dinternet depuis le 2107 ticket ouvert le 2606 intervention dun technicien prévue le 0908 entre 15 et 17h que vous annulez à 14h30 alors que jai posé un jour de congé et fait 90km pour être sur place,2025-11-03 15:52:31
1822931650797330920,2024-08-12 11:42:28 +02:00,JeSuisAidant,"@free @Freebox le sce client est compliqué. Tant que vous êtes client, le reste on s'en moque.",le sce client est compliqué tant que vous êtes client le reste on sen moque,2025-11-03 15:52:31
1822931761203937358,2024-08-12 11:42:54 +02:00,Racheltrt28,Free c’est vraiment une catastrophe pour les avoir au téléphone. Pour facturer ils sont forts mais pour aider il n’y a personne ! @free @Freebox impossible le de contacter le service box !!!!,free cest vraiment une catastrophe pour les avoir au téléphone pour facturer ils sont forts mais pour aider il ny a personne impossible le de contacter le service box,2025-11-03 15:52:31
1822945795651326169,2024-08-12 12:38:41 +02:00,dowa_shan23446,@free premier activation le 30/7/2024.premier facture pour le 30juin a 30 juillet es normal?,premier activation le 3072024premier facture pour le 30juin a 30 juillet es normal,2025-11-03 15:52:31
1822951127861678128,2024-08-12 12:59:52 +02:00,NeyteMZ,@Freebox bonjour possible de dm svp ?,bonjour possible de dm svp,2025-11-03 15:52:31
1822960245766860869,2024-08-12 13:36:06 +02:00,elo_lpz,"Le technicien @free qui me demande de chercher où passe le fil pour installer la fibre et de les recontacter quand c’est fait, non mais chacun son métier hein c’est à eux de faire ça, non ?",le technicien qui me demande de chercher où passe le fil pour installer la fibre et de les recontacter quand cest fait non mais chacun son métier hein cest à eux de faire ça non,2025-11-03 15:52:31
1822970599582437600,2024-08-12 14:17:14 +02:00,Path80s,"@free Hello, possible de passer sur une box moins chère pour l'année prochaine? J'ai la pop et j'aimerais la revolution. Je ne vois aucune possibilité sur mon espace client. Merci d'avance",hello possible de passer sur une box moins chère pour lannée prochaine jai la pop et jaimerais la revolution je ne vois aucune possibilité sur mon espace client merci davance,2025-11-03 15:52:31
1822974352205259021,2024-08-12 14:32:09 +02:00,Maxoouuuu91,"@dgccrf il faut surveiller @Freebox @free , on ne peut pas utiliser notre droit de rétractation tant qu’ils nous ont pas raccorder car le 3244 est joignable que quand on est raccordé.\n@Xavier75 faites quelque chose vos techniciens ne viennent pas et on peut pas partir ! 😤🤬",il faut surveiller on ne peut pas utiliser notre droit de rétractation tant quils nous ont pas raccorder car le 3244 est joignable que quand on est raccordén faites quelque chose vos techniciens ne viennent pas et on peut pas partir,2025-11-03 15:52:31
1822991786853196014,2024-08-12 15:41:26 +02:00,Dbaviiiiiie,"@Freebox  Cela fait maintenant plus de trois semaines que mon abonnement télé ne fonctionne plus, et c’est vraiment inadmissible. 😡 Aujourd’hui, j’avais un RDV avec un technicien pour régler le problème, mais il a été annulé à la dernière minute ! @Xavier75 #raslebol #FREE",cela fait maintenant plus de trois semaines que mon abonnement télé ne fonctionne plus et cest vraiment inadmissible aujourdhui javais un rdv avec un technicien pour régler le problème mais il a été annulé à la dernière minute,2025-11-03 15:52:31
1823011770304204869,2024-08-12 17:00:50 +02:00,Appolo_T,@free J'ai demandé la résiliation et j'ai renvoyé ma box.\n\nJ'ai reçu un email comme quoi il manque ma box tv cependant après un appel a free j'ai indiqué que j'avais deja donné ma box à mon technicien lorsqu'il est venu poser la box car je n'ai pas de tv,jai demandé la résiliation et jai renvoyé ma boxnnjai reçu un email comme quoi il manque ma box tv cependant après un appel a free jai indiqué que javais deja donné ma box à mon technicien lorsquil est venu poser la box car je nai pas de tv,2025-11-03 15:52:31
1823017217908158609,2024-08-12 17:22:29 +02:00,AlexHolzhammer,Alerte arnaque!! @free Je me bats depuis juillet pour résilier mon abonnement @filmotv via @Freebox J’ai été prélevée abusivement ce mois-ci. Je vais réaliser une enquête si vous ne revenez pas vite vers moi @UniversFreebox Qui a été victime par ici ?,alerte arnaque je me bats depuis juillet pour résilier mon abonnement via jai été prélevée abusivement ce moisci je vais réaliser une enquête si vous ne revenez pas vite vers moi qui a été victime par ici,2025-11-03 15:52:31
1823024186664886585,2024-08-12 17:50:10 +02:00,madridista38000,@free @Freebox @freemobile bonjour j’ai besoin d’aide suite au décès de ma maman est il possible d’être contacté par mp ?,bonjour jai besoin daide suite au décès de ma maman est il possible dêtre contacté par mp,2025-11-03 15:52:31
1823027856433414271,2024-08-12 18:04:45 +02:00,M4APE,@Freebox j’ai la fibre en plein Paris vous vous foutre de la gueule de qui c’est quoi cette connexion ?? https://t.co/cb5R3K3xqc,jai la fibre en plein paris vous vous foutre de la gueule de qui cest quoi cette connexion,2025-11-03 15:52:31
1823042563269411017,2024-08-12 19:03:12 +02:00,FatoumataNiak27,@free @Xavier75  Mille hontes à vous !\nVous venez de me bloquer et de sacrifier mon réseau internet !\nLa liberté d'expression n'a pas de prix !!,mille hontes à vous nvous venez de me bloquer et de sacrifier mon réseau internet nla liberté dexpression na pas de prix,2025-11-03 15:52:31
1823109706732470272,2024-08-12 23:30:00 +02:00,Starlink,Aucun contrat à long terme.\nFacile à commander en ligne,aucun contrat à long termenfacile à commander en ligne,2025-11-03 15:52:31
1823209710566187326,2024-08-13 06:07:23 +02:00,dege_42,@Freebox bonjour Free. \nDepuis hier matin toujours pas d'internet. La box est coincée à l'étape 2. \nUn peu d'aide svp. Merci.,bonjour free ndepuis hier matin toujours pas dinternet la box est coincée à létape 2 nun peu daide svp merci,2025-11-03 15:52:31
1823226939659649121,2024-08-13 07:15:50 +02:00,kenny____61____,"@Freebox @free un petit problème, plus d'internet depuis le 16juin et on me fait payer l'abonnement internet en entier ??? Déjà appelé mais rien ne bouge. Quand vous achetez un batard , une baguette etc.. si je vous donne que 1/4 c'est bon?",un petit problème plus dinternet depuis le 16juin et on me fait payer labonnement internet en entier déjà appelé mais rien ne bouge quand vous achetez un batard une baguette etc si je vous donne que 14 cest bon,2025-11-03 15:52:31
1823260843922071883,2024-08-13 09:30:34 +02:00,mathieupassenau,@free tu viens récupérer tes merdes quand ? Ou je te les ramène en boutique ? https://t.co/LXRhynXrbW,tu viens récupérer tes merdes quand ou je te les ramène en boutique,2025-11-03 15:52:31
1823275849497350150,2024-08-13 10:30:12 +02:00,MHW2007,@Freebox problème de box en plein été depuis 3 jours et on te donne un rdv le 27/08 😱😱😱 quid du télé travail et autres utilités de cette box ...etc ... grrrrr aucune autre solution proposée 👎👎,problème de box en plein été depuis 3 jours et on te donne un rdv le 2708 quid du télé travail et autres utilités de cette box etc grrrrr aucune autre solution proposée,2025-11-03 15:52:31
1823342029755310501,2024-08-13 14:53:10 +02:00,Seb4Ko,J'ai pris un abonnement box chez @free il y a quasiment un mois... Toujours aucune nouvelle de mon rendez-vous de raccordement... Dites @free le délai d'attente qui se compte en mois c'est normal ? (on m'avait promis une dizaine de jours lorsque j'ai souscrit..) #foutagedegueule,jai pris un abonnement box chez il y a quasiment un mois toujours aucune nouvelle de mon rendezvous de raccordement dites le délai dattente qui se compte en mois cest normal on mavait promis une dizaine de jours lorsque jai souscrit,2025-11-03 15:52:31
1823349728110637391,2024-08-13 15:23:46 +02:00,daniel36363636,"@Freebox bonjour, j'ai fait du ménage dans ma boîte aux lettres Zimbra Free, elle ne charge toujours pas de nouveaux messages, y a-t-il quelque chose à faire pour la réamorcer ?",bonjour jai fait du ménage dans ma boîte aux lettres zimbra free elle ne charge toujours pas de nouveaux messages y atil quelque chose à faire pour la réamorcer,2025-11-03 15:52:31
1823355144248906125,2024-08-13 15:45:17 +02:00,carlboehm32,"@Freebox ,ça ne vous dérange pas d'annuler le rdv avec votre technicien prévu le 16 alors que je n'ai plus de connexion internet depuis 1 semaine.\nNe vous demandez plus pour quelles raisons les gens partent chez @Orange_France",ça ne vous dérange pas dannuler le rdv avec votre technicien prévu le 16 alors que je nai plus de connexion internet depuis 1 semainenne vous demandez plus pour quelles raisons les gens partent chez,2025-11-03 15:52:31
1823397892117147756,2024-08-13 18:35:09 +02:00,_zxlda,@Freebox c'est possible d'avoir une télé qui fonctionne ou pas ? nan pck avec ma coloc on a un peu l'impression de payer pour rien :),cest possible davoir une télé qui fonctionne ou pas nan pck avec ma coloc on a un peu limpression de payer pour rien,2025-11-03 15:52:31
1823404938648576281,2024-08-13 19:03:09 +02:00,acursedpumpkin,C’est normal de se faire insulter et raccrocher au nez quand on demande juste pourquoi notre facture est doublée ?! @free,cest normal de se faire insulter et raccrocher au nez quand on demande juste pourquoi notre facture est doublée,2025-11-03 15:52:31
1823504059497664832,2024-08-14 01:37:01 +02:00,Mab_Nod,@free vous puez la merde plus rien marche,vous puez la merde plus rien marche,2025-11-03 15:52:31
1823602965891920152,2024-08-14 08:10:02 +02:00,chicoleziz,@Freebox @Xavier75 Pourquoi suis-je ds l’attente de mon remboursement de 190€ promis depuis fin Juin?Jai contacté votre assistance à 0.45ct/min pdt 8min le 6aout vous m’aviez  confirmé que le virement etait en cours depuis le 5 j’attends tjrs!,pourquoi suisje ds lattente de mon remboursement de 190 promis depuis fin juinjai contacté votre assistance à 045ctmin pdt 8min le 6aout vous maviez confirmé que le virement etait en cours depuis le 5 jattends tjrs,2025-11-03 15:52:31
1823639764706234386,2024-08-14 10:36:16 +02:00,JesusForain,@free pourquoi Peujard (33240) est exclu de la fibre Free?\ncommune fibrée depuis 1an et les seuls à en profiter sont les voisins abonnés chez la concurrence,pourquoi peujard 33240 est exclu de la fibre freencommune fibrée depuis 1an et les seuls à en profiter sont les voisins abonnés chez la concurrence,2025-11-03 15:52:31
1823640222615138783,2024-08-14 10:38:05 +02:00,lsakurayuki,@free je dois vous l'expliquer dans quelle langue que votre offre téléphonie ou autre m'intéresse pas FOUTEZ-MOI LA PAIX !!! CHAQUE JOUR 2 APPELS \n\n(Je vois que même en étant inscrit sur bloctel) On a toujours du démarchage 😮‍💨,je dois vous lexpliquer dans quelle langue que votre offre téléphonie ou autre mintéresse pas foutezmoi la paix chaque jour 2 appels nnje vois que même en étant inscrit sur bloctel on a toujours du démarchage,2025-11-03 15:52:31
1823660684137136237,2024-08-14 11:59:23 +02:00,BRUNITO_STUDIO,@freemobile @Freebox j'ai énormément de bug de connexion que ce soit 4g ou WiFi c'est dingue !!!,jai énormément de bug de connexion que ce soit 4g ou wifi cest dingue,2025-11-03 15:52:31
1823667285329879264,2024-08-14 12:25:37 +02:00,Laetitbulle,Bonjour @Orange_France @Orange_conseil @Freebox \nToujours pas de communication entre vous pour que nos lignes soient réparées ? #orange #freebox \nIncroyable ce bloquage #sabotage https://t.co/G7uXYznNPq,bonjour ntoujours pas de communication entre vous pour que nos lignes soient réparées nincroyable ce bloquage,2025-11-03 15:52:31
1823667946985517458,2024-08-14 12:28:15 +02:00,kepele313,Si j’avais su que @free c’était comme ça… \nc’est bien beau de faire des offres mais faudrait que ça fonctionne hein… \net bizarrement là-bas il n’y a pas de responsable avec qui on pourrait parler…,si javais su que cétait comme ça ncest bien beau de faire des offres mais faudrait que ça fonctionne hein net bizarrement làbas il ny a pas de responsable avec qui on pourrait parler,2025-11-03 15:52:31
1823675282068529485,2024-08-14 12:57:24 +02:00,dadalbator,"@free @Freebox depuis le 12 juillet, la société free ne fournit plus le service d accès à la fibre que je paie. La société continue de me facturer et aucune date de travaux pour rétablir le service n est prévue. Malgré des dizaines de messages rien n ai fait. Bravo @free",depuis le 12 juillet la société free ne fournit plus le service d accès à la fibre que je paie la société continue de me facturer et aucune date de travaux pour rétablir le service n est prévue malgré des dizaines de messages rien n ai fait bravo,2025-11-03 15:52:31
1823686495196307460,2024-08-14 13:41:57 +02:00,Alfonso_Cabaret,"@Freebox C'est inadmissible, tout est prêt et il n'a pas fait son travail. De base, il est monté sans son matériel, j'aurai dû me douter qu'il n'était pas très motivé. Comment puis-je le contacter pour qu'il (re)vienne faire son travail ?!",cest inadmissible tout est prêt et il na pas fait son travail de base il est monté sans son matériel jaurai dû me douter quil nétait pas très motivé comment puisje le contacter pour quil revienne faire son travail,2025-11-03 15:52:31
1823687566488465606,2024-08-14 13:46:12 +02:00,IssouNonyme,@InfoAbonneCanal Ça vous amuse de tenter de faire comme SFR ou la SFAM des prélèvements à tord? Honte à vous sales voleurs!!!!!!,ça vous amuse de tenter de faire comme sfr ou la sfam des prélèvements à tord honte à vous sales voleurs,2025-11-03 15:52:31
1823691312341635453,2024-08-14 14:01:06 +02:00,FreeFoot,🚨 DE LA LIGUE 1 GRATUITE !\n\nFree Foot (ex Free Ligue 1) s’associe avec @DAZN_FR et proposera gratuitement 8 matchs de Ligue 1 McDonald’s par journée en extraits en quasi direct !\n\n🗞️ Le CP : https://t.co/EhtZ262MZv https://t.co/apuuCoUu7e,de la ligue 1 gratuite nnfree foot ex free ligue 1 sassocie avec et proposera gratuitement 8 matchs de ligue 1 mcdonalds par journée en extraits en quasi direct nn le cp,2025-11-03 15:52:31
1823700292984000782,2024-08-14 14:36:47 +02:00,pitaparka,"@Freebox salut free, ça fait 3 semaines que je n’ai pas internet, un ticket a été ouvert mais je n’ai pas de nouvelles, quand j’appelle sur le 3244 ça me dit que c’est en cours et ça raccroche et je viens de payer ma facture 40€ alors que je n’ai pas accès au service souscrit.",salut free ça fait 3 semaines que je nai pas internet un ticket a été ouvert mais je nai pas de nouvelles quand jappelle sur le 3244 ça me dit que cest en cours et ça raccroche et je viens de payer ma facture 40 alors que je nai pas accès au service souscrit,2025-11-03 15:52:31
1823715877239578797,2024-08-14 15:38:42 +02:00,botenebreuse,"@free \nTrès déçue de vous. Plus de 10 ans en étant cliente chez vous, je suis bien contente de partir et d’aller chez la concurrence. \nDans notre nouveau logement, il n’y a que la box internet, pas de réseau cellulaire. Et quand on veut résilier car il y a meilleure offre",ntrès déçue de vous plus de 10 ans en étant cliente chez vous je suis bien contente de partir et daller chez la concurrence ndans notre nouveau logement il ny a que la box internet pas de réseau cellulaire et quand on veut résilier car il y a meilleure offre,2025-11-03 15:52:31
1823977703722160230,2024-08-15 08:59:07 +02:00,msieurari,"@Freebox il faut que tu m'expliques. Je cherche a joindre la hotline parce que l'espace assistance ne marche pas, et on me demande un code qui est sur l'espace assistance. Comment je fais ?",il faut que tu mexpliques je cherche a joindre la hotline parce que lespace assistance ne marche pas et on me demande un code qui est sur lespace assistance comment je fais,2025-11-03 15:52:31
1824319888942321802,2024-08-16 07:38:50 +02:00,Nikowalix,"Bonjour @free @Free_1337 il y a un problème avec l'outil de diagnostic non? à la seconde où il dit vérifier la box, il clos la discussion. En tout cas c'est pas clair https://t.co/AVIXIZraZQ",bonjour il y a un problème avec loutil de diagnostic non à la seconde où il dit vérifier la box il clos la discussion en tout cas cest pas clair,2025-11-03 15:52:31
1824347346374656005,2024-08-16 09:27:56 +02:00,sthienard,@Freebox je crois qu'il y a un problème à résoudre aujourd'hui... Merci https://t.co/WhDJ50Na0Q,je crois quil y a un problème à résoudre aujourdhui merci,2025-11-03 15:52:31
1824356169395130431,2024-08-16 10:03:00 +02:00,yannickg1975,Bonjour @Freebox .\nMaj 1.5.9 installée aujourd'hui. Je crois qu'il y a comme un problème. Le CEC ne fonctionne plus non plus.\n@UniversFreebox https://t.co/MnNR8qNwWx,bonjour nmaj 159 installée aujourdhui je crois quil y a comme un problème le cec ne fonctionne plus non plusn,2025-11-03 15:52:31
1824359711002501187,2024-08-16 10:17:04 +02:00,wice9721,"Ici un rack bâtiment refait à neuf l'année dernière...\nSaboté par les techniciens @free ou @Freebox bref rien à foutre...\nQuoi qu'il en soit après la 5ème ou 6ème coupure depuis la réfection, le prochain technicien qui me débranche je le frappe... @CoeurEssonne https://t.co/bkoq5fSBUb",ici un rack bâtiment refait à neuf lannée dernièrensaboté par les techniciens ou bref rien à foutrenquoi quil en soit après la 5ème ou 6ème coupure depuis la réfection le prochain technicien qui me débranche je le frappe,2025-11-03 15:52:31
1824399291395227900,2024-08-16 12:54:21 +02:00,nicolas_thinot,"Quand @free fait le forcing pour installer la box, avec de faux arguments, chez des personnes de 93 ans, et que les installateurs repartent et que le télé et le téléphone ne fonctionnent plus ! On passe à la concurrence.",quand fait le forcing pour installer la box avec de faux arguments chez des personnes de 93 ans et que les installateurs repartent et que le télé et le téléphone ne fonctionnent plus on passe à la concurrence,2025-11-03 15:52:31
1824417678729085042,2024-08-16 14:07:25 +02:00,kiruaZ_7,"Qu’est qui ce passe @free de 8h a 13h j’avais plus de réseau plus de wifi plus rien, le réseau est revenu mais ma wifi bug comme jamais",quest qui ce passe de 8h a 13h javais plus de réseau plus de wifi plus rien le réseau est revenu mais ma wifi bug comme jamais,2025-11-03 15:52:31
1824437776596488503,2024-08-16 15:27:17 +02:00,fabien_verhulst,"@Free_1337 hello depuis 15h suite un passage a l étape 2 de ma delta , je n ai plus les droits sur canal plus, que faire ?",hello depuis 15h suite un passage a l étape 2 de ma delta je n ai plus les droits sur canal plus que faire,2025-11-03 15:52:31
1824485879060025615,2024-08-16 18:38:25 +02:00,vid78,@free \nVos changements de tarifs sont scandaleux. Je n'ai jamais souscris certains services et je paye 70 euros pas mois mais vous êtes fous....,nvos changements de tarifs sont scandaleux je nai jamais souscris certains services et je paye 70 euros pas mois mais vous êtes fous,2025-11-03 15:52:31
1824492991345521150,2024-08-16 19:06:41 +02:00,magali0875,@Freebox coucou. Depuis ce matin plus de wifi. La free reste bloquée sur étape 4. On me dit que c une panne générale et que l'intervention se fait a distance..bien sûr..veille de week-end. On en parle ?????? https://t.co/4kHY7fGxzD,coucou depuis ce matin plus de wifi la free reste bloquée sur étape 4 on me dit que c une panne générale et que lintervention se fait a distancebien sûrveille de weekend on en parle,2025-11-03 15:52:31
1824501279369937319,2024-08-16 19:39:37 +02:00,Eagleone98,@Freebox J'ai fait des démarches pour changer la Freebox Mini 4k pour la nouvelle Freebox Revolution light. J'ai appelé au 1044 et en boutique on me dit que c'est possible mais au 3244 que NON. Je fait quoi? Pourquoi les nouveaux clients sont mieux traiter que les anciens ?,jai fait des démarches pour changer la freebox mini 4k pour la nouvelle freebox revolution light jai appelé au 1044 et en boutique on me dit que cest possible mais au 3244 que non je fait quoi pourquoi les nouveaux clients sont mieux traiter que les anciens,2025-11-03 15:52:31
1824518636335153397,2024-08-16 20:48:35 +02:00,7melca,VOILÀ MON FRÈRE,voilà mon frère,2025-11-03 15:52:31
1824520708002582984,2024-08-16 20:56:49 +02:00,easyit,@free l'application Ligue 1 est HS. Dommage pour la reprise du championnat 😂,lapplication ligue 1 est hs dommage pour la reprise du championnat,2025-11-03 15:52:31
1824537525777731593,2024-08-16 22:03:39 +02:00,LmstMlle,Faut voir mon combat avec @Freebox  mdr sfr j’arrive,faut voir mon combat avec mdr sfr jarrive,2025-11-03 15:52:31
1824539639094579492,2024-08-16 22:12:02 +02:00,Maths78jl,Hey @Freebox et @M6plusofficiel c'est normal que l'on n'ait pas de sous-titres sur la Freebox révolution?,hey et cest normal que lon nait pas de soustitres sur la freebox révolution,2025-11-03 15:52:31
1824723089822789954,2024-08-17 10:21:00 +02:00,ArnaudJouzac,"@Free_1337 Bonjour, incident collectif fibre impactant la rue Tredez à Dugny 93440 depuis hier 15h. Une idée du temps de résolution ?",bonjour incident collectif fibre impactant la rue tredez à dugny 93440 depuis hier 15h une idée du temps de résolution,2025-11-03 15:52:31
1824754998737002967,2024-08-17 12:27:48 +02:00,ThaliaGey,@Freebox depuis mercredi matin pas de wifi la @freebox est bloqué à l’étape 2 et aucun technicien n’est disponible pour réparer la panne 🙄,depuis mercredi matin pas de wifi la est bloqué à létape 2 et aucun technicien nest disponible pour réparer la panne,2025-11-03 15:52:31
1824757855683043698,2024-08-17 12:39:09 +02:00,benchristophe,@free quand est ce que ma ligne va être raccordée sur at FT? Pourquoi est ce si long?? 15 jours c’est 14 jours et 23h59 mins de trop…,quand est ce que ma ligne va être raccordée sur at ft pourquoi est ce si long 15 jours cest 14 jours et 23h59 mins de trop,2025-11-03 15:52:31
1824778592854675580,2024-08-17 14:01:33 +02:00,RatDegoutMaudit,"@free bonjour,\n\nQuand vais-je recevoir les étiquettes pour vous restituer le matériel @freebox svp ?\nPuis-je vous le rendre directement en boutique ?\nMerci",bonjournnquand vaisje recevoir les étiquettes pour vous restituer le matériel svp npuisje vous le rendre directement en boutique nmerci,2025-11-03 15:52:31
1824780760387031474,2024-08-17 14:10:10 +02:00,BVoeckler,@Freebox Ras le bol de vos pannes il n’y a que ça ces derniers temps … faites le nécessaire pour rétablir votre réseau sinon on partira chez le concurrent Orange ! 😡😡😡,ras le bol de vos pannes il ny a que ça ces derniers temps faites le nécessaire pour rétablir votre réseau sinon on partira chez le concurrent orange,2025-11-03 15:52:31
1824803898181243145,2024-08-17 15:42:07 +02:00,Loloscrt,"@Freebox service technique totalement à l'ouest, n'écoute pas ses clients et se contente de lire leur papier.... se fout ouvertement de la gueule des gens en ligne car on les attend rigoler! 1 semaine que je paye pour rien car toujours plus d'internet et personne regle le pb...",service technique totalement à louest nécoute pas ses clients et se contente de lire leur papier se fout ouvertement de la gueule des gens en ligne car on les attend rigoler 1 semaine que je paye pour rien car toujours plus dinternet et personne regle le pb,2025-11-03 15:52:31
1824826511490240918,2024-08-17 17:11:58 +02:00,Onelyman,À cause de ces connards d’@Orange_France  je dois attendre 10 jours pour une intervention @free  tout aussi incompétent. \nOn se casse de chez vous bandes d’incapables !,à cause de ces connards d je dois attendre 10 jours pour une intervention tout aussi incompétent non se casse de chez vous bandes dincapables,2025-11-03 15:52:31
1824832088656273886,2024-08-17 17:34:08 +02:00,Liammgnr,@Freebox Par pitié vous pouvez m'envoyer un message en mp j'en peux plus de ma connexion,par pitié vous pouvez menvoyer un message en mp jen peux plus de ma connexion,2025-11-03 15:52:31
1824864084539346950,2024-08-17 19:41:16 +02:00,Julien2542,Sinon @bouyguestelecom @free @Orange_France @SFR c est possible d’avoir une offre box sans avoir la Télé comprise dedans ( qui rallonge forcément le prix de l’abonnement :) ) ?,sinon c est possible davoir une offre box sans avoir la télé comprise dedans qui rallonge forcément le prix de labonnement,2025-11-03 15:52:31
1824878134170431847,2024-08-17 20:37:06 +02:00,alice_dcnk,"@free pouvez-vous donner suite à mon message asap ? Message inquiétant concernant un colis prétendument non-reçu alors qu'envoyé en relais colis il y a 1 mois (équipements box après résiliation). Sur internet, de nombreuses personnes se plaignent d'arnaque et d'abus similaires.",pouvezvous donner suite à mon message asap message inquiétant concernant un colis prétendument nonreçu alors quenvoyé en relais colis il y a 1 mois équipements box après résiliation sur internet de nombreuses personnes se plaignent darnaque et dabus similaires,2025-11-03 15:52:31
1824904557333270539,2024-08-17 22:22:06 +02:00,soraya_khadir,@SFR @free @Freebox @VilledeConflans nous sommes un certain nombre de clients sans aucune connexion à internet depuis une semaine et sans précision de solution. Chaque opérateur se renvoie la balle. C’est une honte.  Que faites vous ? #fibre #conflansstehonorine,nous sommes un certain nombre de clients sans aucune connexion à internet depuis une semaine et sans précision de solution chaque opérateur se renvoie la balle cest une honte que faites vous,2025-11-03 15:52:31
1825176342390018383,2024-08-18 16:22:04 +02:00,stefmhb38,Salut @Freebox @free \nMa ligne est coupée pour la 3eme fois en 2 mois et à nouveau vous me dites que la visite du technicien aura lieu dans 10 jours😱 ! \nEn m'expliquant que d'ici là je me demerde... \nY'a pas un peu d'abus là ? Je fais comment pour bosser ?,salut nma ligne est coupée pour la 3eme fois en 2 mois et à nouveau vous me dites que la visite du technicien aura lieu dans 10 jours nen mexpliquant que dici là je me demerde nya pas un peu dabus là je fais comment pour bosser,2025-11-03 15:52:31
1825274146265121258,2024-08-18 22:50:43 +02:00,eliotl007,"@free , je vous manque ou quoi, ça fait même pas quelque mois que j'ai plus de problèmes après une succession de plusieurs problèmes et maintenant j'en ai quand le service technique est fermé. Un peu relou en pleine partie 😉",je vous manque ou quoi ça fait même pas quelque mois que jai plus de problèmes après une succession de plusieurs problèmes et maintenant jen ai quand le service technique est fermé un peu relou en pleine partie,2025-11-03 15:52:31
1825289397652316424,2024-08-18 23:51:19 +02:00,288_689,@free remettez la wifi pitié je suis au chapitre 6 d’un livre tellement je me fais chier,remettez la wifi pitié je suis au chapitre 6 dun livre tellement je me fais chier,2025-11-03 15:52:31
1825393528060477791,2024-08-19 06:45:05 +02:00,zoneadsl_panne,"⚠#PANNE  FREE MOBILE EN COURS⚠\n 📡20 freenautes ont remonté des problèmes sur le réseau #mobile de #Free depuis 19h28\n🌍Villes concernées : L'Hôpital (57490), Carling (57490)\n⬇️⬇️⬇️\nhttps://t.co/U4HQRFCDxu",free mobile en coursn 20 freenautes ont remonté des problèmes sur le réseau de depuis 19h28nvilles concernées lhôpital 57490 carling 57490nn,2025-11-03 15:52:31
1825440341123559751,2024-08-19 09:51:07 +02:00,Rossoneroo7,Quand y a un bug de réseau vous faites pas semblant hein. Pas de réseau de 21h a 9h du matin bande de con @free,quand y a un bug de réseau vous faites pas semblant hein pas de réseau de 21h a 9h du matin bande de con,2025-11-03 15:52:31
1825443634486927640,2024-08-19 10:04:12 +02:00,Zodiac_73,@Freebox écrasement de ma ligne fibre depuis jeudi plus rien ne fonctionne et des conseillers qui se contentent de relancer le service fibre qui ne donne aucune nouvelle.,écrasement de ma ligne fibre depuis jeudi plus rien ne fonctionne et des conseillers qui se contentent de relancer le service fibre qui ne donne aucune nouvelle,2025-11-03 15:52:31
1825457311940247808,2024-08-19 10:58:33 +02:00,PROSPeRFUN,. @Freebox @Xavier75 10j que j’ai passé commande et 10j que l’on me dit que je vais recevoir un mail pour prise de rdv avec le technicien…n’empêche que j’ai tjs pas le net depuis le 9… :( je suis tristesse,10j que jai passé commande et 10j que lon me dit que je vais recevoir un mail pour prise de rdv avec le techniciennempêche que jai tjs pas le net depuis le 9 je suis tristesse,2025-11-03 15:52:31
1825466139960283354,2024-08-19 11:33:37 +02:00,IllIIIllIllIIIl,@Freebox bonjour j’ai besoin d’aide concernant ma freebox,bonjour jai besoin daide concernant ma freebox,2025-11-03 15:52:31
1825478954918043744,2024-08-19 12:24:33 +02:00,pbeyssac,"La vision d'ingénierie vs la vision financière, les résultats en service rendu sont au rendez-vous, je préfère la stratégie Xav75 sans hésiter. https://t.co/T8h7QOLVEk",la vision dingénierie vs la vision financière les résultats en service rendu sont au rendezvous je préfère la stratégie xav75 sans hésiter,2025-11-03 15:52:31
1825503644441092424,2024-08-19 14:02:39 +02:00,nelisiane,"Cela fait 15 jours que je n'ai plus internet, j'attendais impatiemment mon rendez-vous de demain avec un technicien.\nEt là, @Freebox a annulé mon rendez-vous.\nIl me propose le prochain créneau le 26 août. Vous vous foutez pas un peu de la gueule de vos clients par hasard!? \n#free",cela fait 15 jours que je nai plus internet jattendais impatiemment mon rendezvous de demain avec un techniciennet là a annulé mon rendezvousnil me propose le prochain créneau le 26 août vous vous foutez pas un peu de la gueule de vos clients par hasard n,2025-11-03 15:52:31
1825520441894568159,2024-08-19 15:09:24 +02:00,Marieki6611,@free @Freebox a cause de techniciens irrespectueux qui débranchent les abonnés depuis des années pour brancher les nouveaux nous devons rester sans Freebox une semaine. Dégâts occasionnés le 16 août et un rendez vous le 26 août ? On se moque de qui? C'est une honte! Je résilie,a cause de techniciens irrespectueux qui débranchent les abonnés depuis des années pour brancher les nouveaux nous devons rester sans freebox une semaine dégâts occasionnés le 16 août et un rendez vous le 26 août on se moque de qui cest une honte je résilie,2025-11-03 15:52:31
1825532562384548326,2024-08-19 15:57:34 +02:00,SLb_74,"Dites @Freebox c’est normal de n’avoir aucun accès wifi depuis le 9 août, sans pouvoir accéder non + à votre service d’assistance et sans aucune autre solution que le partage de connexion via mon forfait mobile? \nFinalement il vaut mieux payer + pour un meilleur service.",dites cest normal de navoir aucun accès wifi depuis le 9 août sans pouvoir accéder non à votre service dassistance et sans aucune autre solution que le partage de connexion via mon forfait mobile nfinalement il vaut mieux payer pour un meilleur service,2025-11-03 15:52:31
1825532737102426582,2024-08-19 15:58:15 +02:00,MarieCatin,Tel a @free pour un problème de télécommande et tomber sur un conseiller qui te méprise et te dire que tu lui fait perdre du temps mais qu il est payé… que répondre \n#free #freebox @free @Freebox #shame,tel a pour un problème de télécommande et tomber sur un conseiller qui te méprise et te dire que tu lui fait perdre du temps mais qu il est payé que répondre n,2025-11-03 15:52:31
1825545848354492477,2024-08-19 16:50:21 +02:00,buissonboi,@free on a un soucis sur un colis là,on a un soucis sur un colis là,2025-11-03 15:52:31
1825549775871377551,2024-08-19 17:05:58 +02:00,Aptarus,"@Freebox bonjour, quel est le délai actuel pour revenir sa Freebox Ultra sur une migration ? Sachant que ma ligne fibre a été rendue compatible aujourd'hui.",bonjour quel est le délai actuel pour revenir sa freebox ultra sur une migration sachant que ma ligne fibre a été rendue compatible aujourdhui,2025-11-03 15:52:31
1825550368283201899,2024-08-19 17:08:19 +02:00,BenoitFrimon,Bonjour @FreePro @free\n\nJ'ai ouvert une demande d'assistance le 3 juillet 2024. Je n'ai pas de réponse alors que votre commerciale me promettait des réponses dans les 72h (ce qui me convenait très bien).\n\nQue dois-je faire pour que vous me répondiez ?,bonjour nnjai ouvert une demande dassistance le 3 juillet 2024 je nai pas de réponse alors que votre commerciale me promettait des réponses dans les 72h ce qui me convenait très biennnque doisje faire pour que vous me répondiez,2025-11-03 15:52:31
1825563268653428767,2024-08-19 17:59:35 +02:00,Marvel_ousGirl,"Sinon, @free , @Orange_France Vous proposez quoi en terme de d'abonnement Fibre ? Histoire de remplacer @bouyguestelecom qui me balade depuis des mois ?",sinon vous proposez quoi en terme de dabonnement fibre histoire de remplacer qui me balade depuis des mois,2025-11-03 15:52:31
1825618597323890973,2024-08-19 21:39:26 +02:00,Trafyanis,@free allez bien vous faire enculer avec votre box qui bug tout les jours et aujourd'hui plus que d'habitude impossible d'avoir internet + impossible de vous joindre,allez bien vous faire enculer avec votre box qui bug tout les jours et aujourdhui plus que dhabitude impossible davoir internet impossible de vous joindre,2025-11-03 15:52:31
1825650335505133985,2024-08-19 23:45:33 +02:00,Willow_127,@free je pense que c’est la panne de trop ! Nous allons devoir nous séparer,je pense que cest la panne de trop nous allons devoir nous séparer,2025-11-03 15:52:31
1825656525047959700,2024-08-20 00:10:09 +02:00,MizunaraGie,@free c’est normal que sur tout un secteur ( Melun ) les gens n’aient pas de réseau? Et vous dites rien ?,cest normal que sur tout un secteur melun les gens naient pas de réseau et vous dites rien,2025-11-03 15:52:31
1825660794463289593,2024-08-20 00:27:07 +02:00,CocoDjodjo7,@free je suis désolé mais la panne là m’a fais comprendre que je dois te quitter déjà que j’ai pas fibre avec vous c bon je vais chez @REDbySFR,je suis désolé mais la panne là ma fais comprendre que je dois te quitter déjà que jai pas fibre avec vous c bon je vais chez,2025-11-03 15:52:31
1825663587077038206,2024-08-20 00:38:13 +02:00,Laetitia_Sn,Free sachez que des demain c’est fini c’est quoi c’est panne de 6h?? @free,free sachez que des demain cest fini cest quoi cest panne de 6h,2025-11-03 15:52:31
1825703252421169416,2024-08-20 03:15:49 +02:00,Kitsupied_,@free C'est possible de pas avoir des bigs latence/ crash pendant mes ranked Valo??,cest possible de pas avoir des bigs latence crash pendant mes ranked valo,2025-11-03 15:52:31
1825721527641452713,2024-08-20 04:28:27 +02:00,NoCom2enTQLF,@free vous avez avant 9h du matin pour me répondre ou sinon votre box de merde fini dans l’eau.,vous avez avant 9h du matin pour me répondre ou sinon votre box de merde fini dans leau,2025-11-03 15:52:31
1825757871620939898,2024-08-20 06:52:52 +02:00,KatsukiSet,@Freebox les vacances ce passe bien ... plus d'un mois sans internet et des rendez vous où le technicien ne viens même pas....,les vacances ce passe bien plus dun mois sans internet et des rendez vous où le technicien ne viens même pas,2025-11-03 15:52:31
1825771894424883308,2024-08-20 07:48:35 +02:00,chersmokes,bonjour @free on paye la fibre ou l’ADSL chez vous ? https://t.co/tGmKpxHeFu,bonjour on paye la fibre ou ladsl chez vous,2025-11-03 15:52:31
1825787402633244711,2024-08-20 08:50:12 +02:00,shems77000,@free euh y’a un problème là réparer votre connexion on paye pas pour rien,euh ya un problème là réparer votre connexion on paye pas pour rien,2025-11-03 15:52:31
1825842167467675685,2024-08-20 12:27:49 +02:00,Kevin_Angama,"@Freebox j'essaye de souscrire en ligne une box 4g + , mon logement étant dans une zone blanche mais impossible depuis votre site et votre service client ...\nComment m'aider ?",jessaye de souscrire en ligne une box 4g mon logement étant dans une zone blanche mais impossible depuis votre site et votre service client ncomment maider,2025-11-03 15:52:31
1825845257558278512,2024-08-20 12:40:06 +02:00,FabienBouns,@Freebox donc pour vous la le travaille de votre technicien est fini ? \n\nParce que la box est branché alors qu’on voulait la déplacer 🧐 https://t.co/0As1xRY1Mx,donc pour vous la le travaille de votre technicien est fini nnparce que la box est branché alors quon voulait la déplacer,2025-11-03 15:52:31
1825850547242459146,2024-08-20 13:01:07 +02:00,iHassanCann,"@free Depuis hier j’ai pas de connexion et depuis ce matin, j’ai signalé l’affaire à l’assistance @Freebox. Délais d’attente de 45min dépassé, mais toujours pas de solution ! \nJ’ai pas non plus vu une déduction sur ma facture suite à la dernière grosse coupure «#free !",depuis hier jai pas de connexion et depuis ce matin jai signalé laffaire à lassistance délais dattente de 45min dépassé mais toujours pas de solution njai pas non plus vu une déduction sur ma facture suite à la dernière grosse coupure,2025-11-03 15:52:31
1825854788887605397,2024-08-20 13:17:59 +02:00,Haabzeinberg,"@free @Freebox  Quand vous voulez vous me changez ma freebox revolution par une pop à jour en techno sans frais de migration ?  C'est vrai que ça fait juste 20 ans que je suis chez vous, pas assez fidèle je pense.",quand vous voulez vous me changez ma freebox revolution par une pop à jour en techno sans frais de migration cest vrai que ça fait juste 20 ans que je suis chez vous pas assez fidèle je pense,2025-11-03 15:52:31
1825856246747984042,2024-08-20 13:23:46 +02:00,b_mtnd,Pitié @free réglez vite le problème y’a Koh-Lanta ce soir… https://t.co/ZKLFyFdU3x,pitié réglez vite le problème ya kohlanta ce soir,2025-11-03 15:52:31
1825857516648976784,2024-08-20 13:28:49 +02:00,autocarParisien,"Bonjour @free , je compte quitter @bouyguestelecom ( car ils aiment trop augmenter de 2€ leurs forfait pour nous donner des Go en plus alors que j’en ai pas besoin ) bref je veux prendre une box et ajouter 2 portables mais je n’y arrive pas , c’est possible ou pas chez vous ?",bonjour je compte quitter car ils aiment trop augmenter de 2 leurs forfait pour nous donner des go en plus alors que jen ai pas besoin bref je veux prendre une box et ajouter 2 portables mais je ny arrive pas cest possible ou pas chez vous,2025-11-03 15:52:31
1825921208174428171,2024-08-20 17:41:54 +02:00,nouzretteu,"@free @Freebox vous ne voulez pas juste avoir un service client décent? \nJ’ai signalé une panne sur ma Freebox, je reçois un SMS pour organiser un rdv mais quand je clique sur le lien je ne peux pas prendre de rdv. Est-ce une panne ? Bougez-vous !!!",vous ne voulez pas juste avoir un service client décent njai signalé une panne sur ma freebox je reçois un sms pour organiser un rdv mais quand je clique sur le lien je ne peux pas prendre de rdv estce une panne bougezvous,2025-11-03 15:52:31
1825944235528564906,2024-08-20 19:13:24 +02:00,david_ducrocq62,@Freebox \nBonsoir\nAbonné Freebox depuis de nombreuses années.\nActuellement sur abonnement Freebox Delta.\nJ'aimerais bénéficier d'un dispositif Pocket Wifi.\nMerci de me dire comment procéder ?\nMerci \nDavid Ducrocq,nbonsoirnabonné freebox depuis de nombreuses annéesnactuellement sur abonnement freebox deltanjaimerais bénéficier dun dispositif pocket wifinmerci de me dire comment procéder nmerci ndavid ducrocq,2025-11-03 15:52:31
1825977711476748749,2024-08-20 21:26:26 +02:00,LaurentCREPET,"Bonsoir @free.\nOn peut pas vous envoyer des requêtes sur abuse@free.fr depuis Gmail ? Une vengeance ?\n\nThe response from the remote server was:\n\n451 too many errors detected from your IP (209.85.128.65), please visit https://t.co/BcqDcLYuj7",bonsoir non peut pas vous envoyer des requêtes sur abusefr depuis gmail une vengeance nnthe response from the remote server wasnn451 too many errors detected from your ip 2098512865 please visit,2025-11-03 15:52:31
1825989341321023681,2024-08-20 22:12:38 +02:00,Frenchy_Mars,@UniversFreebox avt de sortir une offre sérieux réglez votre Putin de connexion de merde !!!!!!!!!!!! Casse couille de ces coupures sérieux !!!!!! Tjs en panne #freeboxhs,avt de sortir une offre sérieux réglez votre putin de connexion de merde casse couille de ces coupures sérieux tjs en panne,2025-11-03 15:52:31
1825992013323346332,2024-08-20 22:23:15 +02:00,FranckScuotto,"@free @freemobile @Freebox @Free_1337 \nc'est quoi ce BORDEL au Lavandou !?\n\nJe suis en FIBRE, j'ai un réseau de MERDE !\nJe suis en Wifi, j'ai un réseau de MERDE !\nJe suis en 4G, j'ai un réseau de MERDE !\n\nC'est quoi vos antennes à la noix ?!\nÀ partir de 21h45, je capte QUE DALLE!",ncest quoi ce bordel au lavandou nnje suis en fibre jai un réseau de merde nje suis en wifi jai un réseau de merde nje suis en 4g jai un réseau de merde nncest quoi vos antennes à la noix nà partir de 21h45 je capte que dalle,2025-11-03 15:52:31
1826047292149039596,2024-08-21 02:02:55 +02:00,BerettaOfficiel,C’est un peu too much les pann chez @free,cest un peu too much les pann chez,2025-11-03 15:52:31
1826097600145100970,2024-08-21 05:22:49 +02:00,_Cizik_,"@free @Xavier75 vous m'avez fait perdre une journée de travail et une nuit de Dofus, je vous en veux tellement pitié",vous mavez fait perdre une journée de travail et une nuit de dofus je vous en veux tellement pitié,2025-11-03 15:52:31
1826177915064631735,2024-08-21 10:41:58 +02:00,mhdiminuit,"bonjour @free @Xavier75 , j’ai reçu une lettre de huissier de votre part concernant des équipements non retournés alors que je les ai bien renvoyés. Je ne trouve aucun moyen de vous joindre, comment dois-je faire ?",bonjour jai reçu une lettre de huissier de votre part concernant des équipements non retournés alors que je les ai bien renvoyés je ne trouve aucun moyen de vous joindre comment doisje faire,2025-11-03 15:52:31
1826184760789499910,2024-08-21 11:09:10 +02:00,ororent,@free vos conseillers qui répondent « aucune idée » et qui trouvent pas de solution pour pas se retrouver sans internet pour des étudiants à moins de payer en plus c’est la honte hein,vos conseillers qui répondent aucune idée et qui trouvent pas de solution pour pas se retrouver sans internet pour des étudiants à moins de payer en plus cest la honte hein,2025-11-03 15:52:31
1826206190658842898,2024-08-21 12:34:19 +02:00,acasado_chan,"Franchement je suis furieuse ! @free j'ai été fidèle depuis mes études en 2012, j'ai toujours été chez vous, j'ai toujours dit que free c'était super ! En 2022 j'achète mon terrain j'appelle free pour la viabilisation internet, on me dit que free s'occupe de tout (1-..)",franchement je suis furieuse jai été fidèle depuis mes études en 2012 jai toujours été chez vous jai toujours dit que free cétait super en 2022 jachète mon terrain jappelle free pour la viabilisation internet on me dit que free soccupe de tout 1,2025-11-03 15:52:31
1826243910534152239,2024-08-21 15:04:12 +02:00,AD_Mlt_,@Freebox wsh faut remettre la co la,wsh faut remettre la co la,2025-11-03 15:52:31
1826249247668515289,2024-08-21 15:25:25 +02:00,HRT4TTCK,"c’est n’importe quoi ça fait 1 mois qu’on à pas de wifi chez @free a cause d’une soit-disant panne dans notre secreur alors on nous à donné une ""solution de secours"" dite geste commercial en nous donnant de la 4g qui ne fonctionne pas??",cest nimporte quoi ça fait 1 mois quon à pas de wifi chez a cause dune soitdisant panne dans notre secreur alors on nous à donné une solution de secours dite geste commercial en nous donnant de la 4g qui ne fonctionne pas,2025-11-03 15:52:31
1826266315084222578,2024-08-21 16:33:14 +02:00,ArkaneFr,"@free @Freebox les pires… vivement le mois prochain que je parte… que des déconnexions quotidiennes qui durent plusieurs heures sans raison ou sans être prévenu… des authentifications à la box impossibles, des reboots de box sans raison.. top pour bosser en bonne condition…",les pires vivement le mois prochain que je parte que des déconnexions quotidiennes qui durent plusieurs heures sans raison ou sans être prévenu des authentifications à la box impossibles des reboots de box sans raison top pour bosser en bonne condition,2025-11-03 15:52:31
1826267483097243791,2024-08-21 16:37:53 +02:00,YSamarati,J'ai besoin de votre aide. @Freebox essaie de me voler. J'ai suspendu ma ligne FO27959834 et renvoyé les équipements le 13.07 ils l'on reçu le 18.07 et aujourd'hui le 19.08 il m'informe qu'il n'ont rien reçu. Que faire ? Il menace de me prélever plus de 150€. Que faire ?,jai besoin de votre aide essaie de me voler jai suspendu ma ligne fo27959834 et renvoyé les équipements le 1307 ils lon reçu le 1807 et aujourdhui le 1908 il minforme quil nont rien reçu que faire il menace de me prélever plus de 150 que faire,2025-11-03 15:52:31
1826280762586583041,2024-08-21 17:30:39 +02:00,incognitoo273,@reputationboy @Xavier75 @free @Freebox @Xavier75 faut vraiment commencer à s’inquiéter de votre service client qui est catastrophique,faut vraiment commencer à sinquiéter de votre service client qui est catastrophique,2025-11-03 15:52:31
1826306699810275444,2024-08-21 19:13:43 +02:00,thunder5962,"@free @Xavier75 Monsieur Free, je reçois sans arrêt des appels sur mon mobile qui est sur liste rouge et sur bloctel. J'ai déjà dit que je ne suis pas intéressé et ça continue.  Faut déposer une plainte pour que cela cesse ? 😡😡😡",monsieur free je reçois sans arrêt des appels sur mon mobile qui est sur liste rouge et sur bloctel jai déjà dit que je ne suis pas intéressé et ça continue faut déposer une plainte pour que cela cesse,2025-11-03 15:52:31
1826312498083233983,2024-08-21 19:36:45 +02:00,rohel65,Service @free en dessous de tout … rdv pris pour un passage de technicien entre 15:00 et 17:00 … il est 19:34 … toujours rien en vue. \nUne pensée pour le technicien qui a pris le soin de m’appeler pour me dire qu’il était très en retard dans son planning\nBref … nul,service en dessous de tout rdv pris pour un passage de technicien entre 1500 et 1700 il est 1934 toujours rien en vue nune pensée pour le technicien qui a pris le soin de mappeler pour me dire quil était très en retard dans son planningnbref nul,2025-11-03 15:52:31
1826328873212223492,2024-08-21 20:41:49 +02:00,HipiasPSYfr,Bonjour @Freebox \nDepuis quelques temps ma box subit de nombreuses coupures et certaines dépassent plusieurs heures.\nMon téléphone quand à lui perd de la puissance (passant de la 4G au H+)\n\nQue ce passe t'il et aller vous faire quelques choses ?\nBien cordialement ! https://t.co/94dkOUpS0g,bonjour ndepuis quelques temps ma box subit de nombreuses coupures et certaines dépassent plusieurs heuresnmon téléphone quand à lui perd de la puissance passant de la 4g au hnnque ce passe til et aller vous faire quelques choses nbien cordialement,2025-11-03 15:52:31
1826378299016446110,2024-08-21 23:58:13 +02:00,Ryou00212,@free @Free_1337 @freemobile @Freebox décidément le pire opérateur de tous les temps en plus d’une connexion catastrophique chaque jour nous voilà depuis ce matin sans internet mobile et box c’est décidé je me casse fuyez !,décidément le pire opérateur de tous les temps en plus dune connexion catastrophique chaque jour nous voilà depuis ce matin sans internet mobile et box cest décidé je me casse fuyez,2025-11-03 15:52:31
1826436345033535582,2024-08-22 03:48:52 +02:00,joshiinho,J’ai ce bug depuis votre maintenance de mardi sur console. Je ne peux pas jouer.\n@VALORANT @VALORANTfr https://t.co/FoV3MHyHlk,jai ce bug depuis votre maintenance de mardi sur console je ne peux pas jouern,2025-11-03 15:52:31
1826495796436402403,2024-08-22 07:45:07 +02:00,Shye_TF,"Hello @free, devoir payer 40€ de frais d’installation xDSL ça pique en 2024… Surtout quand la ville est complètement fibrée… (et que mon logement est déjà raccordé en xDSL mais passons… https://t.co/ay48Eehwxb",hello devoir payer 40 de frais dinstallation xdsl ça pique en 2024 surtout quand la ville est complètement fibrée et que mon logement est déjà raccordé en xdsl mais passons,2025-11-03 15:52:31
1826546568180138036,2024-08-22 11:06:52 +02:00,dogue_allemand,"Bjr @Freebox  il ne faut pas tomber en panne au mois août, freebox étape 2 bloqué, rdv seulement dans 15jrs,vs remboursez l'abonnement en cas de service indisponible.",bjr il ne faut pas tomber en panne au mois août freebox étape 2 bloqué rdv seulement dans 15jrsvs remboursez labonnement en cas de service indisponible,2025-11-03 15:52:31
1826556687316074894,2024-08-22 11:47:04 +02:00,seblavie94,Je suis mecontent de @free @Freebox  depuis ce matin j ai plus internet .. peu apres 11h j ai a nouveau internet un techicien passe je ne l ai plus a nouveau ... c est une blague je ne peux bosser je suis en tele travail un geste commercial j espere ...,je suis mecontent de depuis ce matin j ai plus internet peu apres 11h j ai a nouveau internet un techicien passe je ne l ai plus a nouveau c est une blague je ne peux bosser je suis en tele travail un geste commercial j espere,2025-11-03 15:52:31
1826625928535126158,2024-08-22 16:22:13 +02:00,FleyoTv,"Ça fait 13 jours que j’ai pas internet et là on vient de m’annoncer que la réparation est retardée de minimum une semaine.\n\n@free si vous voulez pas que je casse quelque chose, faites un truc.",ça fait 13 jours que jai pas internet et là on vient de mannoncer que la réparation est retardée de minimum une semainenn si vous voulez pas que je casse quelque chose faites un truc,2025-11-03 15:52:31
1826636123344699716,2024-08-22 17:02:43 +02:00,THeimano,@Freebox nous n’avons toujours pas de connexion internet à bourg en bresse !!!! Cette panne dure depuis hier !!!,nous navons toujours pas de connexion internet à bourg en bresse cette panne dure depuis hier,2025-11-03 15:52:31
1826639002084278409,2024-08-22 17:14:10 +02:00,RFswiss,Bonjour @Freebox. Est-il possible d'utiliser un player devialet avec l'offre Freebox revolution light ?,bonjour estil possible dutiliser un player devialet avec loffre freebox revolution light,2025-11-03 15:52:31
1826667313896268135,2024-08-22 19:06:40 +02:00,lexxodj,C'est dernier mois chez @free c'est sur et certain,cest dernier mois chez cest sur et certain,2025-11-03 15:52:31
1826697481205547305,2024-08-22 21:06:32 +02:00,BeInRabatMaroc,@free alors comme ça on continue à prevelever des gens même quand ils ont résilié leur abonnement ?,alors comme ça on continue à prevelever des gens même quand ils ont résilié leur abonnement,2025-11-03 15:52:31
1826719305225891961,2024-08-22 22:33:15 +02:00,user_xYzz,"@free c’est quoi votre délire on peut même pas jouer a la play ça fait que bug, moi tout comme mes potes qui sont chez vous comme par hasard",cest quoi votre délire on peut même pas jouer a la play ça fait que bug moi tout comme mes potes qui sont chez vous comme par hasard,2025-11-03 15:52:31
1826724049810084070,2024-08-22 22:52:07 +02:00,MouhamadouTal14,"Bonjour @Freebox, je vous écris concernant un problème qui perdure et ne se régle pas. Puis-je prendre contact avec vous dans mes DM s’il vous plaît ?",bonjour je vous écris concernant un problème qui perdure et ne se régle pas puisje prendre contact avec vous dans mes dm sil vous plaît,2025-11-03 15:52:31
1826727674745696560,2024-08-22 23:06:31 +02:00,Grecipon1,Bonjour @free ! Des semaines que vos services me baladent sans rendez-vous pour rétablir la fibre ! \nPlease help https://t.co/xP3FkcBi4b,bonjour des semaines que vos services me baladent sans rendezvous pour rétablir la fibre nplease help,2025-11-03 15:52:31
1826851255769002145,2024-08-23 07:17:35 +02:00,EmiliaMala47827,"@Freebox je suis dans wi fi depuis 5 jours sur le Cannet.  On a tout essayé eu niveau service clientèle , technicien passe= rien résolu. Je commence à réunir les autres qui sont sans réseau comme nous , car c’est juste inadmissible . \nA bien tôt .",je suis dans wi fi depuis 5 jours sur le cannet on a tout essayé eu niveau service clientèle technicien passe rien résolu je commence à réunir les autres qui sont sans réseau comme nous car cest juste inadmissible na bien tôt,2025-11-03 15:52:31
1826875344873292196,2024-08-23 08:53:18 +02:00,elo_lpz,"@Freebox vous commencez à me rendre dingue, je suis à deux doigts de tout annuler. Un coup on me dit je peux avoir la fibre puis le technicien trouve rien donc on me dit qu’on va créer une ligne adsl puis quelqu’un d’autre me dit que finalement on va réessayer la fibre..",vous commencez à me rendre dingue je suis à deux doigts de tout annuler un coup on me dit je peux avoir la fibre puis le technicien trouve rien donc on me dit quon va créer une ligne adsl puis quelquun dautre me dit que finalement on va réessayer la fibre,2025-11-03 15:52:31
1826884583062749427,2024-08-23 09:30:01 +02:00,karitex75,"Mésaventures @free @Freebox \nNous avons voulu prendre un abonnement chez @free , tout avait bien commencé, bien que bizarrement dès le départ l’opérateur semblait ne pas trouver notre adresse. Et puis finalement c’était bon… Nous avons reçu la box et une pocketwifi 1/n",mésaventures nnous avons voulu prendre un abonnement chez tout avait bien commencé bien que bizarrement dès le départ lopérateur semblait ne pas trouver notre adresse et puis finalement cétait bon nous avons reçu la box et une pocketwifi 1n,2025-11-03 15:52:31
1826972989197312475,2024-08-23 15:21:18 +02:00,Salomerainbow,"Coucou @Xavier75 , j’ai un ami qui a perdu son père et malgré un milliard d’échanges avec vos services, les prélèvements continus. Il faut faire quoi pour obtenir gain de cause puisque la disparition d’une personne n’est pas suffisante ? \nVous pouvez agir ?",coucou jai un ami qui a perdu son père et malgré un milliard déchanges avec vos services les prélèvements continus il faut faire quoi pour obtenir gain de cause puisque la disparition dune personne nest pas suffisante nvous pouvez agir,2025-11-03 15:52:31
1826995505554948326,2024-08-23 16:50:47 +02:00,anthonybertiaux,@Freebox trop cool 3 jours sans internet et on me dit de patienter,trop cool 3 jours sans internet et on me dit de patienter,2025-11-03 15:52:31
1827007218442518794,2024-08-23 17:37:19 +02:00,LeD0ck_,"@Freebox  vous êtes trop fort. Après 6 ans de retard sur le câblage de la fibre dans mon bled, vous êtes le seul qui ne me fibre pas. Par contre ma voisine oui... vous allez tirer plus d'une câble pour allez chez elle que chez moi ... sur place c'est pas la même https://t.co/KDEVfDSNc6",vous êtes trop fort après 6 ans de retard sur le câblage de la fibre dans mon bled vous êtes le seul qui ne me fibre pas par contre ma voisine oui vous allez tirer plus dune câble pour allez chez elle que chez moi sur place cest pas la même,2025-11-03 15:52:31
1827012005007405104,2024-08-23 17:56:20 +02:00,yohann_sah,@free vos employés qui expliquent que si on a pas internet c’est « la faute a pas de chance » me donnent envie de passer chez un autre opérateur de façon très malchanceuse,vos employés qui expliquent que si on a pas internet cest la faute a pas de chance me donnent envie de passer chez un autre opérateur de façon très malchanceuse,2025-11-03 15:52:31
1827034465350103471,2024-08-23 19:25:35 +02:00,MiniSuzyQ64,@Freebox hello . Ma box est bloquée à l'étape 2 depuis hier ...,hello ma box est bloquée à létape 2 depuis hier,2025-11-03 15:52:31
1827069962768544101,2024-08-23 21:46:39 +02:00,mickaigle,Voici la qualité du service de replay de @free\nVous avez beau leurs signaler ils ne font absolument rien 😠\n\nPeut être qu'en affichant la qualité de vos services vous allez réagir 😠 https://t.co/cH1bzWdaQM,voici la qualité du service de replay de nvous avez beau leurs signaler ils ne font absolument rien nnpeut être quen affichant la qualité de vos services vous allez réagir,2025-11-03 15:52:31
1827108730598838352,2024-08-24 00:20:42 +02:00,Neeneliyah,"@Freebox je peux vous insulter toute votre arbre généalogique ? Plus d'une semaine voire 2 qu'internet ne fonctionne plus, et en plus de ça, vous dîtes que c'est une coupure générale ??? On va vous couper la WiFi à vous aussi chez vous, vous allez rien regarder avec nous.",je peux vous insulter toute votre arbre généalogique plus dune semaine voire 2 quinternet ne fonctionne plus et en plus de ça vous dîtes que cest une coupure générale on va vous couper la wifi à vous aussi chez vous vous allez rien regarder avec nous,2025-11-03 15:52:31
1827121536819437606,2024-08-24 01:11:35 +02:00,psgsetifien,Qui est chez @Freebox  ici ? #free est ce que vous aussi y a une maintenance ?,qui est chez ici est ce que vous aussi y a une maintenance,2025-11-03 15:52:31
1827229340188471752,2024-08-24 08:19:57 +02:00,KatsukiSet,@Freebox un manque de technicien ?? https://t.co/l2fTg5dvsn,un manque de technicien,2025-11-03 15:52:31
1827253725842354503,2024-08-24 09:56:51 +02:00,floflo530,"J'adore @free et @Xavier75 mais faut revoir le sav j'ai un soucis sur un répéteur wifi, la 1ere réponse faut réinitialiser la box ...\n2eme réponse le répéteur capte mal le wifi de la box, petit bémol est relié en rj45...\n3ème réponse c'est psk il est en ethernet que ça marche pas https://t.co/3pRgHUnGPw",jadore et mais faut revoir le sav jai un soucis sur un répéteur wifi la 1ere réponse faut réinitialiser la box n2eme réponse le répéteur capte mal le wifi de la box petit bémol est relié en rj45n3ème réponse cest psk il est en ethernet que ça marche pas,2025-11-03 15:52:31
1827301313895452816,2024-08-24 13:05:57 +02:00,Laury_bro971,Comment on fait pour avoir un conseiller au téléphone pour nous aider??? je tombe que sur l’assistant vocal qui propose pas grand chose…. @freemobile @Freebox @free,comment on fait pour avoir un conseiller au téléphone pour nous aider je tombe que sur lassistant vocal qui propose pas grand chose,2025-11-03 15:52:31
1827322329451438490,2024-08-24 14:29:28 +02:00,jaad_soo,depuis 2020 free il me doivent 200e,depuis 2020 free il me doivent 200e,2025-11-03 15:52:31
1827337835545772046,2024-08-24 15:31:04 +02:00,AlbanStramare,"Bonjour @free\nJe n’ai aucun retour sur mon incident alors que j’ai emménagé dans ma maison hier et qu’un opérateur devait me rappeler… \nJ’avais tout bien organisé, souscription de mon abonnement 10 jours avant l’aménagement, rdv installation la veille, et panne en - de 10h…",bonjour nje nai aucun retour sur mon incident alors que jai emménagé dans ma maison hier et quun opérateur devait me rappeler njavais tout bien organisé souscription de mon abonnement 10 jours avant laménagement rdv installation la veille et panne en de 10h,2025-11-03 15:52:31
1827340266702786911,2024-08-24 15:40:44 +02:00,nico_poir,"Bonjour @free et @OQEEbyFree ,\n\nJe viens de me rendre compte que Siri ne fonctionne plus avec OQEE by Free. Est-ce normal ? Ma grand-mère ne peut utiliser que cette option en raison de ses problèmes de vision.\n\nMerci pour votre aide.",bonjour et nnje viens de me rendre compte que siri ne fonctionne plus avec oqee by free estce normal ma grandmère ne peut utiliser que cette option en raison de ses problèmes de visionnnmerci pour votre aide,2025-11-03 15:52:31
1827356421358309710,2024-08-24 16:44:56 +02:00,Michel2laude,"@Freebox @Narbonne, pas loin d'une quinzaine de jours sans que vous ayez pu résoudre un problème de connexion.\nLe service technique qui se défile.\nUn rendez-vous annulé et maintenant 24 heures que j'attends des nouvelles du technicien, sans résultat !\nJe suis très en colère !😡",pas loin dune quinzaine de jours sans que vous ayez pu résoudre un problème de connexionnle service technique qui se défilenun rendezvous annulé et maintenant 24 heures que jattends des nouvelles du technicien sans résultat nje suis très en colère,2025-11-03 15:52:31
1827394377544560676,2024-08-24 19:15:45 +02:00,_Zepioz,"@free @Freebox  les gros clown ça fait 2 semaine que je suis chez eux et je commence déjà a être débranché !\nBien sur débranché a 14H et quand tu les appels ""non personne travaille le week-end aucun technicien n'est disponible avant lundi"" 🤡",les gros clown ça fait 2 semaine que je suis chez eux et je commence déjà a être débranché nbien sur débranché a 14h et quand tu les appels non personne travaille le weekend aucun technicien nest disponible avant lundi,2025-11-03 15:52:31
1827401040519365087,2024-08-24 19:42:14 +02:00,HugoStg10,"@free @Freebox @freemobile \nC’est bon aller vous faire foutre à un moment, 5 fois de l’année ou la boxe bloque à l’étape 2 et plus rien, impossible de contacter quelqu’un rdv le 29 août, pendant ce temps là on paye et rien de ne marche comme d’hab, élu pire service d’internet 🖕",ncest bon aller vous faire foutre à un moment 5 fois de lannée ou la boxe bloque à létape 2 et plus rien impossible de contacter quelquun rdv le 29 août pendant ce temps là on paye et rien de ne marche comme dhab élu pire service dinternet,2025-11-03 15:52:31
1827402222717825236,2024-08-24 19:46:56 +02:00,iscoshow,@free depuis hier le psn impossible de rentrer dans fifa ultimate team et de jouer à certains jeux en ligne ? Comment je fais ? 50€ par mois et aucune possibilités de profité de ma co,depuis hier le psn impossible de rentrer dans fifa ultimate team et de jouer à certains jeux en ligne comment je fais 50 par mois et aucune possibilités de profité de ma co,2025-11-03 15:52:31
1827459008321745294,2024-08-24 23:32:34 +02:00,TflgPete,"@Freebox ticket assistance fait à 15h19, il est 23h30, le problème n'est pas résolu, si pas résolu avant lundi je vais devoir prendre d'urgence un train et une chambre d'hôtel pour aller bosser, y a t-il vraiment des techniciens le week end ou est ce un mensonge ?",ticket assistance fait à 15h19 il est 23h30 le problème nest pas résolu si pas résolu avant lundi je vais devoir prendre durgence un train et une chambre dhôtel pour aller bosser y a til vraiment des techniciens le week end ou est ce un mensonge,2025-11-03 15:52:31
1827616422857425097,2024-08-25 09:58:05 +02:00,Fabdesrosiers,"@free @Freebox démarche pour installer l’adsl débutée le 13/07, le 25/08 @Free n’a toujours pas réussi à collaborer avec @Orange_France pour finaliser ma connexion. @Freebox incapable de débloquer la situation et repoussent de jours en jours la connexion!",démarche pour installer ladsl débutée le 1307 le 2508 na toujours pas réussi à collaborer avec pour finaliser ma connexion incapable de débloquer la situation et repoussent de jours en jours la connexion,2025-11-03 15:52:31
1827625368016027805,2024-08-25 10:33:38 +02:00,Antoine_Oxi,3 pannes chez @Free depuis le début de l'année (1 mois et demi en tout sans internet). Bah ils préfèrent perdre 50 balles par mois plutôt que faire une réduction 🤡 Ciao ! https://t.co/edUAbevlKT,3 pannes chez depuis le début de lannée 1 mois et demi en tout sans internet bah ils préfèrent perdre 50 balles par mois plutôt que faire une réduction ciao,2025-11-03 15:52:31
1827636084794089975,2024-08-25 11:16:13 +02:00,natation78,@free @Freebox @freemobile 2ème incident en un mois. Pas d’Internet ni wifi ni réseau mobile. 24hs sans disposer d’un service promis et aucune solution trouvée ni geste commercial. Freeproxi Inefficace avec des réponses inappropriées 😡. La solution est  le désabonnement total?,2ème incident en un mois pas dinternet ni wifi ni réseau mobile 24hs sans disposer dun service promis et aucune solution trouvée ni geste commercial freeproxi inefficace avec des réponses inappropriées la solution est le désabonnement total,2025-11-03 15:52:31
1827645790438687171,2024-08-25 11:54:47 +02:00,humain_canin,"🆘SOS Bouteille à la mer @free #Free\nMon adresse mail a été bloquée pendant la nuit. La procédure de déblocage n'a pas marché, cela fait plus de 4 heures et c'est l'identifiant qui est rejeté comme invalide. Le tél (45c/min) pour anciens abonnés dit que tout va bien (suite)",sos bouteille à la mer nmon adresse mail a été bloquée pendant la nuit la procédure de déblocage na pas marché cela fait plus de 4 heures et cest lidentifiant qui est rejeté comme invalide le tél 45cmin pour anciens abonnés dit que tout va bien suite,2025-11-03 15:52:31
1827713486623019101,2024-08-25 16:23:47 +02:00,coub,"The freedom of speech is a principal Pillar in a free Government: when this support is taken away the Constitution is dissolved, and Tyranny is erected on its Ruins. B̶e̶n̶j̶a̶m̶i̶n̶ ̶F̶r̶a̶n̶k̶l̶i̶n̶\n\nPavel Durov #FREEDUROV #FreePavel @durov",the freedom of speech is a principal pillar in a free government when this support is taken away the constitution is dissolved and tyranny is erected on its ruins benjamin franklinnnpavel durov,2025-11-03 15:52:31
1827731257544913140,2024-08-25 17:34:24 +02:00,hervedecampos,@free veux me facturer 400€ de frais de non restitution de matériel!\nJ’ai déjà tout envoyé.\nEn plus c’est impossible de les contacter gratuitement.\nDans la boutique on m’a dit qu’il allait me faire rappeler mais j’ai reçu aucun coup de fil!,veux me facturer 400 de frais de non restitution de matérielnjai déjà tout envoyénen plus cest impossible de les contacter gratuitementndans la boutique on ma dit quil allait me faire rappeler mais jai reçu aucun coup de fil,2025-11-03 15:52:31
1827737976383721934,2024-08-25 18:01:05 +02:00,welofn,Bon @Freebox ça fait 1 mois j’ai pas de co là,bon ça fait 1 mois jai pas de co là,2025-11-03 15:52:31
1827773418059464829,2024-08-25 20:21:55 +02:00,socallthemlarry,"Je résilie ma box car en 18 mois j’ai du avoir 4 mois d’internet. Je suis actuellement à 5 mois d’interruption non stop de mon réseau, supplément foutage de gueule de la part de mon assistance « de proximité » et en plus je dois payer 50€ pour tout renvoyer. Normal @Freebox ???",je résilie ma box car en 18 mois jai du avoir 4 mois dinternet je suis actuellement à 5 mois dinterruption non stop de mon réseau supplément foutage de gueule de la part de mon assistance de proximité et en plus je dois payer 50 pour tout renvoyer normal,2025-11-03 15:52:31
1827791073290141711,2024-08-25 21:32:05 +02:00,Johanalyse,Plus d’internet chez @Free ! C’est quoi de bordel ?,plus dinternet chez cest quoi de bordel,2025-11-03 15:52:31
1827797338355908840,2024-08-25 21:56:58 +02:00,Saaw92,Eh oh @freemobile  @free  y’a pas un problème de réseaux nan ?,eh oh ya pas un problème de réseaux nan,2025-11-03 15:52:31
1827805330043998517,2024-08-25 22:28:44 +02:00,thirty4seventy5,@de_dustdeux @free Le wifi fonctionne sur mon téléphone lentement mais pas sur l'ordinateur.,le wifi fonctionne sur mon téléphone lentement mais pas sur lordinateur,2025-11-03 15:52:31
1827811549253120150,2024-08-25 22:53:27 +02:00,_akihirox_,@Freebox qui envoie de l’équipement défectueux aux clients,qui envoie de léquipement défectueux aux clients,2025-11-03 15:52:31
1827957045108084920,2024-08-26 08:31:36 +02:00,dogue_allemand,@Janelassia @Freebox Comment faire la demande de remboursement ? Cela presque 20 ans que ns sommes chez @Freebox et première fois que la panne dure aussi longtemps et sans réponse de leur part.,comment faire la demande de remboursement cela presque 20 ans que ns sommes chez et première fois que la panne dure aussi longtemps et sans réponse de leur part,2025-11-03 15:52:31
1828008976383922422,2024-08-26 11:57:57 +02:00,___brainz___,"@free \n@Freebox, je viens de souscrire un contrat et je veux benéficier du droit de retractation. \nLe 3244 ne me propose que de prendre un rdv d'installation. Pas mieux sur l'espace client. Comment puis-je resilier (je me suis trompé de residence lors de le souscription)   ?",n je viens de souscrire un contrat et je veux benéficier du droit de retractation nle 3244 ne me propose que de prendre un rdv dinstallation pas mieux sur lespace client comment puisje resilier je me suis trompé de residence lors de le souscription,2025-11-03 15:52:31
1828012575985996127,2024-08-26 12:12:15 +02:00,Caroline_Cts,@free Non seulement je suis harcelée tous les jours votre service de démarchage alors que j’ai déjà dit que je n’étais pas intéressée mais en plus vos conseillers ne sont pas professionnels et vous raccrochent au nez en pleine phrase.,non seulement je suis harcelée tous les jours votre service de démarchage alors que jai déjà dit que je nétais pas intéressée mais en plus vos conseillers ne sont pas professionnels et vous raccrochent au nez en pleine phrase,2025-11-03 15:52:31
1828013356231344569,2024-08-26 12:15:21 +02:00,Tiffanylecadie1,@free  Une horreur!! 😡😡 https://t.co/yfuPgwRre1,une horreur,2025-11-03 15:52:31
1828032399302643990,2024-08-26 13:31:01 +02:00,YCasting9494,@free une intervention est prévue à midi.. j’attends depuis 1h30,une intervention est prévue à midi jattends depuis 1h30,2025-11-03 15:52:31
1828058260663873669,2024-08-26 15:13:47 +02:00,buckleyxdiaz_,Par contre @free votre connections internet qui beug toutes les 20 minutes c’est normal ?,par contre votre connections internet qui beug toutes les 20 minutes cest normal,2025-11-03 15:52:31
1828110361700246005,2024-08-26 18:40:49 +02:00,Jean_Aiplinle,"@Freebox Bonjour, je souhaites changer de forfait freebox et déménager, pourriez vous me téléphoner svp?",bonjour je souhaites changer de forfait freebox et déménager pourriez vous me téléphoner svp,2025-11-03 15:52:31
1828115978783465670,2024-08-26 19:03:08 +02:00,priscil28921554,"@Freebox Bonjour , Depuis plus d’une semaine ma freebox pop est bloqué à l’étape 3: enregistrement PON en cours https://t.co/lKv2tEMrsz",bonjour depuis plus dune semaine ma freebox pop est bloqué à létape 3 enregistrement pon en cours,2025-11-03 15:52:31
1828136669536755920,2024-08-26 20:25:21 +02:00,rbdx45,@Freebox  impossible de vous connecter … problème avec internet et la box … pouvez vous nous contacter merci .. c’est inadmissible ce service …,impossible de vous connecter problème avec internet et la box pouvez vous nous contacter merci cest inadmissible ce service,2025-11-03 15:52:31
1828149894374400427,2024-08-26 21:17:54 +02:00,safhoa,"@free panne fibre depuis plus de 4 heures, assistance sur disque en boucle, impossible d'envoyer un message. Trois semaines d'abonnement 2 pannes, voisins avec Orange pas de problème.",panne fibre depuis plus de 4 heures assistance sur disque en boucle impossible denvoyer un message trois semaines dabonnement 2 pannes voisins avec orange pas de problème,2025-11-03 15:52:31
1828158141508526202,2024-08-26 21:50:41 +02:00,loutox__,@free c’est la pire connexion au monde rien d’autre à dire,cest la pire connexion au monde rien dautre à dire,2025-11-03 15:52:31
1828193132728455448,2024-08-27 00:09:43 +02:00,mangiprint,"j’ai les larmes aux yeux seigneur c’est tellement une dinguerie, le wifi marche pas tjrs ma 4g ne marche qu’à certain endroit de mon lit alors que je suis dans ma maison ???????? @free aurez mon sang sur les mains #auboutdurouleau #etdelacordeimo https://t.co/mKFqkzsckf",jai les larmes aux yeux seigneur cest tellement une dinguerie le wifi marche pas tjrs ma 4g ne marche quà certain endroit de mon lit alors que je suis dans ma maison aurez mon sang sur les mains,2025-11-03 15:52:31
1828355905001299977,2024-08-27 10:56:31 +02:00,Vallily09,@Freebox . Suite à un impact foudre ma mère de 85 ans est privée de téléphone et internet depuis début août. Nous arrivons enfin à avoir un rendez vous technicien. Et personne ne vient! Excuses de votre part. Autre rendez vous et même chose personne !! 😡😡😡,suite à un impact foudre ma mère de 85 ans est privée de téléphone et internet depuis début août nous arrivons enfin à avoir un rendez vous technicien et personne ne vient excuses de votre part autre rendez vous et même chose personne,2025-11-03 15:52:31
1828393523797749840,2024-08-27 13:26:00 +02:00,lapinouu66,"@free bonjour, est il possible d’avoir des renseignements sur les offres canal plus avec la freebox ultra ?   Je souhaiterais avec les tarifs exactes de l’abonnement canal plus sport, et si cela m’engage avec canal+.",bonjour est il possible davoir des renseignements sur les offres canal plus avec la freebox ultra je souhaiterais avec les tarifs exactes de labonnement canal plus sport et si cela mengage avec canal,2025-11-03 15:52:31
1828411194987725282,2024-08-27 14:36:13 +02:00,_Sukeshi,"@free @Xavier75 quand une @Freebox tourne dans le vide et ne fournit plus rien depuis 3 semaines, que le service téléphonique est constitué de bots inutiles et qu'on a toujours pas de réponse on fait comment sachant qu'on paye dans le vide ?",quand une tourne dans le vide et ne fournit plus rien depuis 3 semaines que le service téléphonique est constitué de bots inutiles et quon a toujours pas de réponse on fait comment sachant quon paye dans le vide,2025-11-03 15:52:31
1828416399129088198,2024-08-27 14:56:54 +02:00,mathieupassenau,@free est venu récupérer les indélicatesses du technicien\nMerci beaucoup ☺️ https://t.co/rZ7usX447y,est venu récupérer les indélicatesses du techniciennmerci beaucoup,2025-11-03 15:52:31
1828442760145199303,2024-08-27 16:41:39 +02:00,Ceddup,"@free @Freebox bonjour, j'ai effectué la résiliation de mon abonnement internet et renvoyer le matériel mais n'ai pas eu confirmation de réception. Pouvez-vous me dire ce qu'il en est ?",bonjour jai effectué la résiliation de mon abonnement internet et renvoyer le matériel mais nai pas eu confirmation de réception pouvezvous me dire ce quil en est,2025-11-03 15:52:31
1828455463861563469,2024-08-27 17:32:08 +02:00,RiriBestWaifu,"@Freebox Depuis hier y a plus de wifi chez moi, ça reste bloqué à l'étape 2. Ça commence à être long...",depuis hier y a plus de wifi chez moi ça reste bloqué à létape 2 ça commence à être long,2025-11-03 15:52:31
1828462518362116237,2024-08-27 18:00:10 +02:00,VizcaDom,"Voilà le service @free @Freebox . Un tech me fait poser une journée pour installer la fibre chez moi. Il passe le 14 juin pour tirer un câble dans un fourreau neuf dans ma rue, il est midi M. reste 5min et me dit qu'on va me recontacter parce qu'il n'y arrive pas. Aucun rappel!! https://t.co/hzZc6OTS5p",voilà le service un tech me fait poser une journée pour installer la fibre chez moi il passe le 14 juin pour tirer un câble dans un fourreau neuf dans ma rue il est midi m reste 5min et me dit quon va me recontacter parce quil ny arrive pas aucun rappel,2025-11-03 15:52:31
1828468099101716517,2024-08-27 18:22:20 +02:00,Briseur2SIF,"@free un de vos responsables doit me rappeler, j’ai pas de nouvelles pendant 3 semaines et vous me balancez une société de recouvrement pour 60 balles ? Vous avez pété un plomb ??\n@Xavier75",un de vos responsables doit me rappeler jai pas de nouvelles pendant 3 semaines et vous me balancez une société de recouvrement pour 60 balles vous avez pété un plomb n,2025-11-03 15:52:31
1828476130086547507,2024-08-27 18:54:15 +02:00,claara_lgr,"@Freebox ma free box ne fonctionne pas depuis ce midi. Personne répond, payer 50 euro par mois euh c pas normal https://t.co/Ql7hzd0jK5",ma free box ne fonctionne pas depuis ce midi personne répond payer 50 euro par mois euh c pas normal,2025-11-03 15:52:31
1828483885539393692,2024-08-27 19:25:04 +02:00,aloco_poulet,"Depuis ce matin g plus de télé, plus de ligne fixe et plus de wifi @Freebox if I catch u… FREE IF I CATCH U",depuis ce matin g plus de télé plus de ligne fixe et plus de wifi if i catch u free if i catch u,2025-11-03 15:52:31
1828492665018614138,2024-08-27 19:59:57 +02:00,vanessa_leroy,"@Freebox plus de wifi, de télé etc… Box bloqué sur étape 2 au Havre et pas de technicien dispo avant le 3 septembre c’est une blague ? Donc demain je vais chez un concurrent",plus de wifi de télé etc box bloqué sur étape 2 au havre et pas de technicien dispo avant le 3 septembre cest une blague donc demain je vais chez un concurrent,2025-11-03 15:52:31
1828495471394066660,2024-08-27 20:11:06 +02:00,Onesso_off,@free bonjour j’ai un problème pouvez-vous me MP ?,bonjour jai un problème pouvezvous me mp,2025-11-03 15:52:31
1828579696692305955,2024-08-28 01:45:47 +02:00,HForaux,Bonjour @Freebox !\nLe backup internet 4G sur la Freebox ultra fonctionne si on est en mode bridge ?,bonjour nle backup internet 4g sur la freebox ultra fonctionne si on est en mode bridge,2025-11-03 15:52:31
1828601285177692457,2024-08-28 03:11:34 +02:00,_MarieAn,On se plaint des sites de streaming qui abusent de ouf mais parlons aussi deux secondes des abonnements aux box. Je paye @free 45€/mois et dites-moi pourquoi je vois de plus en plus de chaînes auxquelles il faut s'abonner???? Des chaînes qui étaient en clair avant en plus!,on se plaint des sites de streaming qui abusent de ouf mais parlons aussi deux secondes des abonnements aux box je paye 45mois et ditesmoi pourquoi je vois de plus en plus de chaînes auxquelles il faut sabonner des chaînes qui étaient en clair avant en plus,2025-11-03 15:52:31
1828699376992014546,2024-08-28 09:41:21 +02:00,MMazingue,Bonjour @free est-ce que c'est possible de retirer les paramètres bloquant qui empêchent vos utilisateurs d'accéder au site https://t.co/nLhF5wgI77 ? Merci,bonjour estce que cest possible de retirer les paramètres bloquant qui empêchent vos utilisateurs daccéder au site merci,2025-11-03 15:52:31
1828703612857438600,2024-08-28 09:58:11 +02:00,raulfos1,"@Freebox depuis le 30 juillet que j’ai pris un abonnement de la boxe chez Free, la box n’a toujours pas été livrée, aucun technicien ne m’a contacté et personne n’est en mesure de dire quoique ce soit. @free a mis la clé à la porte ? https://t.co/nrk4yl2cGz",depuis le 30 juillet que jai pris un abonnement de la boxe chez free la box na toujours pas été livrée aucun technicien ne ma contacté et personne nest en mesure de dire quoique ce soit a mis la clé à la porte,2025-11-03 15:52:31
1828717164028727299,2024-08-28 10:52:02 +02:00,flotraveller,"Bonjour @free @Freebox je suis censée être fibrée chez vous depuis un an maintenant, comment expliquez vous ces résultats? Connexion totalement instable depuis 4 jours chez bon nombre de vos clients, latence injouable, une connaissance à moi appelle depuis 3 mois sans réponse. https://t.co/mCyROgy05n",bonjour je suis censée être fibrée chez vous depuis un an maintenant comment expliquez vous ces résultats connexion totalement instable depuis 4 jours chez bon nombre de vos clients latence injouable une connaissance à moi appelle depuis 3 mois sans réponse,2025-11-03 15:52:31
1828732173119046111,2024-08-28 11:51:40 +02:00,KROKKERZ,@free suite à l incompétence des équipes que j’ai eu au téléphone je me permet de vous écrire ici ! \n\nMa connections ethernet est bridé à 100mo/s alors que le wifi atteint 750 mb par seconde étant équipé de cat6 en câble et cat7 pour les câble dans les mur je trouve ça bizarre ??,suite à l incompétence des équipes que jai eu au téléphone je me permet de vous écrire ici nnma connections ethernet est bridé à 100mos alors que le wifi atteint 750 mb par seconde étant équipé de cat6 en câble et cat7 pour les câble dans les mur je trouve ça bizarre,2025-11-03 15:52:31
1828754714378502344,2024-08-28 13:21:15 +02:00,Neph_city_girl,"@free vous trouvez ça normal que quand vos clients paient leur forfait, et qu’un pb de connexion intervient! Aucune solution expresse ne soit trouvée pour eux ???!!",vous trouvez ça normal que quand vos clients paient leur forfait et quun pb de connexion intervient aucune solution expresse ne soit trouvée pour eux,2025-11-03 15:52:31
1828755594955915425,2024-08-28 13:24:45 +02:00,Benjamin2BR,"@free Bonjour, c’est combien vos frais de mise en service, je vais quitter @bouyguestelecom trop chère 🤦‍♂️",bonjour cest combien vos frais de mise en service je vais quitter trop chère,2025-11-03 15:52:31
1828756819172618407,2024-08-28 13:29:37 +02:00,lazhonguoren,@free une explication ou on se désabonne ?,une explication ou on se désabonne,2025-11-03 15:52:31
1828764142343242163,2024-08-28 13:58:42 +02:00,MillieBarwen2,"Coucou @free c’est quand que vous rallumez la machine ????? Sérieusement là. En rade depuis ce matin, vous allez me décomptez ça du montant l’abonnement ?",coucou cest quand que vous rallumez la machine sérieusement là en rade depuis ce matin vous allez me décomptez ça du montant labonnement,2025-11-03 15:52:31
1828782078051438945,2024-08-28 15:09:59 +02:00,Dealabs,"🔥\nForfait Appels / SMS / MMS illimités \n+ 220 Go en 5G\n= 9,99€ par mois 👇 \n➡️ https://t.co/TnmCbCc8eN ⬅️ https://t.co/Wy3eSp2q63",nforfait appels sms mms illimités n 220 go en 5gn 999 par mois n,2025-11-03 15:52:31
1828812316281811356,2024-08-28 17:10:08 +02:00,citation127,@free c’est n’importe quoi depuis quelque jours votre connexion wifi et 4g ça fait que bug,cest nimporte quoi depuis quelque jours votre connexion wifi et 4g ça fait que bug,2025-11-03 15:52:31
1828814583798399441,2024-08-28 17:19:09 +02:00,noa_vlr,"@free à qui on peut s'adresser si on a des problèmes de wi-fi depuis plus de 2 semaines, le 3244 aide pas j'ai l'impression",à qui on peut sadresser si on a des problèmes de wifi depuis plus de 2 semaines le 3244 aide pas jai limpression,2025-11-03 15:52:31
1828827191943254260,2024-08-28 18:09:15 +02:00,twik_twok,Salut @Freebox quand est-ce que je pourrai demander l'échange de mon répéteur Wi-Fi 5 par un Wi-Fi 7 ???!?!?!?!\nCe n'est toujours pas dispo sur mon interface 😡🤬😡🤬😡\nMerci https://t.co/xxJqFx1azN,salut quand estce que je pourrai demander léchange de mon répéteur wifi 5 par un wifi 7 nce nest toujours pas dispo sur mon interface nmerci,2025-11-03 15:52:31
1828840136630775970,2024-08-28 19:00:41 +02:00,FRAziat,"@Freebox @Free_1337 J'appel le service free pour une panne depuis ce matin 08h00, nous avons ouvert un ticket. Aucun dédommagement, je n'ai plus aucun service super free. Je vais prendre la fibre chez un concurrent du coup ????!!! 😑",jappel le service free pour une panne depuis ce matin 08h00 nous avons ouvert un ticket aucun dédommagement je nai plus aucun service super free je vais prendre la fibre chez un concurrent du coup,2025-11-03 15:52:31
1828847742359412770,2024-08-28 19:30:54 +02:00,dabonbon2,Qln chez free a déjà été bloqué à l’étape 3c « signal fibre PON détecté » avec la Freebox Ultra ? Svp @free,qln chez free a déjà été bloqué à létape 3c signal fibre pon détecté avec la freebox ultra svp,2025-11-03 15:52:31
1828855013680021954,2024-08-28 19:59:48 +02:00,PierrOM26,@free on peut dm svp ?,on peut dm svp,2025-11-03 15:52:31
1828865679979676122,2024-08-28 20:42:11 +02:00,Xavier75,Thank you @Paris2024 \nIt was a pleasure to play for you https://t.co/xgrjOu2yBw,thank you nit was a pleasure to play for you,2025-11-03 15:52:31
1828927502946902179,2024-08-29 00:47:51 +02:00,srk2492,Encore et encore un bug de la #freebox ultrea !  Bloqué a l’etape 6. Merci free pour un service médiocre au fur et a mesure que je suis chez vous ! @free  @UniversFreebox je sais pas si d’autre sont concernés encore cette fois ci.,encore et encore un bug de la ultrea bloqué a letape 6 merci free pour un service médiocre au fur et a mesure que je suis chez vous je sais pas si dautre sont concernés encore cette fois ci,2025-11-03 15:52:31
1829007395697115549,2024-08-29 06:05:19 +02:00,ben_aub,@Freebox \n@Free https://t.co/squ6ry5MYf,n,2025-11-03 15:52:31
1829060594898530606,2024-08-29 09:36:42 +02:00,chrischampy,"Après des années de foutage de gueule chez Orange, j’ai résilié pour la fibre @Freebox Ça a marché 6 jours avant de planter. Depuis, impossible d’avoir un rdv avec un technicien, vos mecs s’en tapent royalement @Xavier75 Suis deg 🤬",après des années de foutage de gueule chez orange jai résilié pour la fibre ça a marché 6 jours avant de planter depuis impossible davoir un rdv avec un technicien vos mecs sen tapent royalement suis deg,2025-11-03 15:52:31
1829094209053171910,2024-08-29 11:50:17 +02:00,Xavier75,Il reste autant de places pour l’Olympia que de cheveux sur mon crâne https://t.co/Ymfpem9h1f,il reste autant de places pour lolympia que de cheveux sur mon crâne,2025-11-03 15:52:31
1829101060352348489,2024-08-29 12:17:30 +02:00,ElrixJJBA,Allez @free il serait tant de régler vos connexions les débiles t'façon je vais résilier mon contrat chez vous,allez il serait tant de régler vos connexions les débiles tfaçon je vais résilier mon contrat chez vous,2025-11-03 15:52:31
1829204615486943629,2024-08-29 19:08:59 +02:00,MashiahChrist,"@Sosh_fr mon contrat stipule que le montant de mon abonnement mensuel est de 17,90€. Voilà ce que vous me facturez... Je vais rendre fort @free https://t.co/GeqsXrPtlu",mon contrat stipule que le montant de mon abonnement mensuel est de 1790 voilà ce que vous me facturez je vais rendre fort,2025-11-03 15:52:31
1829220440964759981,2024-08-29 20:11:53 +02:00,RLamorliere,@Freebox des soucis de réseaux depuis 2 jours zone Paris 17e. Ça lag.sans arrêt pour la tele,des soucis de réseaux depuis 2 jours zone paris 17e ça lagsans arrêt pour la tele,2025-11-03 15:52:31
1829224044341932458,2024-08-29 20:26:12 +02:00,patochmix,@Freebox bonjour j’ai un souci depuis que votre technicien est venue ce matin mon antenne ne fonctionne plus et je n’arrive pas à vous joindre par téléphone,bonjour jai un souci depuis que votre technicien est venue ce matin mon antenne ne fonctionne plus et je narrive pas à vous joindre par téléphone,2025-11-03 15:52:31
1829230892239466737,2024-08-29 20:53:24 +02:00,matthieuC37,@free pas de télé \nPas dinternet et impossible de vous avoir par téléphone !!!,pas de télé npas dinternet et impossible de vous avoir par téléphone,2025-11-03 15:52:31
1829263466433245471,2024-08-29 23:02:51 +02:00,oxman,"Bonjour @xavier75 ça fait 22j que tout mon immeuble n'a plus de connexion @free suite à une intervention de vos techniciens qui ont tout cassé, c'est complètement inadmissible !",bonjour ça fait 22j que tout mon immeuble na plus de connexion suite à une intervention de vos techniciens qui ont tout cassé cest complètement inadmissible,2025-11-03 15:52:31
1829434450066673773,2024-08-30 10:22:16 +02:00,redskins21sl88,"+33270125707\n+33270482946\n+33270482948\n+33270124619\n+33270121943\n+33270121478\nEtc \n\n@free  , ta pas l'impression de me harceler ?\nC'est pas en me harcelant, que je souscrire chez toi au contraire !!\nArrêté sinon je fais un attentat dans tes boutiques \n\nFree mobile \n\n#harcelement",33270125707n33270482946n33270482948n33270124619n33270121943n33270121478netc nn ta pas limpression de me harceler ncest pas en me harcelant que je souscrire chez toi au contraire narrêté sinon je fais un attentat dans tes boutiques nnfree mobile nn,2025-11-03 15:52:31
1829439444648104424,2024-08-30 10:42:07 +02:00,Hikkary_,"@Freebox j’attends un mois pour qu’on puisse me remettre internet, votre technicien viens « fait les branchements » et rien ne fonctionne, me dis que le gars qui s’occupe du signal est en vacances, impossible de vous joindre au téléphone également, vous vous foutez de moi ?",jattends un mois pour quon puisse me remettre internet votre technicien viens fait les branchements et rien ne fonctionne me dis que le gars qui soccupe du signal est en vacances impossible de vous joindre au téléphone également vous vous foutez de moi,2025-11-03 15:52:31
1829467682091020790,2024-08-30 12:34:19 +02:00,jfapotre190076,@Freebox bonjour j'aurai besoin qu'un technicien me rappelle pour une demande de report de rdv svp,bonjour jaurai besoin quun technicien me rappelle pour une demande de report de rdv svp,2025-11-03 15:52:31
1829482576739811528,2024-08-30 13:33:31 +02:00,Leiidz,"@free @Freebox Bonjour c’était pour savoir quand est-ce que le problème de connexion dans le village de fontenailles 77370 sera réglé, ça fait plus d’une semaine que c’est impossible d’avoir de la connexion.\n\nEt impossible d’avoir un conseiller au téléphone.",bonjour cétait pour savoir quand estce que le problème de connexion dans le village de fontenailles 77370 sera réglé ça fait plus dune semaine que cest impossible davoir de la connexionnnet impossible davoir un conseiller au téléphone,2025-11-03 15:52:31
1829483255218778485,2024-08-30 13:36:12 +02:00,ADU_king7,"@Freebox J'en fais l'expérience. Que dois-je faire ?\nJ'ai redémarré plusieurs fois, mais cela ne fonctionne pas. https://t.co/V7V2n9Dp2b",jen fais lexpérience que doisje faire njai redémarré plusieurs fois mais cela ne fonctionne pas,2025-11-03 15:52:31
1829491680627802623,2024-08-30 14:09:41 +02:00,Sasskeh,"Comment je vois tout le monde sur  #StarWarsOutlaws alors que j’ai l’early access + drops Twitch mais je suis encore en vacances à l’île Maurice. \n\n— Hâte de reprendre dès que je rentre (enfin, papa arrête pas de me sms car @free saute, j’espère pouvoir streamer vite !) https://t.co/ozyYNQ5ILc",comment je vois tout le monde sur alors que jai learly access drops twitch mais je suis encore en vacances à lîle maurice nn hâte de reprendre dès que je rentre enfin papa arrête pas de me sms car saute jespère pouvoir streamer vite,2025-11-03 15:52:31
1829540587940282457,2024-08-30 17:24:02 +02:00,UniversFreebox,L’info en vidéo : Free lance son backup 4G Freebox https://t.co/moh59Fdcw0,linfo en vidéo free lance son backup 4g freebox,2025-11-03 15:52:31
1829541474872307731,2024-08-30 17:27:33 +02:00,BusyspiderFr,Pages Perso  @Free Des pannes ponctuelles  sont encore présentes et ici c'est l'accès à MySQL qui est concerné.  A voir le suivi des pannes régulièrement mis à jour sur cet article. 🕷️\n\nhttps://t.co/T1nmLSg08M https://t.co/sduooZoq45,pages perso des pannes ponctuelles sont encore présentes et ici cest laccès à mysql qui est concerné a voir le suivi des pannes régulièrement mis à jour sur cet article nn,2025-11-03 15:52:31
1829554798468948339,2024-08-30 18:20:30 +02:00,Frederic_Goyon,"Chez @free, on est très heureux de contribuer à donner de la visibilité à la saison à venir des @girondins. On n'allait quand même pas laisser autant de fans de côté ☺️",chez on est très heureux de contribuer à donner de la visibilité à la saison à venir des on nallait quand même pas laisser autant de fans de côté,2025-11-03 15:52:31
1829561584038957112,2024-08-30 18:47:27 +02:00,kg63000,"@free ! Allo? Votre lecteur https://t.co/2aO4UErYmv est une calamité ! \nC'est tout le temps et tt les jours pareil, ça se déconnecte, rond rouge, erreur de lecture interne..c'est usant ..je pense que, rapidement, je vais changer de FAI.",allo votre lecteur est une calamité ncest tout le temps et tt les jours pareil ça se déconnecte rond rouge erreur de lecture internecest usant je pense que rapidement je vais changer de fai,2025-11-03 15:52:31
1829620052301373918,2024-08-30 22:39:47 +02:00,SuRVoLT69,"@free dites, je suis à moins d’1m de ma box, mais je peine à ouvrir une carte Google Maps (voir vidéo).\nCôté ordi, impossible de regarder Terracid en 1080p, je suis revenu aux 360p de l’ADSL, et le pire c’est que ça coupe toutes les 5min.\nXavier Niel ne peut rien faire pour moi ? https://t.co/GSTgLJiVxV",dites je suis à moins d1m de ma box mais je peine à ouvrir une carte google maps voir vidéoncôté ordi impossible de regarder terracid en 1080p je suis revenu aux 360p de ladsl et le pire cest que ça coupe toutes les 5minnxavier niel ne peut rien faire pour moi,2025-11-03 15:52:31
1829776547508543607,2024-08-31 09:01:39 +02:00,aolcedric,"@Freebox bonjour j’ai contacter @Freebox le 10/08 pour un dépannage de ma player pop car à chaque fois que l’éteint le soir le lendemain pour le rallumer obliger de le débrancher électriquement pour qu’il démarre,\nOn m’a dit qu’il remplacerai le player mais pas de nouvelle.",bonjour jai contacter le 1008 pour un dépannage de ma player pop car à chaque fois que léteint le soir le lendemain pour le rallumer obliger de le débrancher électriquement pour quil démarrenon ma dit quil remplacerai le player mais pas de nouvelle,2025-11-03 15:52:31
1829793417506820407,2024-08-31 10:08:41 +02:00,EddieERARD,"La connection free depuis quelques jours elle est à chié, est ce que chez vous c'est pareil ? #free @free @freemobile \nPareil pour sfr #sfr @sfr",la connection free depuis quelques jours elle est à chié est ce que chez vous cest pareil npareil pour sfr,2025-11-03 15:52:31
1829829861701042378,2024-08-31 12:33:30 +02:00,RareProject,"@Freebox Très déçu de FREE. Un technicien incompétent  a échoué à installer la fibre chez moi. Il n'a pas réussi à tirer le cable optique par la gaine dans le mur, par où passe pourtant déjà le cable téléphonique. Je songe sérieusement à passer à la concurrence.",très déçu de free un technicien incompétent a échoué à installer la fibre chez moi il na pas réussi à tirer le cable optique par la gaine dans le mur par où passe pourtant déjà le cable téléphonique je songe sérieusement à passer à la concurrence,2025-11-03 15:52:31
1829843617894015171,2024-08-31 13:28:10 +02:00,MikomiToyunda,"@free Je n'arrive plus à me connecter à ma base de donnée MySql (https://t.co/UedI4ZxQAm via mon site free perso) \nJe ne trouve pas comment contacter l'assistance, serait-il possible d'avoir de l'aide ?\nPI: j'utilise cette base depuis plus de 20ans !!",je narrive plus à me connecter à ma base de donnée mysql via mon site free perso nje ne trouve pas comment contacter lassistance seraitil possible davoir de laide npi jutilise cette base depuis plus de 20ans,2025-11-03 15:52:31
1829865250625409156,2024-08-31 14:54:07 +02:00,remydarry,"@Freebox @free Revoyez le language de vos employés ! Une coupure qui dure depuis 9 jours, sans explications, sans aucunes nouvelles si je n’appelle pas quasiment tous les jours et quand je demande une compensation, on me répond de prendre un avocat et d’aller au tribunal",revoyez le language de vos employés une coupure qui dure depuis 9 jours sans explications sans aucunes nouvelles si je nappelle pas quasiment tous les jours et quand je demande une compensation on me répond de prendre un avocat et daller au tribunal,2025-11-03 15:52:31
1829878279110828486,2024-08-31 15:45:53 +02:00,Abeudel76,@free très compliqué de joindre Free quand on ne connaît plus son mdp\nVraiment galère,très compliqué de joindre free quand on ne connaît plus son mdpnvraiment galère,2025-11-03 15:52:31
1830174919042244629,2024-09-01 11:24:38 +02:00,electroplaymo,"A 11h18 ce dimanche matin, après redémarrage, l'heure affichée sur ma Freebox V5 est 01h03... Beaucoup de coupures ce matin, problème généralisé ou premiers signes de faiblesse de ma box après 15 ans d'utilisation non stop ?!\n@Xavier75 @free @Freebox https://t.co/D5MpOpl0tG",a 11h18 ce dimanche matin après redémarrage lheure affichée sur ma freebox v5 est 01h03 beaucoup de coupures ce matin problème généralisé ou premiers signes de faiblesse de ma box après 15 ans dutilisation non stop n,2025-11-03 15:52:31
1830211258534015133,2024-09-01 13:49:02 +02:00,GuiF007,Merci @Freebox pour le temps perdu à échanger que le transfo... c'est bien la box qui est HS...,merci pour le temps perdu à échanger que le transfo cest bien la box qui est hs,2025-11-03 15:52:31
1830317965478162785,2024-09-01 20:53:03 +02:00,1mixndofmine,Bonjour @free vous êtes des voleurs.,bonjour vous êtes des voleurs,2025-11-03 15:52:31
1830380121070416050,2024-09-02 01:00:02 +02:00,BtvLloyd,Bonsoir @free #onfaitcomment ? https://t.co/Cho9gAOczJ,bonsoir,2025-11-03 15:52:31
1830474345170268294,2024-09-02 07:14:27 +02:00,BusyspiderFr,"MAJ avec refonte total du tuto🕷️ Rattachement Player Devialet. Migration depuis le nouvel abonnement @Freebox Ultra,  depuis Delta et comme d'habitude  sur une unique page Web. Nouveau lien, mais l'ancien est bien redirigé pas de souci. Bonne lecture 🕷️\n\nhttps://t.co/QZ2nMqVDiR https://t.co/F7HBLwuFp0",maj avec refonte total du tuto rattachement player devialet migration depuis le nouvel abonnement ultra depuis delta et comme dhabitude sur une unique page web nouveau lien mais lancien est bien redirigé pas de souci bonne lecture nn,2025-11-03 15:52:31
1830505842552041762,2024-09-02 09:19:36 +02:00,draktaria,@Freebox ça fait deux fois que des techniciens passes pour me raccorder à la fibre deux fois qu'il y'a des problèmes qui auraient du être résolues entre temps !,ça fait deux fois que des techniciens passes pour me raccorder à la fibre deux fois quil ya des problèmes qui auraient du être résolues entre temps,2025-11-03 15:52:31
1830511140302102802,2024-09-02 09:40:39 +02:00,JesseRiaska,@Freebox bonjour est-ce que vous avez le numero de service client depuis en étranger? J’arrive pas à connecter sur mon compte espace client et en ce moment je suis en étranger merci!,bonjour estce que vous avez le numero de service client depuis en étranger jarrive pas à connecter sur mon compte espace client et en ce moment je suis en étranger merci,2025-11-03 15:52:31
1830533455567831117,2024-09-02 11:09:20 +02:00,KuroKetsuekiTan,@Freebox je viens de souscrire à une offre Freebox en renseignant mon RIO pour le portage de mon numéro. Est ce que j'ai des démarches de résiliation à effectuer de mon côté où est-ce free qui s'en charge ?,je viens de souscrire à une offre freebox en renseignant mon rio pour le portage de mon numéro est ce que jai des démarches de résiliation à effectuer de mon côté où estce free qui sen charge,2025-11-03 15:52:31
1830544182483509751,2024-09-02 11:51:57 +02:00,tomydorfr,"Plus d’Internet en fibre optique depuis hier soir avec @Freebox. Le technicien ne vient que vendredi matin, super… Je pense que la soudure a lâché dans la PTO, car on voit bien la lumière avec le laser.",plus dinternet en fibre optique depuis hier soir avec le technicien ne vient que vendredi matin super je pense que la soudure a lâché dans la pto car on voit bien la lumière avec le laser,2025-11-03 15:52:31
1830584937592078498,2024-09-02 14:33:54 +02:00,NicolasCoyot,@free 24h sans internet et pas de nouvelles.\nOn fait comment quand on doit travailler ?,24h sans internet et pas de nouvellesnon fait comment quand on doit travailler,2025-11-03 15:52:31
1830596685258436697,2024-09-02 15:20:35 +02:00,DylanpuyL,@free bonjour \nJ’ai une question mais impossible d’avoir la réponse mais au 1044 \nEn prenant votre offre ULTRA avons nous accès au replay myCANAL comprenant le catalogue film / série proposée par CANAL? \nJ’ai bien compris que nous avions accès à la chaîne live \n\nMerci d’avance,bonjour njai une question mais impossible davoir la réponse mais au 1044 nen prenant votre offre ultra avons nous accès au replay mycanal comprenant le catalogue film série proposée par canal njai bien compris que nous avions accès à la chaîne live nnmerci davance,2025-11-03 15:52:31
1830619810876567702,2024-09-02 16:52:28 +02:00,d_jy,"@free ça fait 7 mois que j’attend ma Freebox Ultra , et ça fait un mois que mes assistant free  proxy me disent qu’ils font remonter à la logistique \nAlors vous êtes toujours les meilleurs pour moi, mais j’en ai mare je veux ma Freebox \n😭😭😭😭😭",ça fait 7 mois que jattend ma freebox ultra et ça fait un mois que mes assistant free proxy me disent quils font remonter à la logistique nalors vous êtes toujours les meilleurs pour moi mais jen ai mare je veux ma freebox n,2025-11-03 15:52:31
1830625078662365519,2024-09-02 17:13:24 +02:00,Ik3bukur0,"@free @freebox je vous en supplie envoyez un technicien. 5 jours sans wifi, j'en peux pluuus !!!!!",je vous en supplie envoyez un technicien 5 jours sans wifi jen peux pluuus,2025-11-03 15:52:31
1830631000537522621,2024-09-02 17:36:56 +02:00,SurferVert,"Ah le service client @free , une réactivité imbattable ...\n\nPlus d'une journée que le ticket est ouvert... pas de nouvelles. https://t.co/eDYYf7ZcH3",ah le service client une réactivité imbattable nnplus dune journée que le ticket est ouvert pas de nouvelles,2025-11-03 15:52:31
1830659916983607575,2024-09-02 19:31:50 +02:00,an0nym21,VDM: Faire le choix de @free  plutôt que @orange. Fibre opérationnelle le 30/08 à midi. Plus de signal le 30/08 à 23h10. Depuis on m'annonce un délai d'une semaine pour l'arriver d'un technicien. Honteux #VDM #OnFaitLeMax #MauvaisChoix \nDois-je changer d'opérateur ? 😔,vdm faire le choix de plutôt que fibre opérationnelle le 3008 à midi plus de signal le 3008 à 23h10 depuis on mannonce un délai dune semaine pour larriver dun technicien honteux ndoisje changer dopérateur,2025-11-03 15:52:31
1830670275924632024,2024-09-02 20:13:00 +02:00,gtyrtrredddd,@Freebox bonjour freebox . Votre répéteur wi fi coute 20€ en 1 fois ou 20€ chaque mois. Ce n'est pas du tout spécifié sur la page abonné. Merci,bonjour freebox votre répéteur wi fi coute 20 en 1 fois ou 20 chaque mois ce nest pas du tout spécifié sur la page abonné merci,2025-11-03 15:52:31
1830711406108516500,2024-09-02 22:56:26 +02:00,SukunaGojox,"Par contre @free @Freebox Vous trouvez que c’est normal ce débit pour une connexion qui est sensé être fibré ? Vraiment dégoûté, je ne peux littéralement rien faire avec un débit pareil. J’ai trop la rage, et dites vous que là,  j suis à côté de la boxe au moment de ce test… https://t.co/HEqzK539Cg",par contre vous trouvez que cest normal ce débit pour une connexion qui est sensé être fibré vraiment dégoûté je ne peux littéralement rien faire avec un débit pareil jai trop la rage et dites vous que là j suis à côté de la boxe au moment de ce test,2025-11-03 15:52:31
1830743199024914568,2024-09-03 01:02:46 +02:00,Finestrat09,"Qui a sa Freebox qui bug ? Ça fait 15min, le WiFi est la mais rien ne charge",qui a sa freebox qui bug ça fait 15min le wifi est la mais rien ne charge,2025-11-03 15:52:31
1830744808316444989,2024-09-03 01:09:10 +02:00,mysa_v5,"@free @Freebox de merde, je veux jouer la !!!!!!😡😡😡",de merde je veux jouer la,2025-11-03 15:52:31
1830745296764055898,2024-09-03 01:11:07 +02:00,Evann_bl,@askanen @free Pareil ici,pareil ici,2025-11-03 15:52:31
1830748163298230291,2024-09-03 01:22:30 +02:00,Petite_Tulipe_,@free @Freebox Encore une fois plus de connexion internet. L'heure s'affiche mais impossible d'accéder au wifi. Il m'est demandé de m'y connectée alors que c'est déjà le cas. Que se passe-t-il encore ???,encore une fois plus de connexion internet lheure saffiche mais impossible daccéder au wifi il mest demandé de my connectée alors que cest déjà le cas que se passetil encore,2025-11-03 15:52:31
1830748457163976866,2024-09-03 01:23:40 +02:00,BeBoXoS,bon apparement la fibre @free est  H.S depuis 01h00 bon heuresement mon routeur multiWan m'a direct basculé sur le backup Starlink :) mais bon . tout le monde est pas comme moi :),bon apparement la fibre est hs depuis 01h00 bon heuresement mon routeur multiwan ma direct basculé sur le backup starlink mais bon tout le monde est pas comme moi,2025-11-03 15:52:31
1830749786498015533,2024-09-03 01:28:57 +02:00,sk4zz__,@free reparez le problème de wifi sur la fibre jvais serrer,reparez le problème de wifi sur la fibre jvais serrer,2025-11-03 15:52:31
1830749953175531956,2024-09-03 01:29:37 +02:00,rasko33rz,@free @Freebox vous jouez à quoi bande de gros chien galeux je peut mm pas jouer a club pro avec mes gars @leao213 @LaBectance_ @champagne3arbi,vous jouez à quoi bande de gros chien galeux je peut mm pas jouer a club pro avec mes gars,2025-11-03 15:52:31
1830751323832103353,2024-09-03 01:35:03 +02:00,KayaGiardi,"@free encore une antenne en panne ? En 1 mois j’ai passé une semaine en aucun service des que je sors de chez moi, il faudrait peut faire quelques chose et surtout avoir des conseillers qui ont des réponses à nos questions",encore une antenne en panne en 1 mois jai passé une semaine en aucun service des que je sors de chez moi il faudrait peut faire quelques chose et surtout avoir des conseillers qui ont des réponses à nos questions,2025-11-03 15:52:31
1830823896074883535,2024-09-03 06:23:26 +02:00,TheBrandon970,Grosse panne de @Freebox @free en ce moment apparemment.\nMa box fibre bloquée à l'étape 2 🤔\n\n#free #pannefree #freebox https://t.co/nhhTDg3TO5,grosse panne de en ce moment apparemmentnma box fibre bloquée à létape 2 nn,2025-11-03 15:52:31
1830859846209421363,2024-09-03 08:46:17 +02:00,Mewtchu,Plus de connexion wifi chez @Freebox ce matin (en plus d'une interruption de tout le réseau - mobile et internet - cette nuit). Est-ce que tout va bien @free ?,plus de connexion wifi chez ce matin en plus dune interruption de tout le réseau mobile et internet cette nuit estce que tout va bien,2025-11-03 15:52:31
1830892786981245386,2024-09-03 10:57:11 +02:00,92ZoZo,Y’a encore une panne Free ? 30’ que ma box est bloquée à l’étape 2. @Freebox #freebox #free,ya encore une panne free 30 que ma box est bloquée à létape 2,2025-11-03 15:52:31
1830893651796344993,2024-09-03 11:00:37 +02:00,gentilbarbouze,"Dites voir, @free, @freebox &amp; @Xavier75, cela fait 8 jours que ma mère de 85 ans, qui vit seule, n'a ni téléphone fixe, ni internet, ni télé. Le ticket incident n'a pas évolué depuis le premier jour, et l'""assistance"" lui dit juste d'attendre. Vous trouvez ça sérieux ?",dites voir amp cela fait 8 jours que ma mère de 85 ans qui vit seule na ni téléphone fixe ni internet ni télé le ticket incident na pas évolué depuis le premier jour et lassistance lui dit juste dattendre vous trouvez ça sérieux,2025-11-03 15:52:31
1830898490328650101,2024-09-03 11:19:51 +02:00,somfolder_,@free vous jouez à quoi encore avec votre réseau et wifi qui coupe h35,vous jouez à quoi encore avec votre réseau et wifi qui coupe h35,2025-11-03 15:52:31
1830901916768911439,2024-09-03 11:33:28 +02:00,bdmb2_,"c’est le grand retour chez Bouygues Telecom, adieu @Free de con et merci pour rien du tout\n\nhttps://t.co/F0BWdA7bkg",cest le grand retour chez bouygues telecom adieu de con et merci pour rien du toutnn,2025-11-03 15:52:31
1830903448528642396,2024-09-03 11:39:33 +02:00,DavidBalanza5,@free un mois sans connection ça devient pénible. Je ne vous remercie pas !,un mois sans connection ça devient pénible je ne vous remercie pas,2025-11-03 15:52:31
1830908114733809866,2024-09-03 11:58:05 +02:00,ArnaudJouzac,"Bonjour @XpFibre incident en cours depuis le 16 août, @free @Free_1337 indique que le ticket n’est toujours pas pris en compte chez vous.\nNeed Help !!",bonjour incident en cours depuis le 16 août indique que le ticket nest toujours pas pris en compte chez vousnneed help,2025-11-03 15:52:31
1830937941054529978,2024-09-03 13:56:36 +02:00,zbug,Bonjour @Freebox @free @Free_1337 !\n\nUn tech dans le coins pour répondre à ce qui semble être une question pourtant simple mais qui tourne en rond:\n\nLe backup 4g est-il compatible et fonctionnel si la freebox est configurée en mode bridge ?\n\n(mes tests semblent indiquer que non),bonjour nnun tech dans le coins pour répondre à ce qui semble être une question pourtant simple mais qui tourne en rondnnle backup 4g estil compatible et fonctionnel si la freebox est configurée en mode bridge nnmes tests semblent indiquer que non,2025-11-03 15:52:31
1830958004071522435,2024-09-03 15:16:20 +02:00,WalidNEHAL,"Bonjour @Freebox Ma freebox est bloquée à l’étape 2. L’assistance de proximite me dit : « Jusqu'au rétablissement de vos services, vous pouvez utiliser le partage de connexion entre vos appareils. » \nVous ne proposez pas de box 4G??",bonjour ma freebox est bloquée à létape 2 lassistance de proximite me dit jusquau rétablissement de vos services vous pouvez utiliser le partage de connexion entre vos appareils nvous ne proposez pas de box 4g,2025-11-03 15:52:31
1830961078421094483,2024-09-03 15:28:33 +02:00,crazystreet26,T’appelle @free plus personne. Ça va être simple. Opposition et go aller chez la concurrence.,tappelle plus personne ça va être simple opposition et go aller chez la concurrence,2025-11-03 15:52:31
1830972307768254798,2024-09-03 16:13:10 +02:00,1drunken_robot,"@Freebox bonjour, pourriez-vous expliquer la procédure pour résilier un abonnement car il semble que vous soyez incapables de connecter la Freebox (envoyée et installée non pas par un mais 3 techniciens) à cause du manque de connection au NRO de votre côté. Ça fait plus d un mois",bonjour pourriezvous expliquer la procédure pour résilier un abonnement car il semble que vous soyez incapables de connecter la freebox envoyée et installée non pas par un mais 3 techniciens à cause du manque de connection au nro de votre côté ça fait plus d un mois,2025-11-03 15:52:31
1831001198754730031,2024-09-03 18:07:58 +02:00,TarTiine__,@free Vous pourriez expliquer à ma communauté pourquoi je n’ai pas encore lancer de stream 🤣 (j’ai plus internet 😭),vous pourriez expliquer à ma communauté pourquoi je nai pas encore lancer de stream jai plus internet,2025-11-03 15:52:31
1831004875213111462,2024-09-03 18:22:35 +02:00,jokerjim90,"@free client chez vous depuis 10 ans, je trouve ça lamentable de devoir payer pour changer de box. La révolution ne fonctionne pas bien je voudrais passer à la pop et on me dit tranquillement que ça va me coûter 100 €.  Je trouve ça écœurant.",client chez vous depuis 10 ans je trouve ça lamentable de devoir payer pour changer de box la révolution ne fonctionne pas bien je voudrais passer à la pop et on me dit tranquillement que ça va me coûter 100 je trouve ça écœurant,2025-11-03 15:52:31
1831005094793330956,2024-09-03 18:23:27 +02:00,Gone_fr,@free bonjour possible de vous contacter en dm suite à une résiliation et le renvoie de mes appareils ?,bonjour possible de vous contacter en dm suite à une résiliation et le renvoie de mes appareils,2025-11-03 15:52:31
1831019569303167040,2024-09-03 19:20:58 +02:00,__lissahong,@Freebox impossible de vous joindre \nMa Freebox est bloquée à l'étape 2 \nJe dois faire un sacrifice pour avoir un humain pour me venir en aide ??,impossible de vous joindre nma freebox est bloquée à létape 2 nje dois faire un sacrifice pour avoir un humain pour me venir en aide,2025-11-03 15:52:31
1831020099446218765,2024-09-03 19:23:05 +02:00,Skitnash_RL,"@Freebox bonjour ! Ma Freebox reste bloquée à l’étape 2, avez-vous des pannes dans le secteur du 49 ?",bonjour ma freebox reste bloquée à létape 2 avezvous des pannes dans le secteur du 49,2025-11-03 15:52:31
1831029026120503576,2024-09-03 19:58:33 +02:00,laetyvanbraekel,Bonjour @Freebox \nMa freebox est bloquée à l'étape 2 depuis 15h30. Une solution ?,bonjour nma freebox est bloquée à létape 2 depuis 15h30 une solution,2025-11-03 15:52:31
1831070426199679123,2024-09-03 22:43:03 +02:00,Arthur_Valverde,"@Freebox depuis plusieurs jours j'ai une connexion affreuse (alors que je suis supposé avec 1Gbps), mes appareils sont tout le temps déconnectés du WiFi ou alors connectés mais sans internet. Je crois que ma Freebox est cassé :p Pouvez-vous m'aider ? https://t.co/M9U1kWkhD2",depuis plusieurs jours jai une connexion affreuse alors que je suis supposé avec 1gbps mes appareils sont tout le temps déconnectés du wifi ou alors connectés mais sans internet je crois que ma freebox est cassé p pouvezvous maider,2025-11-03 15:52:31
1831076638953726159,2024-09-03 23:07:45 +02:00,fox1j,"Hello @free, @Xavier75, @Frederic_Goyon, comment est-ce possible de nous vendre EurosportPlayer par une souscription MAX via Free et de ne finalement pas pouvoir y souscrire à cause d'un vieux bug d'affichage que bcp de personnes ont et sur lequel votre assistance ne fait rien 🤡 https://t.co/QE5UHThdka",hello comment estce possible de nous vendre eurosportplayer par une souscription max via free et de ne finalement pas pouvoir y souscrire à cause dun vieux bug daffichage que bcp de personnes ont et sur lequel votre assistance ne fait rien,2025-11-03 15:52:31
1831104131097895268,2024-09-04 00:56:59 +02:00,magic_oasis,Freebox bloquée à l’étape 6 @free ça arrive trop souvent !!,freebox bloquée à létape 6 ça arrive trop souvent,2025-11-03 15:52:31
1831106526586576920,2024-09-04 01:06:30 +02:00,Fuuumbleee,Fantastique ! Nouvelle interruption de services @Freebox heureusement que je n'ai plus @freemobile qui était une catastrophe. Je passe donc en partage et tente d'accéder à l'espace assistance @free et la... Ça ne fonctionne pas non plus 🤣\n\nIl est temps de passer a autre chose 😏,fantastique nouvelle interruption de services heureusement que je nai plus qui était une catastrophe je passe donc en partage et tente daccéder à lespace assistance et la ça ne fonctionne pas non plus nnil est temps de passer a autre chose,2025-11-03 15:52:31
1831197827688439880,2024-09-04 07:09:18 +02:00,kevmanner,"Bonjour @free le nro qui tombe six fois en panne, en 24 heures, est-ce normal ?",bonjour le nro qui tombe six fois en panne en 24 heures estce normal,2025-11-03 15:52:31
1831242276518977988,2024-09-04 10:05:56 +02:00,YvO_35,"En fait, @free c'est @reef_telecom, mais en vrai... Y'a 2j le 3244 me dit envoi de la box, hier on me dit tout a été détruit, @orange doit cabler la ligne (fibre) et faut prendre un RDV tech... Là, un mail qui dit pas de RDV tech mais le suivi dit le contraire... @Xavier75 help! https://t.co/NFBedVPftW",en fait cest mais en vrai ya 2j le 3244 me dit envoi de la box hier on me dit tout a été détruit doit cabler la ligne fibre et faut prendre un rdv tech là un mail qui dit pas de rdv tech mais le suivi dit le contraire help,2025-11-03 15:52:31
1831260359572832752,2024-09-04 11:17:47 +02:00,Seb4Ko,Alors déjà @free est incapable de me donner un rendez-vous pour m'installer la fibre depuis **2 mois** ! Mais en plus les conseillers que l'on a au téléphone sont super désagréables (en plus d'être incompétents donc). BRAVO @free !!,alors déjà est incapable de me donner un rendezvous pour minstaller la fibre depuis 2 mois mais en plus les conseillers que lon a au téléphone sont super désagréables en plus dêtre incompétents donc bravo,2025-11-03 15:52:31
1831262698367021376,2024-09-04 11:27:05 +02:00,bonesguru,@free pourquoi vos techniciens n’ont pas de module de rechange avec eux? 3 jrs d’attente pour une visite qui au final me laisse en attente indéterminée d’un nouveau module car l’ancien était déjà défaillant et j’ai signalé que le problème était répétitif donc pas juste le câble,pourquoi vos techniciens nont pas de module de rechange avec eux 3 jrs dattente pour une visite qui au final me laisse en attente indéterminée dun nouveau module car lancien était déjà défaillant et jai signalé que le problème était répétitif donc pas juste le câble,2025-11-03 15:52:31
1831267499913933221,2024-09-04 11:46:09 +02:00,SuperCyprien,"Bonjour, @OQEEbyFree , pourquoi est-ce que les replay/films disponibles sont différents suivant que j'utilise le site, l'appli tel, l'appli chromecast ou le replay dans ma freebox ?\n@free , @Xavier75 : des idées sur le sujet ?",bonjour pourquoi estce que les replayfilms disponibles sont différents suivant que jutilise le site lappli tel lappli chromecast ou le replay dans ma freebox n des idées sur le sujet,2025-11-03 15:52:31
1831280312472510573,2024-09-04 12:37:04 +02:00,sogekiin,"Hello @Freebox je viens de souscrire à une box Ultra Essentiel. J'ai déjà un compte chez Canal+, comment me connecter depuis l'application de la freebox? Pas de problème avec Netflix, Disney+ et Prime Video.",hello je viens de souscrire à une box ultra essentiel jai déjà un compte chez canal comment me connecter depuis lapplication de la freebox pas de problème avec netflix disney et prime video,2025-11-03 15:52:31
1831293770811244794,2024-09-04 13:30:33 +02:00,SpaceSherif,C’est quoi cette arnaque @Xavier75 ? Une dame de 70 ans à qui on fait payer 70€ juste pour changer sa box 😡😡 \n\nCliente depuis l’époque d’Infonie en 1996. C’est comme ça que @Freebox remercie ses clients fidèles ? \n\nEn plus l’opérateur est odieux ! https://t.co/tgOAPjOt6M,cest quoi cette arnaque une dame de 70 ans à qui on fait payer 70 juste pour changer sa box nncliente depuis lépoque dinfonie en 1996 cest comme ça que remercie ses clients fidèles nnen plus lopérateur est odieux,2025-11-03 15:52:31
1831308277830832495,2024-09-04 14:28:12 +02:00,cab1408,"@free abonné chez Free en ADSL, un engin a arraché vendredi les câbles téléphoniques sur le chemin qui dessert notre quartier. Résultat, plus d’Internet, de tel et de TV. Free est prevenu depuis 5 jours, parle à Orange qui est responsable mais rien n’avance. La moutarde monte!",abonné chez free en adsl un engin a arraché vendredi les câbles téléphoniques sur le chemin qui dessert notre quartier résultat plus dinternet de tel et de tv free est prevenu depuis 5 jours parle à orange qui est responsable mais rien navance la moutarde monte,2025-11-03 15:52:31
1831373717936730524,2024-09-04 18:48:14 +02:00,kermitt2023,"Depuis 2 mois problème de débit, de service télé.\nLes techniciens @Freebox constatent le problème mais le retour est ""tout est normal chez l'abonné"". Auj Un prob sur l'infrastructure est possible et l'on me demande de conracter @Orange_France. Dois-je tirer les câbles @Xavier75 ?",depuis 2 mois problème de débit de service télénles techniciens constatent le problème mais le retour est tout est normal chez labonné auj un prob sur linfrastructure est possible et lon me demande de conracter doisje tirer les câbles,2025-11-03 15:52:31
1831376877354987828,2024-09-04 19:00:47 +02:00,mickyrouen,@bouyguestelecom très déçu. Je viens de passer chez bandyou t’en remplacement de mon forfait Free eh bien je vais direct recharger. Sur la ligne du rer A la connexion est très mauvaise. @free est meilleure. Bref. Je vais tenter @Sosh_fr,très déçu je viens de passer chez bandyou ten remplacement de mon forfait free eh bien je vais direct recharger sur la ligne du rer a la connexion est très mauvaise est meilleure bref je vais tenter,2025-11-03 15:52:31
1831385287907491908,2024-09-04 19:34:12 +02:00,vulodex,"Hello, \nCela fait 5 jours que je n’ai plus internet.\nEt je n’ai aucune information sur le problème ni une date de résolution.\nComme je n’arrive pas avoir d’information du support, je passe par les réseaux !! @free @Freebox",hello ncela fait 5 jours que je nai plus internetnet je nai aucune information sur le problème ni une date de résolutionncomme je narrive pas avoir dinformation du support je passe par les réseaux,2025-11-03 15:52:31
1831406001859514500,2024-09-04 20:56:31 +02:00,ShantaTolissoo,Faut vraiment revoir vos technique commercial @free,faut vraiment revoir vos technique commercial,2025-11-03 15:52:31
1831406586453225504,2024-09-04 20:58:50 +02:00,jeromehuet,"@Freebox Bonsoir, j'ai reçu un mail avec une demande RIO, sauf que je n'ai rien demandé. Est-ce normal ?",bonsoir jai reçu un mail avec une demande rio sauf que je nai rien demandé estce normal,2025-11-03 15:52:31
1831407689777463538,2024-09-04 21:03:13 +02:00,Eyrinia,"@free Bonjour, comment se fait-il que vos conseillers se permettent encore de partir de leur poste pour ne pas que le client puisse leur donner une notation ? La personne que je viens d'avoir a l'instant a été vraiment très peu aimable en plus de me laisser en plan.",bonjour comment se faitil que vos conseillers se permettent encore de partir de leur poste pour ne pas que le client puisse leur donner une notation la personne que je viens davoir a linstant a été vraiment très peu aimable en plus de me laisser en plan,2025-11-03 15:52:31
1831409799269163376,2024-09-04 21:11:36 +02:00,xiaofengpinku,Cc @Freebox allez vous changer ma box qui necmarche plus du tout à cause de la foudre ? (J'ai envoyé un message au service via le site internet),cc allez vous changer ma box qui necmarche plus du tout à cause de la foudre jai envoyé un message au service via le site internet,2025-11-03 15:52:31
1831455762503336390,2024-09-05 00:14:15 +02:00,hicksail,"Je me suis fait avoir par @free, quand on souscrit à un bouquet de chaînes étrangères, c'est par mois civil... Si on souscrit le 30, on paie un mois complet pour 2 jours (août) et non pas de date à date.. le service client ne fait rien.. @Xavier75",je me suis fait avoir par quand on souscrit à un bouquet de chaînes étrangères cest par mois civil si on souscrit le 30 on paie un mois complet pour 2 jours août et non pas de date à date le service client ne fait rien,2025-11-03 15:52:31
1831501563493543948,2024-09-05 03:16:15 +02:00,NaskaH7,@free c’est vraiment d’la merde avec le coupure toute les 5min et on paie 60e pour cette daube,cest vraiment dla merde avec le coupure toute les 5min et on paie 60e pour cette daube,2025-11-03 15:52:31
1831607274613182765,2024-09-05 10:16:18 +02:00,Sasskeh,Attendez @free y’a #AstroBot demain !\nPurée vous gâchez clairement mon planning ! \n\nDonnez-moi internet !!!,attendez ya demain npurée vous gâchez clairement mon planning nndonnezmoi internet,2025-11-03 15:52:31
1831615878737072408,2024-09-05 10:50:29 +02:00,bnwit,C'est incroyable de voir à quel point le service @Freebox  est devenu mediocre. Avoir un conseillé au téléphone est devenu une épreuve. Leur services internet ADSL est du foutage de gueule. Et surtout on ne se presse pas pour raccoder des clients de 10+ ans à la fibre.,cest incroyable de voir à quel point le service est devenu mediocre avoir un conseillé au téléphone est devenu une épreuve leur services internet adsl est du foutage de gueule et surtout on ne se presse pas pour raccoder des clients de 10 ans à la fibre,2025-11-03 15:52:31
1831637575108342086,2024-09-05 12:16:42 +02:00,Ving_blast,ggs @free la mission #pasdefibrepourkebmapime est un succès. La prochaine fois faut louer un taupiqueur pour faire passer les câbles. \nCordialement la secrétaire de kenma \nPing_blast,ggs la mission est un succès la prochaine fois faut louer un taupiqueur pour faire passer les câbles ncordialement la secrétaire de kenma nping_blast,2025-11-03 15:52:31
1831652336155902159,2024-09-05 13:15:22 +02:00,jytjyt3,"@Freebox bonjour\nJ'ai demandé mon passage à la fibre à saclas depuis le 22 février, et je n'ai plus aucune information.\nJ'aimerais savoir où en est cette demande \nMerci",bonjournjai demandé mon passage à la fibre à saclas depuis le 22 février et je nai plus aucune informationnjaimerais savoir où en est cette demande nmerci,2025-11-03 15:52:31
1831671600875274434,2024-09-05 14:31:55 +02:00,Issamenide,"Pas internet depuis ce matin, @free qui donne aucune réponse juste envie de tout casser fkdixk\nAllez on change d’opérateur merci pour les travaux",pas internet depuis ce matin qui donne aucune réponse juste envie de tout casser fkdixknallez on change dopérateur merci pour les travaux,2025-11-03 15:52:31
1831686445083357525,2024-09-05 15:30:54 +02:00,Khloe96009175,@free c’est un délire chez vous j’appel le 3 aout pour mettre des prélèvements  au 15 de chaque mois le conseiller me dit ok je reçois ma facture aujourdhui prélever aujourdhui putain jvais retourner chez @Orange_France,cest un délire chez vous jappel le 3 aout pour mettre des prélèvements au 15 de chaque mois le conseiller me dit ok je reçois ma facture aujourdhui prélever aujourdhui putain jvais retourner chez,2025-11-03 15:52:31
1831700139058118956,2024-09-05 16:25:19 +02:00,faycalCM,@free c’est possible de répondre à mon appel au lieu de me dire « vous êtes actuellement en discussion avec un membre de l’équipe…. »\nÇa fait 48h que je n’ai plus internet je discute avec personne la !!!! https://t.co/PgRj94nDve,cest possible de répondre à mon appel au lieu de me dire vous êtes actuellement en discussion avec un membre de léquipe nça fait 48h que je nai plus internet je discute avec personne la,2025-11-03 15:52:31
1831705364703728054,2024-09-05 16:46:05 +02:00,meltingmywings,"@Freebox bonjour, cela fait plus d'une semaine que mon déménagement de fibre est bloqué à l'étape 1, il va falloir attendre encore combien de temps ?",bonjour cela fait plus dune semaine que mon déménagement de fibre est bloqué à létape 1 il va falloir attendre encore combien de temps,2025-11-03 15:52:31
1831722111150231667,2024-09-05 17:52:37 +02:00,Numidiian,@free arrêter de m’harceler je vais insulter vos operateurs wsh 6 appels,arrêter de mharceler je vais insulter vos operateurs wsh 6 appels,2025-11-03 15:52:31
1831722527757906090,2024-09-05 17:54:17 +02:00,elo_lpz,"@free se sont les pires, se sont des voleurs et des menteurs, franchement plus jamais",se sont les pires se sont des voleurs et des menteurs franchement plus jamais,2025-11-03 15:52:31
1831740962491531470,2024-09-05 19:07:32 +02:00,jah_jahjah,"@free @Freebox @Freebox  je quitte vos services ce jour... Pas d'assistance... Plus de TV/internet/tel... Vos services assistances annoncent 45 min de délais, j'ai passé la journée a envoyer des messages (unique moyen de communication)... Aucune réponse. Du coup: au revoir free.. https://t.co/eHvxSb6ZWf",je quitte vos services ce jour pas dassistance plus de tvinternettel vos services assistances annoncent 45 min de délais jai passé la journée a envoyer des messages unique moyen de communication aucune réponse du coup au revoir free,2025-11-03 15:52:31
1831771594756440232,2024-09-05 21:09:15 +02:00,Moussdjebloune,"@Sosh_fr propose un nouveau forfait à 25,99€, alors que je paie 30€. Ils risquent de perdre un client puisqu’ils refusent de me faire une réduction. @free @SFR @bouyguestelecom, quelles offres box proposez-vous pour la maison à 25,99€ ou moins ?",propose un nouveau forfait à 2599 alors que je paie 30 ils risquent de perdre un client puisquils refusent de me faire une réduction quelles offres box proposezvous pour la maison à 2599 ou moins,2025-11-03 15:52:31
1831778961887527108,2024-09-05 21:38:31 +02:00,lucxs_hx,@free @Xavier75 ce serait possible de mettre à jour la freebox delta pour qu’elle prenne en charge la 5g et pas seulement la 4g,ce serait possible de mettre à jour la freebox delta pour quelle prenne en charge la 5g et pas seulement la 4g,2025-11-03 15:52:31
1831782745657479631,2024-09-05 21:53:34 +02:00,curtis_sx,Bon. @free je pensais pas en arriver la mais vos vendeurs peu scrupuleux qui mentent éhontément en magasin et sur les contrats signés\n\nje pense que le procès s'impose on se reverra.,bon je pensais pas en arriver la mais vos vendeurs peu scrupuleux qui mentent éhontément en magasin et sur les contrats signésnnje pense que le procès simpose on se reverra,2025-11-03 15:52:31
1831791713381445694,2024-09-05 22:29:12 +02:00,Kenma_kugel,Les bots aussi ont le droit de #voter !!! (jvais te retrouver ving) https://t.co/QiOhPqTSxx,les bots aussi ont le droit de jvais te retrouver ving,2025-11-03 15:52:31
1831803435047653707,2024-09-05 23:15:46 +02:00,Kohulavarman,@free  Pourquoi les anciens clients Delta Apple TV qui migrent vers Ultra doivent payer 5€ de plus par mois pour avoir un player tv alors que c’est inclut pour les autres ? Payer plus pour avoir moins ?\nPourquoi le player n’est pas inclut ??,pourquoi les anciens clients delta apple tv qui migrent vers ultra doivent payer 5 de plus par mois pour avoir un player tv alors que cest inclut pour les autres payer plus pour avoir moins npourquoi le player nest pas inclut,2025-11-03 15:52:31
1831934239052644702,2024-09-06 07:55:32 +02:00,playerremytwitt,Bonjour @Freebox vous trouvez ça normal de me prélever 190 euros alors que je vous ai rendu votre matériel ???,bonjour vous trouvez ça normal de me prélever 190 euros alors que je vous ai rendu votre matériel,2025-11-03 15:52:31
1831941996635881745,2024-09-06 08:26:22 +02:00,SynaOne,"Bah alors @free, on se vante de gagner des clients à tout va mais l'expérience en tant que nouvel utilisateur est désastreuse !\nJ'ai emménagé depuis 2 semaines vous me mener en bateau !\nTout comme l'ensemble des résidents de ma copropriété, certains sont déjà allés chez la concu",bah alors on se vante de gagner des clients à tout va mais lexpérience en tant que nouvel utilisateur est désastreuse njai emménagé depuis 2 semaines vous me mener en bateau ntout comme lensemble des résidents de ma copropriété certains sont déjà allés chez la concu,2025-11-03 15:52:31
1831986703382315457,2024-09-06 11:24:01 +02:00,lsakurayuki,@free #free il y a quoi que vous comprenez pas dans  lâchez-moi la grappe !! \n\nJe ne veux pas de vos foutu abonnement on a beau vous bloqué vous revenez toujours 🙄 https://t.co/Y7HlMH51Vt,il y a quoi que vous comprenez pas dans lâchezmoi la grappe nnje ne veux pas de vos foutu abonnement on a beau vous bloqué vous revenez toujours,2025-11-03 15:52:31
1831992841800712427,2024-09-06 11:48:24 +02:00,eptiss,"Ok super. En attendant, vous avez jamais fait de clé 4g et à Antibes il y a plus de réseau depuis une semaine ? On fait comment nous ?",ok super en attendant vous avez jamais fait de clé 4g et à antibes il y a plus de réseau depuis une semaine on fait comment nous,2025-11-03 15:52:31
1831997889628815827,2024-09-06 12:08:28 +02:00,TiinoX83,"Le forfait Freebox Révolution Light à 29,99 €/mois a changé !\n\nIl devient la Série Spéciale Freebox Révolution Light à 24,99 €/mois pendant 1 an, puis 29,99 €/mois ! \n\nhttps://t.co/FFGm0Mf6cn https://t.co/kjDrfkT6q8",le forfait freebox révolution light à 2999 mois a changé nnil devient la série spéciale freebox révolution light à 2499 mois pendant 1 an puis 2999 mois nn,2025-11-03 15:52:31
1832000872118677666,2024-09-06 12:20:19 +02:00,enileme__,"@free 3 problèmes en 1 semaine on est pas mal la ? Surtout que vous faites aucun geste commercial, bah moi jvais en faire un jvais partir de chez vous, chercher pas à me prélever le mois prochain jvais tout bloquer.",3 problèmes en 1 semaine on est pas mal la surtout que vous faites aucun geste commercial bah moi jvais en faire un jvais partir de chez vous chercher pas à me prélever le mois prochain jvais tout bloquer,2025-11-03 15:52:31
1832044029195833509,2024-09-06 15:11:48 +02:00,TotoKvil,"@free\nAlors ?! En prenant un abonnement ultra, l’assistance n’est clairement pas ultra mais MINABLE. Le technicien ne peut pas intervenir, et je ne peux même pas commander une pocket box 4g en attendant car la ligne est non raccordée… ADIEU FREE",nalors en prenant un abonnement ultra lassistance nest clairement pas ultra mais minable le technicien ne peut pas intervenir et je ne peux même pas commander une pocket box 4g en attendant car la ligne est non raccordée adieu free,2025-11-03 15:52:31
1832046588560036067,2024-09-06 15:21:59 +02:00,icaunais,@free Je viens de faire ma demande de résiliation au 30/09 et ALORS que je paye encore je ne suis plus considéré comme abonné : donc je n'ai plus d'acces à mon espace et je ne peux plus communiquer avec vous,je viens de faire ma demande de résiliation au 3009 et alors que je paye encore je ne suis plus considéré comme abonné donc je nai plus dacces à mon espace et je ne peux plus communiquer avec vous,2025-11-03 15:52:31
1832075631330549841,2024-09-06 17:17:23 +02:00,kasy_r,@free votre service d’assistance est juste scandaleux pas de connexion depuis 12h40 on te dit qu’on reviens dans 45min maximum ça fait bientôt 5h et personne en ligne. Personne ne prend en compte le litige. Une société qui en rien à faire de ces clients. A fuir !!!!,votre service dassistance est juste scandaleux pas de connexion depuis 12h40 on te dit quon reviens dans 45min maximum ça fait bientôt 5h et personne en ligne personne ne prend en compte le litige une société qui en rien à faire de ces clients a fuir,2025-11-03 15:52:31
1832081857963250049,2024-09-06 17:42:08 +02:00,LechapardeurS,Dans 20mn c'est 18h00 et je pourrai paniquer. @Freebox,dans 20mn cest 18h00 et je pourrai paniquer,2025-11-03 15:52:31
1832112457869094983,2024-09-06 19:43:43 +02:00,Jolindi32506932,"@free, @UFCquechoisir  aujourd'hui, j'essaie de résilier mon abonnement en appelant le 3244: impossible. Directement sur le site: impossible. Je vais être obligé de faire une lettre recommandé. Du coup, ce sera un adieu et ,non un au revoir.",aujourdhui jessaie de résilier mon abonnement en appelant le 3244 impossible directement sur le site impossible je vais être obligé de faire une lettre recommandé du coup ce sera un adieu et non un au revoir,2025-11-03 15:52:31
1832115403536904494,2024-09-06 19:55:25 +02:00,Mme_Reyna,Please 🙏🙏🙏🙏🙏🙏 @free !!!! Laissez moi retrouver ma connexion pleaaaaaaaaaseeeee helppppppp,please laissez moi retrouver ma connexion pleaaaaaaaaaseeeee helppppppp,2025-11-03 15:52:31
1832126212811972899,2024-09-06 20:38:23 +02:00,LechapardeurS,Bon ben voilà voilà. Merci @Freebox  . Heureusement que j'ai le failover par Bouygues. Prochaine bonne offre de Starlink je pense que je craque https://t.co/AHPgcyurzV,bon ben voilà voilà merci heureusement que jai le failover par bouygues prochaine bonne offre de starlink je pense que je craque,2025-11-03 15:52:31
1832346973443150305,2024-09-07 11:15:36 +02:00,matt_nnz,"@free pire réseau de France. Ma box se coupe en plein télétravail, et on me dit au tel que ca peut etre un technicien qui aurait debrancher ma ligne et qu'ils pourront m'en envoyer un mercredi... mais si il a debrancher, il peut pas venir rebrancher de suite serieux ???",pire réseau de france ma box se coupe en plein télétravail et on me dit au tel que ca peut etre un technicien qui aurait debrancher ma ligne et quils pourront men envoyer un mercredi mais si il a debrancher il peut pas venir rebrancher de suite serieux,2025-11-03 15:52:31
1832347263663743273,2024-09-07 11:16:45 +02:00,matt_nnz,@free je vais peter un plimb et vous faire une pub bien salée tant que ma box ne refonctionnera pas. Je payes 90 euros par mois pour ça ?? Pour une box qui reqte bloquer a l'etape 2 ??,je vais peter un plimb et vous faire une pub bien salée tant que ma box ne refonctionnera pas je payes 90 euros par mois pour ça pour une box qui reqte bloquer a letape 2,2025-11-03 15:52:31
1832353183949001067,2024-09-07 11:40:17 +02:00,himselfprod,J'étais habitué aux augmentation discrètes de @free sur les abonnements freebox (+1€ par ci-par là). Depuis juillet c'est carrément +10€/mois sans raison. Je paye donc maintenant aujourd'hui plus cher avec ma freebox DELTA que l'offre ULTRA... Cherchez l'erreur !,jétais habitué aux augmentation discrètes de sur les abonnements freebox 1 par cipar là depuis juillet cest carrément 10mois sans raison je paye donc maintenant aujourdhui plus cher avec ma freebox delta que loffre ultra cherchez lerreur,2025-11-03 15:52:31
1832355128508026962,2024-09-07 11:48:00 +02:00,Rzcooh140,Bonjour @free je passe 1 semaine dans un taff de merde ou je me bz le dos samedi dimanche je veux  PROFITER de mon week-end et comme de par hasard la connexion fonctionne pas je peux pas profiter de mon super pc payer a 1300 euro a cause de votre co de merde et en plus vous avez,bonjour je passe 1 semaine dans un taff de merde ou je me bz le dos samedi dimanche je veux profiter de mon weekend et comme de par hasard la connexion fonctionne pas je peux pas profiter de mon super pc payer a 1300 euro a cause de votre co de merde et en plus vous avez,2025-11-03 15:52:31
1832366216691753016,2024-09-07 12:32:04 +02:00,totolegaucho,@free bonjour ! 3 semaines san internet 3 techniciens qui se déplacent et toujours rien ! Par contre le prélèvement lui pas de problème… ! \nPas de rappel pas d’offres commerciales ..\nBref une vraie escroquerie,bonjour 3 semaines san internet 3 techniciens qui se déplacent et toujours rien par contre le prélèvement lui pas de problème npas de rappel pas doffres commerciales nbref une vraie escroquerie,2025-11-03 15:52:31
1832411472804069457,2024-09-07 15:31:54 +02:00,ThibautLasserre,Quasiment 3 mois pour mettre en place la fibre avec @Freebox . Résultat : toujours rien à cause d'un technicien incompétent et menteur (il faudrait même une gaine de 10 à 15cm de diamètre pour passer la fibre 😅)\n\nC'est navrant car j'apprécie @xavier75 et que le support téléphonique semble être super. \n\nDes conseils pour la suite ? Je tente avec @Orange_France ou je ne prends aucun risque avec @Starlink ? \n\n#Fibre #Internet,quasiment 3 mois pour mettre en place la fibre avec résultat toujours rien à cause dun technicien incompétent et menteur il faudrait même une gaine de 10 à 15cm de diamètre pour passer la fibre nncest navrant car japprécie et que le support téléphonique semble être super nndes conseils pour la suite je tente avec ou je ne prends aucun risque avec nn,2025-11-03 15:52:31
1832416148589367774,2024-09-07 15:50:29 +02:00,Blutch29,"@free Génial abonné Freebox ultra depuis le 1er février j’attends toujours l’échange de mes répéteurs wifi 5 en wifi7. Après 20 ans chez Free, il vaut toujours mieux être un nouvel abonné . Et bien moi aussi je vais devenir nouvel abonné !",génial abonné freebox ultra depuis le 1er février jattends toujours léchange de mes répéteurs wifi 5 en wifi7 après 20 ans chez free il vaut toujours mieux être un nouvel abonné et bien moi aussi je vais devenir nouvel abonné,2025-11-03 15:52:31
1832420685005910130,2024-09-07 16:08:30 +02:00,elrachid69,@SFR @SFR_SAV dommage qu' un service client aime perdre ses clients sans réellement trouver des solutions adéquat pour le bien être des abonnés \n@free êtes vous disponible,dommage qu un service client aime perdre ses clients sans réellement trouver des solutions adéquat pour le bien être des abonnés n êtes vous disponible,2025-11-03 15:52:31
1832437378860118094,2024-09-07 17:14:50 +02:00,orpheno_,"@Freebox @free\nComme convenu par votre service client payant, j’ai laissé mon colis en mode yolo dans un point retrait UPS sans étiquette de retour UPS\n\nDifficile de trouver des gens compétents chez vous\n\nMais j’ai fait ma partie du TAF, à vous de faire la vôtre pour une fois https://t.co/vvTlyXXoFH",ncomme convenu par votre service client payant jai laissé mon colis en mode yolo dans un point retrait ups sans étiquette de retour upsnndifficile de trouver des gens compétents chez vousnnmais jai fait ma partie du taf à vous de faire la vôtre pour une fois,2025-11-03 15:52:31
1832455765224808943,2024-09-07 18:27:54 +02:00,mesli76450,3 semaine que j'ai reçu une box free tjr pas internet 2 faut plan par un technicien qui doit venir chez moi et quand j'appelle free on me mais en attente de 30 min sans réponse ha oui juste on va relance mais mdr  un truc à dire? \n@Xavier75 @free une honte!! https://t.co/uaNzg8tMG3,3 semaine que jai reçu une box free tjr pas internet 2 faut plan par un technicien qui doit venir chez moi et quand jappelle free on me mais en attente de 30 min sans réponse ha oui juste on va relance mais mdr un truc à dire n une honte,2025-11-03 15:52:31
1832495739123200232,2024-09-07 21:06:44 +02:00,YatoYaboku12,"ma freebox se reset plusieurs fois par jour durant cette semaine, pourtant y'a aucun cable qui défaille, vous savez comment régler ce problème  ? @free",ma freebox se reset plusieurs fois par jour durant cette semaine pourtant ya aucun cable qui défaille vous savez comment régler ce problème,2025-11-03 15:52:31
1832496792941773004,2024-09-07 21:10:56 +02:00,cwoox,@free ça fait 3 soirées où les débits sont autour des 500 Ko/s,ça fait 3 soirées où les débits sont autour des 500 kos,2025-11-03 15:52:31
1832541316456046596,2024-09-08 00:07:51 +02:00,Gears4Gamers,Panne chez @free @Freebox ? (Fibre avec la ultra ) vous aussi ?,panne chez fibre avec la ultra vous aussi,2025-11-03 15:52:31
1832542351195046021,2024-09-08 00:11:58 +02:00,MimounaSb,"@free plus de box, plus de mobile c’est quoi le problème ???? J suis la seule ???",plus de box plus de mobile cest quoi le problème j suis la seule,2025-11-03 15:52:31
1832570044921897076,2024-09-08 02:02:00 +02:00,Lilox36359786,@free vous êtes le pire opérateur all time,vous êtes le pire opérateur all time,2025-11-03 15:52:31
1832588156497002558,2024-09-08 03:13:59 +02:00,GDelapampa,"@free je suis un vieux client...depuis 2014 si mes souvenirs sont bons...c'est vrai ca? car moi, en temps que vieux client...jamais droit à rien. Je demenage prochainement, meme si je suis satisfait du service, la concurrence commence a me faire de l oeil..https://t.co/N09f1fk3Jb",je suis un vieux clientdepuis 2014 si mes souvenirs sont bonscest vrai ca car moi en temps que vieux clientjamais droit à rien je demenage prochainement meme si je suis satisfait du service la concurrence commence a me faire de l oeil,2025-11-03 15:52:31
1832725176095478265,2024-09-08 12:18:27 +02:00,AkitoHyuuga,@theromainjf @freemobile @bouyguestelecom @free Oui mais j'ai appeler pour avoir des infos etc... Mais ils me répondent jamais free,oui mais jai appeler pour avoir des infos etc mais ils me répondent jamais free,2025-11-03 15:52:31
1832753296764699082,2024-09-08 14:10:11 +02:00,RigiMic,@free is there support available in English please? Urgent,is there support available in english please urgent,2025-11-03 15:52:31
1832781501127151874,2024-09-08 16:02:15 +02:00,VerpCh,@free @Freebox @Xavier75 comment vous pouvez laisser un quartier sans infos sur une panne démarrée jeudi dernier? Franchement c’est scandaleux en terme de service. Et pendant ce temps la on paye… 🤷‍♀️,comment vous pouvez laisser un quartier sans infos sur une panne démarrée jeudi dernier franchement cest scandaleux en terme de service et pendant ce temps la on paye,2025-11-03 15:52:31
1832808746545762520,2024-09-08 17:50:31 +02:00,Red_82370,J'ai la fibre\nMerci @free https://t.co/HgKI9iHm7T,jai la fibrenmerci,2025-11-03 15:52:31
1832821221496394229,2024-09-08 18:40:06 +02:00,lousticator,"Mon jouet préféré et increvable marche tout à fait normalement, ... mais j'avoue qu'il a essayé de me faire un petit clin d'oeil quand je suis passé à côté\n\nOn va voir ce que dit le support... (avoir un long downtime pour un détail esthétique serait une mauvaise idée)\n\n@Freebox https://t.co/M4gOExzAHk",mon jouet préféré et increvable marche tout à fait normalement mais javoue quil a essayé de me faire un petit clin doeil quand je suis passé à côténnon va voir ce que dit le support avoir un long downtime pour un détail esthétique serait une mauvaise idéenn,2025-11-03 15:52:31
1832862387751596200,2024-09-08 21:23:40 +02:00,Souuki_,"Presque une semaine entière qu’on a plus accès à internet, chaque fois que l’on appel @free @Freebox on nous informe que notre connexion sera rétablie deux jours plus tard et chaque fois rien. Aujourd’hui on rappelle et on se fait raccrocher au nez, c’est vraiment honteux.",presque une semaine entière quon a plus accès à internet chaque fois que lon appel on nous informe que notre connexion sera rétablie deux jours plus tard et chaque fois rien aujourdhui on rappelle et on se fait raccrocher au nez cest vraiment honteux,2025-11-03 15:52:31
1832893390930759985,2024-09-08 23:26:52 +02:00,nicodemusw,Bonjour @free @Freebox  ça vient d'où ce souci depuis qq temps sur toutes les chaînes de @FranceTV  alors que @m6 marche très bien ? https://t.co/wlZJsnJSiq,bonjour ça vient doù ce souci depuis qq temps sur toutes les chaînes de alors que marche très bien,2025-11-03 15:52:31
1832901652996554814,2024-09-08 23:59:42 +02:00,whysooosvd,@free @SFR VOUS ME FAITES VIVRE UN ENFER DEPUIS 2020 PUTAIN DE MERDE RÉPAREZ VOS PUTAINS DE CÂBLE DE FIBRE DE MERDE YEN A MARE,vous me faites vivre un enfer depuis 2020 putain de merde réparez vos putains de câble de fibre de merde yen a mare,2025-11-03 15:52:31
1832911144018661447,2024-09-09 00:37:25 +02:00,psgsetifien,@free coupure deux fois par semaine je paye 40€ par mois pour que ça coupe ! Je vais demander un dédommagement à l’année bande de chien ! On est en France ou au bingladesh !,coupure deux fois par semaine je paye 40 par mois pour que ça coupe je vais demander un dédommagement à lannée bande de chien on est en france ou au bingladesh,2025-11-03 15:52:31
1832914052844229040,2024-09-09 00:48:58 +02:00,Aetheer_,"@Freebox Bonjour, je possède une Freebox mini 4k et je voudrais migrer vers la Pop qui, à priori, donne un meilleur débit (j'ai la fibre).\n\nEst-ce que ça vaut réellement le coup ? Et est-ce qu'il y a des frais de migration .. ?",bonjour je possède une freebox mini 4k et je voudrais migrer vers la pop qui à priori donne un meilleur débit jai la fibrennestce que ça vaut réellement le coup et estce quil y a des frais de migration,2025-11-03 15:52:31
1832914369468125228,2024-09-09 00:50:14 +02:00,Thaye60,@Free @Freebox @FreeAssistance pourquoi quand la box plante le réseau 5G aussi ?? Plus de box et plus de 5G ce soir !!! Grrrr,pourquoi quand la box plante le réseau 5g aussi plus de box et plus de 5g ce soir grrrr,2025-11-03 15:52:31
1832917177931808901,2024-09-09 01:01:23 +02:00,psgsetifien,@Freebox vous êtes le pire opérateur de tt les temps !Chaque semaine 4 coupure à partir de 00h comme si on devait aller se coucher à cette heure !Y en a qui taffent la nuit !Bande d’incompétent !Je savais que vous étiez nul de fou mais là je vais tellement vous cracher dessus,vous êtes le pire opérateur de tt les temps chaque semaine 4 coupure à partir de 00h comme si on devait aller se coucher à cette heure y en a qui taffent la nuit bande dincompétent je savais que vous étiez nul de fou mais là je vais tellement vous cracher dessus,2025-11-03 15:52:31
1833066660623794583,2024-09-09 10:55:23 +02:00,SurferVert,"@free \n\nUne semaine plus tard : toujours aucune résolution de la part du ""support"" technique Free.\nProchaine facture bloquée et migration vers @orange https://t.co/86xP3z7Dx8",nnune semaine plus tard toujours aucune résolution de la part du support technique freenprochaine facture bloquée et migration vers,2025-11-03 15:52:31
1833066953885220951,2024-09-09 10:56:33 +02:00,Aretha4677,"@free Bjr, 3 fois que j'appelle pour le même problème, au début coupure d'1h puis 2h maintenant c'est toute la nuit. Ça ne sert à rien que je vous appelle car 1 ticket d'incident est ouvert puis rien, pas de suite. J'ai ni le wifi (ma box) ni la 4G (mobile). Je vais changer!",bjr 3 fois que jappelle pour le même problème au début coupure d1h puis 2h maintenant cest toute la nuit ça ne sert à rien que je vous appelle car 1 ticket dincident est ouvert puis rien pas de suite jai ni le wifi ma box ni la 4g mobile je vais changer,2025-11-03 15:52:31
1833077361857679387,2024-09-09 11:37:54 +02:00,jpdardayrol,"@Freebox\nNous sommes en panne depuis vendredi midi, le technicien est passé ce matin, il est reparti sans réparer, 'en catimini' sans rien dire, l'assistance est injoignable, j'ai tenté la boutique. 'nous on est des commerciaux, on n' à pas accès à votre dossier. \nOn fait quoi ?",nnous sommes en panne depuis vendredi midi le technicien est passé ce matin il est reparti sans réparer en catimini sans rien dire lassistance est injoignable jai tenté la boutique nous on est des commerciaux on n à pas accès à votre dossier non fait quoi,2025-11-03 15:52:31
1833077766310203554,2024-09-09 11:39:31 +02:00,Mme_Reyna,@Freebox bonjour je voudrais avoir une confirmation qu'un technicien se présentera à l'extérieur de mon domicile aujourd'hui ? Car je n'ai toujours pas de nouvelles ! Sachant que je n'ai plus internet depuis vendredi matin.😭😭😭,bonjour je voudrais avoir une confirmation quun technicien se présentera à lextérieur de mon domicile aujourdhui car je nai toujours pas de nouvelles sachant que je nai plus internet depuis vendredi matin,2025-11-03 15:52:31
1833080536241205430,2024-09-09 11:50:31 +02:00,benguezthewiz,@Freebox bloqué à l’étape 2 https://t.co/bsAdpzW7m6,bloqué à létape 2,2025-11-03 15:52:31
1833122787889660056,2024-09-09 14:38:25 +02:00,8Maykiwo,@free @Freebox quand Jean-Michel te traite de menteur !!! Alors tu as la preuve que la lettre recommandée a bien été envoyé et bien reçu !!!\nQu’est ce qu’on peut faire @Freebox ?,quand jeanmichel te traite de menteur alors tu as la preuve que la lettre recommandée a bien été envoyé et bien reçu nquest ce quon peut faire,2025-11-03 15:52:31
1833122992500420919,2024-09-09 14:39:13 +02:00,mymy_mat,@Freebox c'est normal que les installateurs s'enfuient comme des voleurs tout en proposant des IpTV en disant que votre nouvelle offre Ultra+ ne comprend pas @PrimeVideoFR ni @NetflixFR et surtout impossible de vous contacter.Vous me faites regretter d'avoir changé d operateur 😡,cest normal que les installateurs senfuient comme des voleurs tout en proposant des iptv en disant que votre nouvelle offre ultra ne comprend pas ni et surtout impossible de vous contactervous me faites regretter davoir changé d operateur,2025-11-03 15:52:31
1833149233886605678,2024-09-09 16:23:30 +02:00,Mariep1983,"@free \nBonjour Free \nMa fille qui n’est pas cliente chez vous vient de se voir prélever 37,07€ , quelqu’un pour m’aider ? Merci",nbonjour free nma fille qui nest pas cliente chez vous vient de se voir prélever 3707 quelquun pour maider merci,2025-11-03 15:52:31
1833163081641341353,2024-09-09 17:18:31 +02:00,infogere,"@Freebox Bonjour, je ne reçois plus certains mails importants et récurrents. En allant sur votre webmail, je les ai trouvés dans spams ! De plus l'option 'filtres' a disparu du webmail. J'ai donc des filtres actifs, non créés par moi et non modifiables. Que faire ?",bonjour je ne reçois plus certains mails importants et récurrents en allant sur votre webmail je les ai trouvés dans spams de plus loption filtres a disparu du webmail jai donc des filtres actifs non créés par moi et non modifiables que faire,2025-11-03 15:52:31
1833169382798700957,2024-09-09 17:43:34 +02:00,Blutch29,"Bonjour\n@free\n@Freebox \nGénial, abonné Freebox ultra depuis le 1er février j’attends toujours l’échange de mes répéteurs wifi 5 en wifi 7. Après 20 ans chez Free, il vaut toujours mieux être un nouvel abonné. Et bien moi aussi je vais devenir nouvel abonné !",bonjournn ngénial abonné freebox ultra depuis le 1er février jattends toujours léchange de mes répéteurs wifi 5 en wifi 7 après 20 ans chez free il vaut toujours mieux être un nouvel abonné et bien moi aussi je vais devenir nouvel abonné,2025-11-03 15:52:31
1833177187257647508,2024-09-09 18:14:34 +02:00,PeterVeg1,"Quand tu veux mater tranquillement une série sur Netflix et que ton accès chez @Freebox bloque à l'obtention d'une IP et qu'on veut t'envoyer un technicien. 🤔\nMon voisin chez Bouygues est pareil, pas d'internet. C'est quoi le délire ?\n#freeboxdown\n#Valdemarne https://t.co/LfCkhNxhTD",quand tu veux mater tranquillement une série sur netflix et que ton accès chez bloque à lobtention dune ip et quon veut tenvoyer un technicien nmon voisin chez bouygues est pareil pas dinternet cest quoi le délire nn,2025-11-03 15:52:31
1833179817568870704,2024-09-09 18:25:01 +02:00,Faudratyfaire,1 semaine sans internet vous êtes sérieux @free @Freebox ?? En 2024 ??? Pour un client chez vous depuis plus de 15 ans ??,1 semaine sans internet vous êtes sérieux en 2024 pour un client chez vous depuis plus de 15 ans,2025-11-03 15:52:31
1833181977660236247,2024-09-09 18:33:37 +02:00,Vladcik,@free Bonjour j'essaie d'avoir quelqu'un par message depuis tout à l'heure sans retour. J'aimerais voir pour devenir client dans un futur proche\n\nMerci,bonjour jessaie davoir quelquun par message depuis tout à lheure sans retour jaimerais voir pour devenir client dans un futur prochennmerci,2025-11-03 15:52:31
1833182524555624953,2024-09-09 18:35:47 +02:00,w_i_e_d,"@Freebox \nj’aimerais avoir des infos concernant l’intervention d’un technicien ce jour pour raccorder la fibre chez moi à Bordeaux. \nLe technicien est venu les mains dans les poches, ne répondait pas à nos questions et est reparti sans rien faire …",njaimerais avoir des infos concernant lintervention dun technicien ce jour pour raccorder la fibre chez moi à bordeaux nle technicien est venu les mains dans les poches ne répondait pas à nos questions et est reparti sans rien faire,2025-11-03 15:52:31
1833186121422917746,2024-09-09 18:50:04 +02:00,Shamtaro1,@Freebox comment ça se fait à plus reprise le soir je me retrouve sans réseau mobile et sans internet box bloqué à étape 6,comment ça se fait à plus reprise le soir je me retrouve sans réseau mobile et sans internet box bloqué à étape 6,2025-11-03 15:52:31
1833197492315230552,2024-09-09 19:35:15 +02:00,Laawnik,"Dites @Free/@Freebox/@Free_1337/@Xavier75 (@Orange/@Orange_France on vous parle aussi), vous n’avez pas honte ?\n\nVous n’avez pas honte de laisser depuis le mois dernier des personnes de 90 ans, malvoyantes, à mobilité réduite et avec des problèmes cardiaques, sans télé, sans internet et sans leur téléphone fixe avec différents numéros d’urgence reliés dessus ?\n\nFree : hier, un opérateur qui se démarquait par un service client de qualité et des conseillers directement joignables par téléphone.\n\nAujourd’hui, un opérateur injoignable, avec des « conseillers » de « « proximité » » qui changent à chaque message envoyé et incapables de solutionner un problème.\n\nDepuis août, plus aucune connexion au domicile de ces personnes âgées et dépendantes.\n\nÀ cause, visiblement, d’un câble décroché et enroulé… dans un arbre. Incompréhensible !\n\nFree renvoie la responsabilité à Orange (France Telecom). Orange (France Telecom) renvoie la responsabilité à Orange. Le petit train-train habituel avec pour grand perdant le client.\n\nQuand ce ne sont pas des rendez-vous programmés par erreur par Free et obligeant ses clients à rester chez eux pour rien (car n’étant pas un vrai rendez-vous, la notification annonçant le rendez-vous étant un bug), c’est encore pire :\n\ndes rendez-vous (des vrais cette fois) pour lesquels les agents NE SE PRÉSENTENT TOUT SIMPLEMENT PAS ET OÙ LE CLIENT N’EN EST ABSOLUMENT PAS NOTIFIÉ, NI PENDANT, NI APRÈS.\n \nAu final, la ligne a donc été débranchée (par qui, on ne sait pas), rien n’avance et des personnes âgées sont coupées de tout depuis un moment désormais.\n\n@Free, @Orange, vous n’avez pas honte ?\n\n#Free #Orange #FranceTelecom",dites on vous parle aussi vous navez pas honte nnvous navez pas honte de laisser depuis le mois dernier des personnes de 90 ans malvoyantes à mobilité réduite et avec des problèmes cardiaques sans télé sans internet et sans leur téléphone fixe avec différents numéros durgence reliés dessus nnfree hier un opérateur qui se démarquait par un service client de qualité et des conseillers directement joignables par téléphonennaujourdhui un opérateur injoignable avec des conseillers de proximité qui changent à chaque message envoyé et incapables de solutionner un problèmenndepuis août plus aucune connexion au domicile de ces personnes âgées et dépendantesnnà cause visiblement dun câble décroché et enroulé dans un arbre incompréhensible nnfree renvoie la responsabilité à orange france telecom orange france telecom renvoie la responsabilité à orange le petit traintrain habituel avec pour grand perdant le clientnnquand ce ne sont pas des rendezvous programmés par erreur par free et obligeant ses clients à rester chez eux pour rien car nétant pas un vrai rendezvous la notification annonçant le rendezvous étant un bug cest encore pire nndes rendezvous des vrais cette fois pour lesquels les agents ne se présentent tout simplement pas et où le client nen est absolument pas notifié ni pendant ni aprèsn nau final la ligne a donc été débranchée par qui on ne sait pas rien navance et des personnes âgées sont coupées de tout depuis un moment désormaisnn vous navez pas honte nn,2025-11-03 15:52:31
1833237463973888390,2024-09-09 22:14:05 +02:00,at_luth,@Freebox premier mois en tant que client @free j'avais longtemps hésité à cause des retours... Pourquoi j'ai craqué ?\nC'est littéralement du VOL. https://t.co/4JxR56Vjhl,premier mois en tant que client javais longtemps hésité à cause des retours pourquoi jai craqué ncest littéralement du vol,2025-11-03 15:52:31
1833280680798916829,2024-09-10 01:05:49 +02:00,gregambroisine,@free @Xavier75 1 grd moment de foutage de gueule + de réseau internet… box bloquée à l’étape 2 depuis hier matin… 1 intervention technique le jr même pr m’informer qu’il y a des travaux fibres et que tt sera rétabli le même jour avant 18h… tjrs pas d’internet… pas de suivi,1 grd moment de foutage de gueule de réseau internet box bloquée à létape 2 depuis hier matin 1 intervention technique le jr même pr minformer quil y a des travaux fibres et que tt sera rétabli le même jour avant 18h tjrs pas dinternet pas de suivi,2025-11-03 15:52:31
1833318305165082632,2024-09-10 03:35:20 +02:00,Livaii19,Par contre @Free pouvez-vous me rendre ma connexion que j’ai perdu il y a de cela 2h mtn merci à vous,par contre pouvezvous me rendre ma connexion que jai perdu il y a de cela 2h mtn merci à vous,2025-11-03 15:52:31
1833387145907646774,2024-09-10 08:08:52 +02:00,perso_nono,@freemobile @free ral bol toutes les nuits pas de fibre ni de portable  cela a commencé depuis le 7 juillet pour et quand j'appelle free c'est Normal pour eux réparation en cours et toujours aucune remise et geste commercial @60millions secteur oise !!,ral bol toutes les nuits pas de fibre ni de portable cela a commencé depuis le 7 juillet pour et quand jappelle free cest normal pour eux réparation en cours et toujours aucune remise et geste commercial secteur oise,2025-11-03 15:52:31
1833409952297205803,2024-09-10 09:39:30 +02:00,madeinphoto,"@free Pourriez vous me contacter en DM de toute urgence... impossible de joindre qui que ce soit via WhatsApp, au 1044 ou au 3244... GROS SOUCI URGENT 🙏",pourriez vous me contacter en dm de toute urgence impossible de joindre qui que ce soit via whatsapp au 1044 ou au 3244 gros souci urgent,2025-11-03 15:52:31
1833516584264208437,2024-09-10 16:43:13 +02:00,onytsuu,"Vraiment @free on m’avait dit du grand bien de vous , mais au bout de huit mois c’est une dinguerie , le service client est catastrophique @Xavier75 aucun geste rien",vraiment on mavait dit du grand bien de vous mais au bout de huit mois cest une dinguerie le service client est catastrophique aucun geste rien,2025-11-03 15:52:31
1833516731840745867,2024-09-10 16:43:48 +02:00,vicochips93,"abonnement freebox souscrit le 20 août, installation de la fibre prévu le 29 août entre 8h et 10h, un tech se présente à 13h30, me dit qu’il a pas le matériel nécessaire qu’il va le chercher auprès d’un collègue, il n’est jamais revenu \n\nreprise de rendez vous pour aujourd’hui",abonnement freebox souscrit le 20 août installation de la fibre prévu le 29 août entre 8h et 10h un tech se présente à 13h30 me dit quil a pas le matériel nécessaire quil va le chercher auprès dun collègue il nest jamais revenu nnreprise de rendez vous pour aujourdhui,2025-11-03 15:52:31
1833539090979148080,2024-09-10 18:12:39 +02:00,Marie_Nette7810,"Contrat fait en mai, on est en septembre ma ligne internet est toujours pas activée, je passe en boutique on me prévoit un rdv téléphonique avec l'assistance ojd et tjr pas d'appel ... @free on peut m'aider ou je dois de me débrouiller et aller ailleurs?",contrat fait en mai on est en septembre ma ligne internet est toujours pas activée je passe en boutique on me prévoit un rdv téléphonique avec lassistance ojd et tjr pas dappel on peut maider ou je dois de me débrouiller et aller ailleurs,2025-11-03 15:52:31
1833545127853494320,2024-09-10 18:36:38 +02:00,Zarkos85,@free bonjour j’ai besoin d’une assistance svp sur un abonnement Freebox Fibre grand public,bonjour jai besoin dune assistance svp sur un abonnement freebox fibre grand public,2025-11-03 15:52:31
1833560989171663356,2024-09-10 19:39:40 +02:00,wello007,"@Freebox  impossible d'annuler l'abonnement canal series associe a ma freebox, merci de me contacter par DM pour pouvoir l'annuler, ce n'est pas normal de ne pas pouvoir l'annuler simplement, ca ressemble a un parcours du combattant https://t.co/glGANKdbDW",impossible dannuler labonnement canal series associe a ma freebox merci de me contacter par dm pour pouvoir lannuler ce nest pas normal de ne pas pouvoir lannuler simplement ca ressemble a un parcours du combattant,2025-11-03 15:52:31
1833561833048801497,2024-09-10 19:43:01 +02:00,emelle_pe,"T'as plus de thunes, tu veux baisser ton offre : bam on te facture 49€.\nÇa ne donne qu'une seule envie, partir...\n\n@free @bouyguestelecom vous avez des offres fibres sympas en ce moment ? On a aussi 4 mobiles.\n\nMerci",tas plus de thunes tu veux baisser ton offre bam on te facture 49nça ne donne quune seule envie partirnn vous avez des offres fibres sympas en ce moment on a aussi 4 mobilesnnmerci,2025-11-03 15:52:31
1833562807184347537,2024-09-10 19:46:53 +02:00,christinetaffo1,"@free Entre l’attente et une personne qui doit me mettre en relation avec un technicien, la communication est coupée au bout de 10mn sous prétexte qu’il y a trop d’appels 🙄 \nEt maintenant injoignables !! Insupportable !!",entre lattente et une personne qui doit me mettre en relation avec un technicien la communication est coupée au bout de 10mn sous prétexte quil y a trop dappels net maintenant injoignables insupportable,2025-11-03 15:52:31
1833568205475922320,2024-09-10 20:08:20 +02:00,GasparddeBowery,Allô @Freebox ? Pas d'internet depuis hier 9h09 et aucune info... 🤨,allô pas dinternet depuis hier 9h09 et aucune info,2025-11-03 15:52:31
1833581845260472646,2024-09-10 21:02:32 +02:00,paulosn,@Freebox Pas d'internet à castelnau le lez :-(,pas dinternet à castelnau le lez,2025-11-03 15:52:31
1833612066067791895,2024-09-10 23:02:38 +02:00,bbool_,"@Free 3 coupures en 1 journée, quasi 3h à chaque fois. Je paie pour ce service, c'est vraiment une honte. Comment on fait quand on est en télétravail ?",3 coupures en 1 journée quasi 3h à chaque fois je paie pour ce service cest vraiment une honte comment on fait quand on est en télétravail,2025-11-03 15:52:31
1833809831888654417,2024-09-11 12:08:29 +02:00,CODLuan,"@free Hola, possible de regarder pourquoi ma connexion va aussi vite qu'un poney dans une course de chevaux ? Cordialement",hola possible de regarder pourquoi ma connexion va aussi vite quun poney dans une course de chevaux cordialement,2025-11-03 15:52:31
1833813985549828583,2024-09-11 12:24:59 +02:00,EliotAFC,@Xavier75 @Freebox\nPlusieurs semaines que nous faisons des démarches pour avoir notre freebox dans notre nouveau logement (nouveau lotissement) tout est bon mais free ne peux toujours pas nous proposer l'installation... DECEVANT\nVa-t-on devoir transférer tous nos contrats ?,nplusieurs semaines que nous faisons des démarches pour avoir notre freebox dans notre nouveau logement nouveau lotissement tout est bon mais free ne peux toujours pas nous proposer linstallation decevantnvaton devoir transférer tous nos contrats,2025-11-03 15:52:31
1833816778763366825,2024-09-11 12:36:05 +02:00,therussiancrow,@Freebox bonjour une intervention est prévue sur ma ligne Freebox pendant 4 jours la semaine pro. Comment je fais en fait vu que je suis en full télétravail ??? De plus aujourd’hui ma box ne fait que de se déconnecter et ça n’est pas la première fois. Je perds patience,bonjour une intervention est prévue sur ma ligne freebox pendant 4 jours la semaine pro comment je fais en fait vu que je suis en full télétravail de plus aujourdhui ma box ne fait que de se déconnecter et ça nest pas la première fois je perds patience,2025-11-03 15:52:31
1833827353794875748,2024-09-11 13:18:06 +02:00,_ocevne_,Je vais changer d'opérateur tu paye un abonnement pour rien chez @free y'a toujours des pannes !!!,je vais changer dopérateur tu paye un abonnement pour rien chez ya toujours des pannes,2025-11-03 15:52:31
1833850927096168569,2024-09-11 14:51:46 +02:00,Erzebet44227838,"@free  impossible de vous joindre\nSuite à demenagement le 3244, le 1044 ou 0892135161 ( surtaxé) personne ne repond. Le technicien ne respecte pas ses engagements de raccordement. \nJe vais vous quitter.",impossible de vous joindrensuite à demenagement le 3244 le 1044 ou 0892135161 surtaxé personne ne repond le technicien ne respecte pas ses engagements de raccordement nje vais vous quitter,2025-11-03 15:52:31
1833895920066342995,2024-09-11 17:50:34 +02:00,bdauvissat,Ma recherche Google improbable du jour :\nComment parler à un humain chez @Freebox \nCoucou @Xavier75 ça serait bien de garder un peu d'humanité dans votre service client.\nSurtout quand la prise de rendez-vous via votre chatbot ne fonctionne pas.,ma recherche google improbable du jour ncomment parler à un humain chez ncoucou ça serait bien de garder un peu dhumanité dans votre service clientnsurtout quand la prise de rendezvous via votre chatbot ne fonctionne pas,2025-11-03 15:52:31
1833903181568659558,2024-09-11 18:19:25 +02:00,Dan__Jor,"@altitude_infra un de vos techniciens a saccagé notre immeuble, c’est impossible d’avoir la fibre du premier étage jusqu’au 5eme, possible de rentrer en contact ?",un de vos techniciens a saccagé notre immeuble cest impossible davoir la fibre du premier étage jusquau 5eme possible de rentrer en contact,2025-11-03 15:52:31
1833912131261268065,2024-09-11 18:54:59 +02:00,MossieurSage,"Jamais eu un souci en 15 ans avec Free mais faut bien un début…\n@Freebox, j’ai tenté de contacter le service d’assistance avec un temps d’attente « d’actuellement 45 minutes ».\n\nC’était y’a 3h ! Vous êtes où ?! J’ai ma freebox qui grince comme si elle allait exploser ! 😱",jamais eu un souci en 15 ans avec free mais faut bien un débutn jai tenté de contacter le service dassistance avec un temps dattente dactuellement 45 minutes nncétait ya 3h vous êtes où jai ma freebox qui grince comme si elle allait exploser,2025-11-03 15:52:31
1833948353534546180,2024-09-11 21:18:55 +02:00,Maxime_RG05,@Freebox JE VOUS HAIS TELLEMENT TOUS LES 6 MOIS OBLIGÉE D'APPELER UN CONSEILLER PARCE QUE MA BOX MARCHE PLUS J'EN AI RAAAAAS LE BOL,je vous hais tellement tous les 6 mois obligée dappeler un conseiller parce que ma box marche plus jen ai raaaaas le bol,2025-11-03 15:52:31
1833950839272026519,2024-09-11 21:28:47 +02:00,Ceticah,Encore une fois … @Freebox hs … étape 3c … c est que la 26eme fois depuis l installation de la fibre #free que je n ai pas de connexion… depuis mai ouf ! 😡 quand c est pas de signal #fibre #hs c est l authentification… finalement je vais peut être mettre plus cher ailleurs,encore une fois hs étape 3c c est que la 26eme fois depuis l installation de la fibre que je n ai pas de connexion depuis mai ouf quand c est pas de signal c est l authentification finalement je vais peut être mettre plus cher ailleurs,2025-11-03 15:52:31
1833967497340489869,2024-09-11 22:34:59 +02:00,vecu2poissard,"Y'en a marre des débranchages... J'en peux plus, c'est plus de 10 fois par an... Je règle une facture 1 semaine en retard je mange une pénalité... Ou sont vos pénalités pour interruption de service @free ? Je sais que vous n'êtes responsable du NRC mais c'est épuisant...",yen a marre des débranchages jen peux plus cest plus de 10 fois par an je règle une facture 1 semaine en retard je mange une pénalité ou sont vos pénalités pour interruption de service je sais que vous nêtes responsable du nrc mais cest épuisant,2025-11-03 15:52:31
1833984555239326175,2024-09-11 23:42:46 +02:00,ArtToine,"Contre la décision de l’#Arcom, je soutiens le recours du Média pour le pluralisme et l’indépendance sur la #TNT ! #UncanalTNTpourlesIndes via @LeMediaTV https://t.co/6UsumDYOx7",contre la décision de l je soutiens le recours du média pour le pluralisme et lindépendance sur la via,2025-11-03 15:52:31
1834113584466428155,2024-09-12 08:15:29 +02:00,qwulleput,"Non mais sérieux @Freebox, ça fait depuis lundi que je n’ai plus internet, un technicien répare le souci hier dans la matinée, je rentre du boulot en soirée et… plus internet à nouveau ? \n\nOn est 2024 quand même, comment c’est possible ? C’est mon jour de repos et je n’ai rien.",non mais sérieux ça fait depuis lundi que je nai plus internet un technicien répare le souci hier dans la matinée je rentre du boulot en soirée et plus internet à nouveau nnon est 2024 quand même comment cest possible cest mon jour de repos et je nai rien,2025-11-03 15:52:31
1834133104086106415,2024-09-12 09:33:03 +02:00,f4tug,"Toujours avoir un autre FAI en backup\nFree en panne depuis hier soir 22h, freebox etape 6. Telephonie 3-4-5g compliquée, pas de data.\nPassé en hotspot sur ligne Orange.\nZero infos de Free, et que des robots coté assistance.\nmerci @Freebox changez rien, c'est le top.",toujours avoir un autre fai en backupnfree en panne depuis hier soir 22h freebox etape 6 telephonie 345g compliquée pas de datanpassé en hotspot sur ligne orangenzero infos de free et que des robots coté assistancenmerci changez rien cest le top,2025-11-03 15:52:31
1834246789106405475,2024-09-12 17:04:47 +02:00,Me_Granturco,"@Freebox impossible de vous joindre via le 3244 et tout autre numéro. Ma box ne fonctionne plus. Plus d’Internet, de wifi, donc de TV et de PC. Or je dois télétravailler dans les jours qui viennent avec des dossiers urgents sur le dos. AU SECOURS ! 😊",impossible de vous joindre via le 3244 et tout autre numéro ma box ne fonctionne plus plus dinternet de wifi donc de tv et de pc or je dois télétravailler dans les jours qui viennent avec des dossiers urgents sur le dos au secours,2025-11-03 15:52:31
1834247836797387083,2024-09-12 17:08:57 +02:00,benitoo75018,Dit donc @free . Pas de connections depuis 1 semaine Pas de tv\n . Un boîtier 5G qui ne capte pas la 5g Aucune date de disponibilité. Aucune information. \nLa révolution serai de partir ?( sans jeu de mot ),dit donc pas de connections depuis 1 semaine pas de tvn un boîtier 5g qui ne capte pas la 5g aucune date de disponibilité aucune information nla révolution serai de partir sans jeu de mot,2025-11-03 15:52:31
1834270522080628953,2024-09-12 18:39:06 +02:00,FrancoisSNF,@free est ce que c’est normal un délai de 10 jours pour venir dépanner notre freebox ? \nOn est 3 free-lance dans le foyer et on va clairement galerer à bosser !! \nEt on nous dit de faire un « partage de connexion »🤡 \nVous remboursez l’abonnement téléphonique dans ces cas là ?,est ce que cest normal un délai de 10 jours pour venir dépanner notre freebox non est 3 freelance dans le foyer et on va clairement galerer à bosser net on nous dit de faire un partage de connexion nvous remboursez labonnement téléphonique dans ces cas là,2025-11-03 15:52:31
1834281097884303647,2024-09-12 19:21:07 +02:00,UniversFreebox,Clin d’oeil : Free avait déjà annoncé par erreur la grosse nouveauté de cette semaine https://t.co/HhZhZD4JIJ https://t.co/qYGSwHoctk,clin doeil free avait déjà annoncé par erreur la grosse nouveauté de cette semaine,2025-11-03 15:52:31
1834285804010831943,2024-09-12 19:39:49 +02:00,kaiitoootv,@free ça capte plus là remettez la connexion 🙏🙏,ça capte plus là remettez la connexion,2025-11-03 15:52:31
1834333917769269523,2024-09-12 22:51:00 +02:00,Sasskeh,"Je suis fatiguée @free \n\nMon iPhone est sur la box, je vois pas quoi faire de plus. https://t.co/8oct0HtRAp",je suis fatiguée nnmon iphone est sur la box je vois pas quoi faire de plus,2025-11-03 15:52:31
1834357012341076189,2024-09-13 00:22:47 +02:00,Aadaam213,@Freebox c’est normal tout les soirs coupure de fibre à la même heure? 50€ pour ça ? Gluant,cest normal tout les soirs coupure de fibre à la même heure 50 pour ça gluant,2025-11-03 15:52:31
1834488095657329123,2024-09-13 09:03:39 +02:00,rifia699,"Tous les soirs j’ai plus de réseau entre 00:30 et 1:45 voir 2h30 du matin, @free merci de régler le problème svp",tous les soirs jai plus de réseau entre 0030 et 145 voir 2h30 du matin merci de régler le problème svp,2025-11-03 15:52:31
1834490749166989406,2024-09-13 09:14:12 +02:00,Zulgrib,"Salut @Freebox \nPanne fibre depuis le début de la semaine, 6 rdv plus tard (car vous en avez annulé 3 au dernier moment) toujours rien. \n\nÇa vous coûte quoi de ne pas me laisser dans le noir ? Le prélèvement fonctionne lui.",salut npanne fibre depuis le début de la semaine 6 rdv plus tard car vous en avez annulé 3 au dernier moment toujours rien nnça vous coûte quoi de ne pas me laisser dans le noir le prélèvement fonctionne lui,2025-11-03 15:52:31
1834526312431518153,2024-09-13 11:35:31 +02:00,arcandyss,"ca fait 4j que j'ai plus de fibre @free @Free_1337 suite à un ""incident collectif"" j'aimerais bien avoir un peu plus de news sur la date de rebranchement, travaillant en télétravail ca devient lourd..... #free #freebox",ca fait 4j que jai plus de fibre suite à un incident collectif jaimerais bien avoir un peu plus de news sur la date de rebranchement travaillant en télétravail ca devient lourd,2025-11-03 15:52:31
1834551012125810748,2024-09-13 13:13:40 +02:00,Amael_Mrn,J’en peux plus ma box fait que de revenir sur Étape 3 après 30 minutes à chaque fois pitié @Freebox,jen peux plus ma box fait que de revenir sur étape 3 après 30 minutes à chaque fois pitié,2025-11-03 15:52:31
1834586283965919643,2024-09-13 15:33:49 +02:00,axelpailhes,@free Pour souscrire des lignes là y a du monde par contre pour résilier vous faites les sourds et mettrez en attente sans jamais reprendre la ligne. Honte sur vous et vos méthode ! @60millions help,pour souscrire des lignes là y a du monde par contre pour résilier vous faites les sourds et mettrez en attente sans jamais reprendre la ligne honte sur vous et vos méthode help,2025-11-03 15:52:31
1834590211407216891,2024-09-13 15:49:26 +02:00,JacqueminLucie,"Bon @free il serait temps de respecter vos clients, mon réseau ne fait que sauter, la 4g ne fonctionne plus non plus. Ça devient trop récurrent, et il serait peut-être envisageable de faire un service client avec appel non payé non ? Je paye déjà 20 balles pas mois, c’est bon /2",bon il serait temps de respecter vos clients mon réseau ne fait que sauter la 4g ne fonctionne plus non plus ça devient trop récurrent et il serait peutêtre envisageable de faire un service client avec appel non payé non je paye déjà 20 balles pas mois cest bon 2,2025-11-03 15:52:31
1834605712372019319,2024-09-13 16:51:01 +02:00,viper82,Hep ! @free La base de donnée de mon site web ( https://t.co/eZokiHBvTW ) semble avoir disparue.\nPourtant ma page existe toujours et j'arrive à me connecter au FTP.\n\nTu m'expliques où elle est passée ?\n\nJe t'avoue que je suis moyen bof content là. Mon site tourne depuis 2006... https://t.co/RdtgOl6bcO,hep la base de donnée de mon site web semble avoir disparuenpourtant ma page existe toujours et jarrive à me connecter au ftpnntu mexpliques où elle est passée nnje tavoue que je suis moyen bof content là mon site tourne depuis 2006,2025-11-03 15:52:31
1834620345132659029,2024-09-13 17:49:10 +02:00,AinaHarinarivo,@Freebox Bonjour \nJ'ai dû résilier mon abonnement chez Free - car impossible de faire le déménagement (1 mois après 13/06/2024). \nJ'ai fini par envoyer le courrier recommandé demandant la résiliation. (Les appels que j'ai reçu étaient de me retenir comme cliente) 1/2,bonjour njai dû résilier mon abonnement chez free car impossible de faire le déménagement 1 mois après 13062024 njai fini par envoyer le courrier recommandé demandant la résiliation les appels que jai reçu étaient de me retenir comme cliente 12,2025-11-03 15:52:31
1834622611982065935,2024-09-13 17:58:10 +02:00,FilleBizarreexe,"@free bonjour, y aurait moyen d'avoir un conseiller par téléphone ? Parce que j'en ai un peu marre de galérer à avoir un conseiller 🥲",bonjour y aurait moyen davoir un conseiller par téléphone parce que jen ai un peu marre de galérer à avoir un conseiller,2025-11-03 15:52:31
1834635187981832390,2024-09-13 18:48:09 +02:00,ZeLapinGarou,"Nouveau : l'installateur Fibre Free qui passe, galère un peu sur le chantier,et dit qu'il repasse dans l'après midi avec un collègue. Depuis, c'est abonnés absents, ni réponse téléphone, ni SMS. Ça donne confiance. @Freebox",nouveau linstallateur fibre free qui passe galère un peu sur le chantieret dit quil repasse dans laprès midi avec un collègue depuis cest abonnés absents ni réponse téléphone ni sms ça donne confiance,2025-11-03 15:52:31
1834651696074563629,2024-09-13 19:53:45 +02:00,Presko331,"@Freebox cc les goats,on paye la dernières freebox avec canal + d'intégrer et tout mais toujours pas de canal +\nOn la activé puis il s'est désactivé https://t.co/CpFoxWxzJZ",cc les goatson paye la dernières freebox avec canal dintégrer et tout mais toujours pas de canal non la activé puis il sest désactivé,2025-11-03 15:52:31
1834655603794285024,2024-09-13 20:09:16 +02:00,GuillaumeLaurie,"Il y a un temps où tu appelais @Freebox tu tombais sur un technicien, puis un temps où tu pouvais chatter en direct.\nC'était le bon vieux temps, maintenant tu laisses un message, personne le regarde et t'indiques temps moyen 45 min alors que t'attends depuis 2h une réponse",il y a un temps où tu appelais tu tombais sur un technicien puis un temps où tu pouvais chatter en directncétait le bon vieux temps maintenant tu laisses un message personne le regarde et tindiques temps moyen 45 min alors que tattends depuis 2h une réponse,2025-11-03 15:52:31
1834664073293631594,2024-09-13 20:42:56 +02:00,Hnry_69,@Freebox pop wifi 7 reçu à la place de pop 5… super!!! https://t.co/uUlrxDTRPX,pop wifi 7 reçu à la place de pop 5 super,2025-11-03 15:52:31
1834664153237094798,2024-09-13 20:43:15 +02:00,_____TT_____,@Freebox pourquoi nous obliger à prendre un rdv dans des semaines avec un technicien pour nous raccorder?\nOn a deja la prise! Envoyez nous juste la Freebox je sais comment la brancher depuis le temps que je l'utilise!!!\nEt bien sûr impossible de contacter un support humain... 🤬,pourquoi nous obliger à prendre un rdv dans des semaines avec un technicien pour nous raccordernon a deja la prise envoyez nous juste la freebox je sais comment la brancher depuis le temps que je lutilisenet bien sûr impossible de contacter un support humain,2025-11-03 15:52:31
1834820528755941693,2024-09-14 07:04:38 +02:00,stephanesql,"Bonjour @SFR, vous avez des nouvelles de votre technicien qui devait intervenir sur ma fibre hier matin ? Merci.",bonjour vous avez des nouvelles de votre technicien qui devait intervenir sur ma fibre hier matin merci,2025-11-03 15:52:31
1834930618871783836,2024-09-14 14:22:05 +02:00,theunlimitator,"@free bonjour, comment est ce possible d'avoir un soucis sur 4 changement de box d'affilée ?!?!?!?! Vos techniciens manquent tant que ça de compétences pour avoir du matériel ne serai ce que juste fonctionnel?! Du gros foutage de gueule!",bonjour comment est ce possible davoir un soucis sur 4 changement de box daffilée vos techniciens manquent tant que ça de compétences pour avoir du matériel ne serai ce que juste fonctionnel du gros foutage de gueule,2025-11-03 15:52:31
1834954442036167086,2024-09-14 15:56:45 +02:00,Snake91Eyes,Qui a une bonne offre FIBRE qui ne dépasse pas les 30€ par mois et le débit je m’en fou je ne télécharge rien du tout juste le fait d’avoir une bonne connexion et un bon service qui ne se coupe JAMAIS hein @free 👀,qui a une bonne offre fibre qui ne dépasse pas les 30 par mois et le débit je men fou je ne télécharge rien du tout juste le fait davoir une bonne connexion et un bon service qui ne se coupe jamais hein,2025-11-03 15:52:31
1835024207723294963,2024-09-14 20:33:58 +02:00,fredolo1313,Bonjour @free \nQuand la Freebox pop sera t-elle disponible pour changer ma vieille Freebox révolution ? Maintenant que j’ai la fibre ça devient urgent et ça fait plus de 4 mois que c’est «  momentanément indisponible »…,bonjour nquand la freebox pop sera telle disponible pour changer ma vieille freebox révolution maintenant que jai la fibre ça devient urgent et ça fait plus de 4 mois que cest momentanément indisponible,2025-11-03 15:52:31
1835036298341761049,2024-09-14 21:22:01 +02:00,FeeSur,"Impossible de me connecter, il y a un soucis sur Zimbra free ? @free @Zimbra #free #zimbra",impossible de me connecter il y a un soucis sur zimbra free,2025-11-03 15:52:31
1835055840249749838,2024-09-14 22:39:40 +02:00,emma_audrey_fr,"Dans la série, je t’emmerde dégage de là connasse, on veut plus de toi et ta ligne, voici la réponse de @free à qui j'annonce une dégradation du réseau (déjà avant j'avais juste 1.2 Mo d'upload, là ils nous passent à 800 Ko) et voici Emelyne qui essaye de m'extorquer des sous https://t.co/W9qRcpTjpj",dans la série je temmerde dégage de là connasse on veut plus de toi et ta ligne voici la réponse de à qui jannonce une dégradation du réseau déjà avant javais juste 12 mo dupload là ils nous passent à 800 ko et voici emelyne qui essaye de mextorquer des sous,2025-11-03 15:52:31
1835291733417988382,2024-09-15 14:17:01 +02:00,LeMokaccino,3 jours que ma télécommande ne fonctionne pas donc pas de TV @Freebox\n3 jours que je vous contacte en vous disant qu'aussi mon adresse mail communiquée je n'ai plus accès @Freebox \nUn service client merdique... résiliez mon abonnement c'est mieux,3 jours que ma télécommande ne fonctionne pas donc pas de tv n3 jours que je vous contacte en vous disant quaussi mon adresse mail communiquée je nai plus accès nun service client merdique résiliez mon abonnement cest mieux,2025-11-03 15:52:31
1835320141229240454,2024-09-15 16:09:54 +02:00,AxelAssouline,Bravo au technicien @free @freebox pour avoir vraiment bien fait son boulot pour la fibre de notre immeuble.\n\nÀ ce niveau la d’incompétence c’est quasiment de l’art. https://t.co/vkeb5hF0R1,bravo au technicien pour avoir vraiment bien fait son boulot pour la fibre de notre immeublennà ce niveau la dincompétence cest quasiment de lart,2025-11-03 15:52:31
1835379528673513710,2024-09-15 20:05:53 +02:00,GBoisseuil,"Dans le plus grand des calmes, @bouyguestelecom fait payer son option ""enregistreur numérique"" 2€ et arrive à te placer 5 à 10min de pub avant d'accéder à ton enregistrement ... (J'ai pas encore pu voir s'il y en a pdt)\nJe regrette déjà ma #FreeboxRevolution...\nCc @free",dans le plus grand des calmes fait payer son option enregistreur numérique 2 et arrive à te placer 5 à 10min de pub avant daccéder à ton enregistrement jai pas encore pu voir sil y en a pdtnje regrette déjà ma ncc,2025-11-03 15:52:31
1835381848249438601,2024-09-15 20:15:07 +02:00,Lyshit_ski,@M6 c'est abusé quand même. Pour regarder le Replay de #PekinExpress il y a au moins 10 minutes de pubs. Sans compter pendant l'épisode. C'est quoi ce bordel. C'est vous ou @Freebox qui fait ça? Calmez vous.,cest abusé quand même pour regarder le replay de il y a au moins 10 minutes de pubs sans compter pendant lépisode cest quoi ce bordel cest vous ou qui fait ça calmez vous,2025-11-03 15:52:31
1835382465818767846,2024-09-15 20:17:34 +02:00,mehdikamel29,"@Freebox bonjour, je suis actuellement bloqué sur étape 3d enregistrement pon et ma box ultra ne veux pas aller plus loin je n’est plus internet depuis le 12/09/24",bonjour je suis actuellement bloqué sur étape 3d enregistrement pon et ma box ultra ne veux pas aller plus loin je nest plus internet depuis le 120924,2025-11-03 15:52:31
1835383699048661350,2024-09-15 20:22:28 +02:00,lizzxblue,vs me chiez dessus @free depuis le 22 aout c bon https://t.co/HxgRDnjC8W,vs me chiez dessus depuis le 22 aout c bon,2025-11-03 15:52:31
1835401996347531571,2024-09-15 21:35:10 +02:00,BOJ4CK_,@Freebox ça va vous faire,ça va vous faire,2025-11-03 15:52:31
1835412770986008657,2024-09-15 22:17:59 +02:00,MKAKAultra,@free remettez la connexion j’ai un programme à finir .,remettez la connexion jai un programme à finir,2025-11-03 15:52:31
1835420098733191170,2024-09-15 22:47:06 +02:00,AXLR9_,@Freebox pas d’internet venez privé la j’ai raté la moitié du match à cause de vous zebi,pas dinternet venez privé la jai raté la moitié du match à cause de vous zebi,2025-11-03 15:52:31
1835610799080869934,2024-09-16 11:24:53 +02:00,Deepspeaks_,@Freebox \n\nD'offre du moment pour nouvelle client de Freebox  ?,nndoffre du moment pour nouvelle client de freebox,2025-11-03 15:52:31
1835621307901264184,2024-09-16 12:06:38 +02:00,poesieandpages,"Jour 15 - toujours pas de wifi chez moi, c’est quoi ce bordel 😭 #Free @free",jour 15 toujours pas de wifi chez moi cest quoi ce bordel,2025-11-03 15:52:31
1835629789492699238,2024-09-16 12:40:20 +02:00,Kr1s__1,"@Xavier75  @free Bonjour je vous en supplie aidez moi à raccorder la fibre chez moi je ferais n’importe quoi pour l’avoir j’aimerais stream et m’amuser en ligne mais orange me fait des galères avec l’adsl, il y a peu de chance que j’ai des réponses mais je tente ma chance !",bonjour je vous en supplie aidez moi à raccorder la fibre chez moi je ferais nimporte quoi pour lavoir jaimerais stream et mamuser en ligne mais orange me fait des galères avec ladsl il y a peu de chance que jai des réponses mais je tente ma chance,2025-11-03 15:52:31
1835642073698926980,2024-09-16 13:29:09 +02:00,ShinTdi,"@free comment cela se passe quand on veut souscrire, qu on est dispo que les vendredi et qu on ne me propose que du lundi au jeudi pour le raccordement ?",comment cela se passe quand on veut souscrire qu on est dispo que les vendredi et qu on ne me propose que du lundi au jeudi pour le raccordement,2025-11-03 15:52:31
1835664201827659869,2024-09-16 14:57:05 +02:00,MOBO83619052325,"@Freebox  Panne fibre quartier mean chemin de bert 44600 saint nazaire, ticket ouvert le 11/09, aucune nouvelle, ça devait être rétabli le 13, on est le 16/09 et ras.  C'est quoi ce service client... Où en sommes nous de ce proble",panne fibre quartier mean chemin de bert 44600 saint nazaire ticket ouvert le 1109 aucune nouvelle ça devait être rétabli le 13 on est le 1609 et ras cest quoi ce service client où en sommes nous de ce proble,2025-11-03 15:52:31
1835708008023670970,2024-09-16 17:51:09 +02:00,lthiry2,"Bonjour @free , je suis chez Orange et j'ai voulu basculer chez vous sur la @Freebox  Ultra. Résultat plus d'internet aujourd'hui et le tech ne vient que Lundi prochain ! Bravo Free, pour une entrée en matière c'est pas brillant ! Bloqué en étape 3D",bonjour je suis chez orange et jai voulu basculer chez vous sur la ultra résultat plus dinternet aujourdhui et le tech ne vient que lundi prochain bravo free pour une entrée en matière cest pas brillant bloqué en étape 3d,2025-11-03 15:52:31
1835728109863047322,2024-09-16 19:11:02 +02:00,BruceWayne055,"Ma ligne internet HS tout le mois d'août \n@free : pas grave tant que ticket d'incident est ouvert, vous n'êtes pas facturé\n1er septembre, ligne réparée\n2 septembre, facture de 39,99€ sans aucune ristourne \nAllez vous faire frire le Q",ma ligne internet hs tout le mois daoût n pas grave tant que ticket dincident est ouvert vous nêtes pas facturén1er septembre ligne réparéen2 septembre facture de 3999 sans aucune ristourne nallez vous faire frire le q,2025-11-03 15:52:31
1835800798095135218,2024-09-16 23:59:52 +02:00,Ninasaurus__rex,@free faut qu’on cause avec votre box qui a jamais internet la,faut quon cause avec votre box qui a jamais internet la,2025-11-03 15:52:31
1835808128723489246,2024-09-17 00:29:00 +02:00,Starlink,Aucun contrat à long terme.\nFacile à commander en ligne,aucun contrat à long termenfacile à commander en ligne,2025-11-03 15:52:31
1835808632367432184,2024-09-17 00:31:00 +02:00,Starlink,Aucun contrat à long terme.\nFacile à commander en ligne,aucun contrat à long termenfacile à commander en ligne,2025-11-03 15:52:31
1835989916053893484,2024-09-17 12:31:21 +02:00,KaTaNaCorleone,@free pourquoi nous n'avons plus de connexion internet et tv depuis ce matin ??,pourquoi nous navons plus de connexion internet et tv depuis ce matin,2025-11-03 15:52:31
1836002811361837500,2024-09-17 13:22:36 +02:00,ripbozo2k,@Freebox pourquoi j'ai plus internet là c'est quoi ce foutoir,pourquoi jai plus internet là cest quoi ce foutoir,2025-11-03 15:52:31
1836013321847205960,2024-09-17 14:04:22 +02:00,Florine_lz,"@free Bonjour, Pouvez-vous me contacter au plus vite svp?",bonjour pouvezvous me contacter au plus vite svp,2025-11-03 15:52:31
1836022236160934288,2024-09-17 14:39:47 +02:00,Tetsuhit0,"@Freebox donc maintenant même en appelant le 3244 on peut plus avoir un technicien.\nC'est super t'as plus le net, et personne pour prendre en charge ton problème",donc maintenant même en appelant le 3244 on peut plus avoir un technicienncest super tas plus le net et personne pour prendre en charge ton problème,2025-11-03 15:52:31
1836031444952436909,2024-09-17 15:16:22 +02:00,SavitarTrades,Je passe chez @free ils viennent m’installer la box et les PBO sont saturés. Aucun délai ne m’a été transmis ca fait bientôt 5 jours que je n’ai pas internet et la personne au telephone a le culeau de me dire vous devez attendre c’est dans les cgv 😡😡😡,je passe chez ils viennent minstaller la box et les pbo sont saturés aucun délai ne ma été transmis ca fait bientôt 5 jours que je nai pas internet et la personne au telephone a le culeau de me dire vous devez attendre cest dans les cgv,2025-11-03 15:52:31
1836050762935193919,2024-09-17 16:33:08 +02:00,Psychaum,"@Freebox @Free\nJe n'ai plus d'accès à internet depuis plusieurs heures alors que je bosse par ordinateur, on fait comment ?",nje nai plus daccès à internet depuis plusieurs heures alors que je bosse par ordinateur on fait comment,2025-11-03 15:52:31
1836053607919005759,2024-09-17 16:44:27 +02:00,Caj_Damien,@free que quelqu'un s'occupe a répondre à mes messages sur Messenger s'il vous plaît ⬇️ https://t.co/l1ViavcewI,que quelquun soccupe a répondre à mes messages sur messenger sil vous plaît,2025-11-03 15:52:31
1836059965842247837,2024-09-17 17:09:42 +02:00,Laurine_OS,@free impossible d’avoir un conseiller en ligne… je suis abonné récemment mais même au 3244 rien….,impossible davoir un conseiller en ligne je suis abonné récemment mais même au 3244 rien,2025-11-03 15:52:31
1836115284140372253,2024-09-17 20:49:31 +02:00,BGraussnoix,"Salut @Freebox @Xavier75, tu vas bien ? ta freebox est bien branché ? \nCar la mienne est débranchée a peu prés tous les mois par tes ""techniciens"" voleurs et de mauvaises foi.\nA chaque fois entre 1 et 4j sans internet. Comment est-ce possible ? \nCe soir, j'ai cracké je suis allé",salut tu vas bien ta freebox est bien branché ncar la mienne est débranchée a peu prés tous les mois par tes techniciens voleurs et de mauvaises foina chaque fois entre 1 et 4j sans internet comment estce possible nce soir jai cracké je suis allé,2025-11-03 15:52:31
1836130352261431349,2024-09-17 21:49:24 +02:00,Antoine_msk,"@free j'ai entamé le déménagement de ma fibre il y a plus de 2 semaines, et les conseillers me mentent toujours (il suffit de brancher dans le nouveau logement et ça ira, mais pas du tout). Je ne peux pas travailler sans internet et je suis obligé de payer en attendant. Honteux",jai entamé le déménagement de ma fibre il y a plus de 2 semaines et les conseillers me mentent toujours il suffit de brancher dans le nouveau logement et ça ira mais pas du tout je ne peux pas travailler sans internet et je suis obligé de payer en attendant honteux,2025-11-03 15:52:31
1836133323304849468,2024-09-17 22:01:12 +02:00,JonathanLespect,Quand tu cliques sur le lien pour te désinscrire de la newsletter de @free… peut être que Reef fait mieux pour le coup 🤪 @Xavier75 qu’en pensez-vous ? https://t.co/YON4KWs5UN,quand tu cliques sur le lien pour te désinscrire de la newsletter de peut être que reef fait mieux pour le coup quen pensezvous,2025-11-03 15:52:31
1836151761880400148,2024-09-17 23:14:28 +02:00,toque_mr,Salut @free Il faut faire quoi pour arrêter d’être harcelé par vos putain de service client tous les jours?,salut il faut faire quoi pour arrêter dêtre harcelé par vos putain de service client tous les jours,2025-11-03 15:52:31
1836178337133178942,2024-09-18 01:00:04 +02:00,ECHASSERY,Putain mais @free il se passe quoi la! ca fait 2 fois en tois jours que les freebox sont en erreur d'authentification (Etape 6) !\nj'avais aucun probleme jusqu'a maintenant serieux!,putain mais il se passe quoi la ca fait 2 fois en tois jours que les freebox sont en erreur dauthentification etape 6 njavais aucun probleme jusqua maintenant serieux,2025-11-03 15:52:31
1836181747584655737,2024-09-18 01:13:37 +02:00,orlanobinks,@free je viens de perdre ma ranked sur valorant a cause de vous j’espère vous aller me payer un skin pour le dédommagement .,je viens de perdre ma ranked sur valorant a cause de vous jespère vous aller me payer un skin pour le dédommagement,2025-11-03 15:52:31
1836185280325226624,2024-09-18 01:27:40 +02:00,Elious_21,@free vous pouvez expliquer pourquoi en 2 jours ma connexion a sauté pendant plusieurs heures ?,vous pouvez expliquer pourquoi en 2 jours ma connexion a sauté pendant plusieurs heures,2025-11-03 15:52:31
1836298895296454967,2024-09-18 08:59:08 +02:00,AnthoSudiste,"Par contre @free vos beug à la con toutes les 24h que ça soit sur le réseau WiFi ou 5g depuis des semaines ça commence à casser les couilles en fait, 50 balles pour de la merde... de pire en pire.. je me charge de vous quand je rentre du travail 🤬",par contre vos beug à la con toutes les 24h que ça soit sur le réseau wifi ou 5g depuis des semaines ça commence à casser les couilles en fait 50 balles pour de la merde de pire en pire je me charge de vous quand je rentre du travail,2025-11-03 15:52:31
1836332555009659342,2024-09-18 11:12:53 +02:00,edouard5900,"@free je suis actuellement dans un airbnb à Roquebrune-Cap-Martin \nEt la connexion internet viens de se couper , impossible de solutionner le problème , y a t il un soucis technique sur le secteur ? \nMerci",je suis actuellement dans un airbnb à roquebrunecapmartin net la connexion internet viens de se couper impossible de solutionner le problème y a t il un soucis technique sur le secteur nmerci,2025-11-03 15:52:31
1836343729436627088,2024-09-18 11:57:17 +02:00,boinet78817154,Dites @free on s amuse bien à débrancher les gens pour se donner du boulot \n4 fois en 6mois .,dites on s amuse bien à débrancher les gens pour se donner du boulot n4 fois en 6mois,2025-11-03 15:52:31
1836356930433864015,2024-09-18 12:49:44 +02:00,forummp3,N'importe quoi le sav @free #free #freebox,nimporte quoi le sav,2025-11-03 15:52:31
1836359063820460191,2024-09-18 12:58:13 +02:00,SUKO_JAYA,@Freebox  votre site d'assistance m a redirigé vers WhatsApp... Mais c'était il y a 4heures. Qqn répondra ou je patiente pour RIEN ?,votre site dassistance m a redirigé vers whatsapp mais cétait il y a 4heures qqn répondra ou je patiente pour rien,2025-11-03 15:52:31
1836383481900748943,2024-09-18 14:35:15 +02:00,Quentin_Schlt,"Hello @Free_1337 @Freebox, plus aucune connexion chez moi, en fibre et 5G. Avez-vous des soucis dans les Yvelines ?",hello plus aucune connexion chez moi en fibre et 5g avezvous des soucis dans les yvelines,2025-11-03 15:52:31
1836397884037529768,2024-09-18 15:32:28 +02:00,krusty935_,@Freebox pouvez vous réglez le problème de connexion parce que sa fais depuis hier matin que la connexion ne foctionne pas y’a le PSG qui joue ce soir pouvez-vous régler le problème avant ce soir merci,pouvez vous réglez le problème de connexion parce que sa fais depuis hier matin que la connexion ne foctionne pas ya le psg qui joue ce soir pouvezvous régler le problème avant ce soir merci,2025-11-03 15:52:31
1836408847692337393,2024-09-18 16:16:02 +02:00,oxman,devinez quoi 40 jours plus tard tout l'immeuble n'a toujours plus d'internet après que Free suite à une intervention ait tout cassé et le support me réponds: blabla on ne sait pas quand ça sera réparé\n@Freebox\n@Xavier75,devinez quoi 40 jours plus tard tout limmeuble na toujours plus dinternet après que free suite à une intervention ait tout cassé et le support me réponds blabla on ne sait pas quand ça sera réparénn,2025-11-03 15:52:31
1836410081476252120,2024-09-18 16:20:56 +02:00,mini_bull_pasbo,@Sosh_fr Je suis surpris d’apprendre que je dois 50 euros de résiliation offre adsl alors que j’ai souscrit une offre fibre ! Vous êtes sérieux?,je suis surpris dapprendre que je dois 50 euros de résiliation offre adsl alors que jai souscrit une offre fibre vous êtes sérieux,2025-11-03 15:52:31
1836418275250504076,2024-09-18 16:53:30 +02:00,Reinevictorria,"@Freebox est ce normal qu'en cas de déménagement ma Freebox et passer du prix réduit sur un an à taux plein ???juste car j'ai déménager ni avec @bouyguestelecom ,ni @sfr cela m'est arrivée lors de mes précédents déménagement",est ce normal quen cas de déménagement ma freebox et passer du prix réduit sur un an à taux plein juste car jai déménager ni avec ni cela mest arrivée lors de mes précédents déménagement,2025-11-03 15:52:31
1836426878741029052,2024-09-18 17:27:41 +02:00,CyrielleBuchin,"Quand @Orange_France met 2h à réparer un problème sur la fibre au niveau de la voirie, @free n’est pas encore capable de donner le jour d’intervention et de rétablissement d’internet…pour le même problème…\nMerci #Free\n\n#Montpellier",quand met 2h à réparer un problème sur la fibre au niveau de la voirie nest pas encore capable de donner le jour dintervention et de rétablissement dinternetpour le même problèmenmerci nn,2025-11-03 15:52:31
1836428807651102721,2024-09-18 17:35:21 +02:00,Enzo_SAQUET,Coucou @Freebox @Xavier75 @Free_1337 \n\nEncore en panne de Freebox à Nant Aveyron c'est quand que DSLAM CAV12-1 sera plus en panne ???\n\n25 fois en panne puis janvier 202\n\nhttps://t.co/gKUbaaqNeZ,coucou nnencore en panne de freebox à nant aveyron cest quand que dslam cav121 sera plus en panne nn25 fois en panne puis janvier 202nn,2025-11-03 15:52:31
1836434815396020484,2024-09-18 17:59:13 +02:00,cochonvenere,Salut @free . Si je prend la fibre chez vous mais que je garde mon forfait téléphone B and you ( Bouygues ) est ce que je peux avoir accès à l'application mobile oqee via mon forfait Bouygues grâce à mes identifiants free fibre ?,salut si je prend la fibre chez vous mais que je garde mon forfait téléphone b and you bouygues est ce que je peux avoir accès à lapplication mobile oqee via mon forfait bouygues grâce à mes identifiants free fibre,2025-11-03 15:52:31
1836456035327922289,2024-09-18 19:23:33 +02:00,phizzl_e,Mon nouveau bébé est arrivé 🥹 @Xavier75 @free 🫶🫶❤️ https://t.co/UwgMjNXWvr,mon nouveau bébé est arrivé,2025-11-03 15:52:31
1836462651624264075,2024-09-18 19:49:50 +02:00,Djidje,"Hello la team @Freebox @free , suite au décès de ma mère, j'ai demandé la résiliation. C'est indiqué comme retourné sur le site d'achat via le site relais colis avec l'étiquette fourni, et je viens de recevoir un mail indiquant que rien n'est arrivé. C'est quoi le délire?",hello la team suite au décès de ma mère jai demandé la résiliation cest indiqué comme retourné sur le site dachat via le site relais colis avec létiquette fourni et je viens de recevoir un mail indiquant que rien nest arrivé cest quoi le délire,2025-11-03 15:52:31
1836474086286934121,2024-09-18 20:35:16 +02:00,Warda10781464,"@free 😡😡😡😡😡\nDes interruptions de services toutes les mois ou plus, aujourd'hui je suis à 10 jours entre chaque dysfonctionnement.\nService consommateur qui ne répond pas à tes questions. C'est quoi cet opérateur de 🤬 qui prend les clients en otage https://t.co/hYKxme4BeH",ndes interruptions de services toutes les mois ou plus aujourdhui je suis à 10 jours entre chaque dysfonctionnementnservice consommateur qui ne répond pas à tes questions cest quoi cet opérateur de qui prend les clients en otage,2025-11-03 15:52:31
1836475433295954081,2024-09-18 20:40:38 +02:00,Lucsky_Turf,J'approuve totalement ce post et hier soir sur le multiplex chez @free j'avais un décalage d'au moins 10 secondes entre la parole qui était en avance sur les images\n\n@canalplus,japprouve totalement ce post et hier soir sur le multiplex chez javais un décalage dau moins 10 secondes entre la parole qui était en avance sur les imagesnn,2025-11-03 15:52:31
1836476840728236476,2024-09-18 20:46:13 +02:00,RemeorLol,"Plus d'Internet depuis 10h chez moi, @Freebox m'envoie des SMS et des mails toutes les heures pour que je prenne un RDV sur leur interface qui à chaque fois me dit qu'elle n'a aucun RDV disponible.\nBien entendu, pas moyen de communiquer avec un être humain.",plus dinternet depuis 10h chez moi menvoie des sms et des mails toutes les heures pour que je prenne un rdv sur leur interface qui à chaque fois me dit quelle na aucun rdv disponiblenbien entendu pas moyen de communiquer avec un être humain,2025-11-03 15:52:31
1836510014128926797,2024-09-18 22:58:02 +02:00,laHeSsdinho,@free @Freebox @freemobile ALLEZ VOUS FAIRE ENCULER ÇA FAIT 4 SOIRS DE SUITE QU’ON CAPTE PLUS RIEN QUE CE SOIR SUR LA BOX OU EN 4G VOUS ÊTES LES PLUS GROSSES MERDES QU’IL SOIT BANDE D’INCAPABLES RÉVEILLEZ VOUS PTN DE MERDE,allez vous faire enculer ça fait 4 soirs de suite quon capte plus rien que ce soir sur la box ou en 4g vous êtes les plus grosses merdes quil soit bande dincapables réveillez vous ptn de merde,2025-11-03 15:52:31
1836668798302138566,2024-09-19 09:28:59 +02:00,BurningD0g,@Freebox Est-ce normal que 3244 me dise une chose et son contraire au sujet du backup internet gratuit en cas d'incident sur la ligne? \nPour me refiler l'option payante pour une panne...\nAlors que tout le monde est éligible cf Direction Iliad : https://t.co/MJGMTD9a9j @Xavier75,estce normal que 3244 me dise une chose et son contraire au sujet du backup internet gratuit en cas dincident sur la ligne npour me refiler loption payante pour une pannenalors que tout le monde est éligible cf direction iliad,2025-11-03 15:52:31
1836704502092607743,2024-09-19 11:50:52 +02:00,jras_63,Quand ta commune est fibrée mais qu'on te propose de l'ADSL bas débit... Et que tu es en partage de connexion faute de me rétablir une connexion stable depuis juillet...\nJ'ai l'impression qu'on me propose une charrette alors que tout le monde roule en Tesla. 🚶‍♂️📡\n@Xavier75 @free https://t.co/qY01Ak2UbE,quand ta commune est fibrée mais quon te propose de ladsl bas débit et que tu es en partage de connexion faute de me rétablir une connexion stable depuis juilletnjai limpression quon me propose une charrette alors que tout le monde roule en tesla n,2025-11-03 15:52:31
1836707891186741337,2024-09-19 12:04:20 +02:00,jras_63,"""Quand t’as plus de réseau internet et qu’on te propose de partager la 5G... ou pire, de repasser en ADSL. Merci Free pour cette immersion en 2003 !"" 👀 #RetourVersLePassé #WiFiQuiRame""\n@free @Freebox @Xavier75 https://t.co/hSoNheyYOI",quand tas plus de réseau internet et quon te propose de partager la 5g ou pire de repasser en adsl merci free pour cette immersion en 2003 n,2025-11-03 15:52:31
1836709499853283608,2024-09-19 12:10:43 +02:00,SkylissFR,Je suis le seul à avoir 5/6 coupures par jour avec @free ? Impossible de faire une session de 4h sans 1 à 2 coupures internet #Free,je suis le seul à avoir 56 coupures par jour avec impossible de faire une session de 4h sans 1 à 2 coupures internet,2025-11-03 15:52:31
1836729318677831935,2024-09-19 13:29:29 +02:00,naia_chvn,@free merci pour rien et votre malhonnêteté 10/10 franchement,merci pour rien et votre malhonnêteté 1010 franchement,2025-11-03 15:52:31
1836784137933344919,2024-09-19 17:07:18 +02:00,aelyna_,"Oh @free vous me faites peter un câble. 3 semaines voir 4 que j’attends un technicien fibre, je change mon forfait Orange pour free en pensant avoir une meilleure connexion et au final m’a 5G s’apparente à de la 3G je vais peter un boulon. 0 dédommagement pr la fibre et mtn ça",oh vous me faites peter un câble 3 semaines voir 4 que jattends un technicien fibre je change mon forfait orange pour free en pensant avoir une meilleure connexion et au final ma 5g sapparente à de la 3g je vais peter un boulon 0 dédommagement pr la fibre et mtn ça,2025-11-03 15:52:31
1836790230096977962,2024-09-19 17:31:31 +02:00,etio9,"@Freebox Jamais vu une assistance aussi nul, plus de 10 ans chez le même opérateur et aucun effort commercial suite à une panne d'un matériel défaillant (appareil neuf).. Remettez vous en question, vous perdait un client fidèle ! 😤🤬😠",jamais vu une assistance aussi nul plus de 10 ans chez le même opérateur et aucun effort commercial suite à une panne dun matériel défaillant appareil neuf remettez vous en question vous perdait un client fidèle,2025-11-03 15:52:31
1836792397935559044,2024-09-19 17:40:08 +02:00,CamilleL440766,3 coupures Internet chez @free  en moins de 2 mois...Ça commence à faire beaucoup ! Faut-il aller voir si l'herbe est plus verte ailleurs ? 🤔,3 coupures internet chez en moins de 2 moisça commence à faire beaucoup fautil aller voir si lherbe est plus verte ailleurs,2025-11-03 15:52:31
1836813794812776475,2024-09-19 19:05:09 +02:00,EvansCikemane,@Freebox nous n’avons plus de connexion internet dans le 77 secteur Claye Souilly. \nJ’aurai besoin d’une solution pour pouvoir avoir internet et regarder la tv. Impossible de joindre un conseiller. Merci de votre action.,nous navons plus de connexion internet dans le 77 secteur claye souilly njaurai besoin dune solution pour pouvoir avoir internet et regarder la tv impossible de joindre un conseiller merci de votre action,2025-11-03 15:52:31
1836835800480203156,2024-09-19 20:32:36 +02:00,jsuis_marge,"Peur d’avoir fait la pire erreur de ma vie en voulant m’abonner chez @free, ils ont résilié ma ligne internet Orange depuis 1 semaine et quand on appelle pour avoir des news ils disent qu’ils ont rien résilié du tout, jamais vu autant de mauvaise foi 🤡",peur davoir fait la pire erreur de ma vie en voulant mabonner chez ils ont résilié ma ligne internet orange depuis 1 semaine et quand on appelle pour avoir des news ils disent quils ont rien résilié du tout jamais vu autant de mauvaise foi,2025-11-03 15:52:31
1836845737902231680,2024-09-19 21:12:05 +02:00,LeZdu86100,@free Alors @free c’est pas beau de faire souscrire des abonnements Canal + Séries sur le dos des abonnés !!! C’est ce qui m’arrive en ce moment donc on fait quoi SVP @UFCquechoisir @SignalArnaques ???,alors cest pas beau de faire souscrire des abonnements canal séries sur le dos des abonnés cest ce qui marrive en ce moment donc on fait quoi svp,2025-11-03 15:52:31
1836870769084612637,2024-09-19 22:51:33 +02:00,zoneadsl_panne,⚠#PANNE  FREEBOX EN COURS⚠\n 📡20 freenautes ont signalé des pannes #Internet dont 18 sur le réseau #fibre de #Free depuis 20h35\n🌍Ville concernée : Décines-Charpieu (69150)\n⬇️⬇️⬇️\nhttps://t.co/5syXsuGnbR,freebox en coursn 20 freenautes ont signalé des pannes dont 18 sur le réseau de depuis 20h35nville concernée décinescharpieu 69150nn,2025-11-03 15:52:31
1836878861826494858,2024-09-19 23:23:42 +02:00,ShotoBG1,@free votre co de clochard qui marche pas f u 🖕,votre co de clochard qui marche pas f u,2025-11-03 15:52:31
1836890663687790874,2024-09-20 00:10:36 +02:00,AkumaFr13,"@free @Freebox \nC'est quand vous voulez pour le donner un rdv pour rétablir ma connexion, 3 décablages en 2 mois ça va ? Je vais voir @orange je pense qu'ils se bougeront plus vite",ncest quand vous voulez pour le donner un rdv pour rétablir ma connexion 3 décablages en 2 mois ça va je vais voir je pense quils se bougeront plus vite,2025-11-03 15:52:31
1837030131539325412,2024-09-20 09:24:48 +02:00,XXXXXXX5555522,"bonjour @Freebox @OQEEbyFree dites, c'est quoi ce ""pack Viacom""?\nc'est jusqu'à quand? (jamais reçu de mail de mise au clair)\nmerci https://t.co/rJlXj5xA5D",bonjour dites cest quoi ce pack viacomncest jusquà quand jamais reçu de mail de mise au clairnmerci,2025-11-03 15:52:31
1837044721916563780,2024-09-20 10:22:47 +02:00,lasource75006,🚨Le Paris Saint Germain officialise un nouveau partenariat avec @free pour deux saisons. @Xavier75 🔴🔵 https://t.co/riDmdm1bQd,le paris saint germain officialise un nouveau partenariat avec pour deux saisons,2025-11-03 15:52:31
1837046599412850807,2024-09-20 10:30:14 +02:00,FreeFoot,"🚨 ANNONCE PARTENARIAT 🎉\n\n@free est fier de devenir partenaire officiel de 3 clubs historiques du football français : le PSG, l'OM et l'OL.\n\n🗞️ LE CP : https://t.co/QYv6PEy1gj https://t.co/rfHyPBbZWz",annonce partenariat nn est fier de devenir partenaire officiel de 3 clubs historiques du football français le psg lom et lolnn le cp,2025-11-03 15:52:31
1837047664371712327,2024-09-20 10:34:28 +02:00,PSG_inside,"Free devient partenaire officiel du @PSG_inside pour offrir aux fans une immersion unique au cœur de l’action! 📲⚽️ \n\nAccédez à des contenus exclusifs, coulisses, entraînements et bien plus, directement sur vos écrans.🔴🔵 @free @FreeFoot https://t.co/Rq2T6d1PrG",free devient partenaire officiel du pour offrir aux fans une immersion unique au cœur de laction nnaccédez à des contenus exclusifs coulisses entraînements et bien plus directement sur vos écrans,2025-11-03 15:52:31
1837048919668232251,2024-09-20 10:39:27 +02:00,OM_Officiel,L’Olympique de Marseille est heureux d’accueillir @free  en tant que partenaire officiel 🤝\n\nEn savoir plus 👉 https://t.co/SLpGiYstll\n\n📹 IG : Zekefilm https://t.co/bEaRUIVF3N,lolympique de marseille est heureux daccueillir en tant que partenaire officiel nnen savoir plus ig zekefilm,2025-11-03 15:52:31
1837057682185798102,2024-09-20 11:14:16 +02:00,tompsg91,On va devoir rendre la @Freebox,on va devoir rendre la,2025-11-03 15:52:31
1837132069534617774,2024-09-20 16:09:52 +02:00,wesleeyetc,"@Freebox Bonjour, petite question sur mon abonnement actuel svp!",bonjour petite question sur mon abonnement actuel svp,2025-11-03 15:52:31
1837146579402199291,2024-09-20 17:07:31 +02:00,Marie_Nette7810,"Sinon @free j'aurais internet chez moi un jour?? Contrat fait en mai, on est mi septembre j'ai tjr rien ... ça commence à faire long la demande d'autorisation d'ouverture de ligne ... sans compte les rdv téléphonique avec un conseiller (rdv samedi à 11h) où on m'appelle pas ..",sinon jaurais internet chez moi un jour contrat fait en mai on est mi septembre jai tjr rien ça commence à faire long la demande dautorisation douverture de ligne sans compte les rdv téléphonique avec un conseiller rdv samedi à 11h où on mappelle pas,2025-11-03 15:52:31
1837160685257576918,2024-09-20 18:03:34 +02:00,ycFreddy,@freemobile \nEncore un effort pour connecter l'option du site à la réalité https://t.co/JKIw6MYfb7,nencore un effort pour connecter loption du site à la réalité,2025-11-03 15:52:31
1837175275848880365,2024-09-20 19:01:33 +02:00,BabaLothbrok,@free ça fait bientôt un mois que j’ai souscris j’ai toujours aucune nouvelle vous avez des solutions à m’apporter ? https://t.co/zqsL7h8v4i,ça fait bientôt un mois que jai souscris jai toujours aucune nouvelle vous avez des solutions à mapporter,2025-11-03 15:52:31
1837217587853480190,2024-09-20 21:49:41 +02:00,_Slippery_59,Il n'y a que chez moi que les replays de @tf1plus sur @Freebox sont impossibles à regarder tellement il y a de freeze??,il ny a que chez moi que les replays de sur sont impossibles à regarder tellement il y a de freeze,2025-11-03 15:52:31
1837235864088498414,2024-09-20 23:02:18 +02:00,nestor_RamJim_,@Freebox il y a eu restitution de box; vous vncontinuez à prélever déjà deux mois après. Ce n'est pas légale,il y a eu restitution de box vous vncontinuez à prélever déjà deux mois après ce nest pas légale,2025-11-03 15:52:31
1837390444461686827,2024-09-21 09:16:33 +02:00,theblaide,@free 3 pannes en 2 semaines.... quelque chose a changé ? en tout cas c'était mieux avant!  je pense serieusement a changer d'opérateur.... pas bravo.,3 pannes en 2 semaines quelque chose a changé en tout cas cétait mieux avant je pense serieusement a changer dopérateur pas bravo,2025-11-03 15:52:31
1837426056589897814,2024-09-21 11:38:04 +02:00,loutarnai,"@free bonjour 3 pannes en même pas 1 semaine à albi, il va falloir se réveiller un peut ...",bonjour 3 pannes en même pas 1 semaine à albi il va falloir se réveiller un peut,2025-11-03 15:52:31
1837427860602020151,2024-09-21 11:45:14 +02:00,picool83,"@free bonjour, plus d’accès au webmail depuis 15 jours ? Des soucis techniques ? Une coupure volontaire des anciens abonnés ?",bonjour plus daccès au webmail depuis 15 jours des soucis techniques une coupure volontaire des anciens abonnés,2025-11-03 15:52:31
1837444119968244068,2024-09-21 12:49:50 +02:00,raissa_rmd,@free vous me soûlez sérieux,vous me soûlez sérieux,2025-11-03 15:52:31
1837472106163950064,2024-09-21 14:41:03 +02:00,AngelCyrusLive,"pas mal @Freebox ma mère n'as plus d'internet depuis ce matin et ce n'est pas la première fois que ça se produit, dans son village elle ne capte pas le réseau mobile et quand elle a contacter l'assistance ont lui répond un tech passe le 30 septembre, c'est une blague ?",pas mal ma mère nas plus dinternet depuis ce matin et ce nest pas la première fois que ça se produit dans son village elle ne capte pas le réseau mobile et quand elle a contacter lassistance ont lui répond un tech passe le 30 septembre cest une blague,2025-11-03 15:52:31
1837883649854709895,2024-09-22 17:56:23 +02:00,CrowsBoyaa,"@free bon ca fait 1 ans que je suis chez vous et que  j'ai la fibre, mais que j'ai autant de connexion que quand j'avais pas internet.",bon ca fait 1 ans que je suis chez vous et que jai la fibre mais que jai autant de connexion que quand javais pas internet,2025-11-03 15:52:31
1837955815031857187,2024-09-22 22:43:08 +02:00,xstoregame,@free il est beau mon réseau fibre 😮‍💨😮‍💨😮‍💨😮‍💨 https://t.co/vonRYpZMGD,il est beau mon réseau fibre,2025-11-03 15:52:31
1838090533501083799,2024-09-23 07:38:27 +02:00,totolegaucho,"@free Voilà ce que j’ai après 1 mois sans internet et 3 pseudo techniciens qui sont intervenus. \nToujours pas d’internet, pas de rendez vous, pas de geste commercial.\nEn revanche ça débite sur le compte ! \nAttention vous devenez aussi nul que sfr en termes de qualités de service https://t.co/8Zavx9ABnp",voilà ce que jai après 1 mois sans internet et 3 pseudo techniciens qui sont intervenus ntoujours pas dinternet pas de rendez vous pas de geste commercialnen revanche ça débite sur le compte nattention vous devenez aussi nul que sfr en termes de qualités de service,2025-11-03 15:52:31
1838117380192403582,2024-09-23 09:25:08 +02:00,NumeriqueGeek,Coup de main @free @Free_1337  j'essaie par tout les moyens de rattacher la ligne mobile de mon beau père a ça Freebox mais rien ne fonctionne.,coup de main jessaie par tout les moyens de rattacher la ligne mobile de mon beau père a ça freebox mais rien ne fonctionne,2025-11-03 15:52:31
1838133406443429979,2024-09-23 10:28:49 +02:00,Fabri_Lamouchi,"C’est fou, @free préfère laisser partir ses  clients (client Fibre + mobile) à la concurrence en refusant de proposer une offre sur la box Ultra alors que cette offre est faite aux nouveaux clients. Incompréhensible cette gestion pour conserver la clientèle…dommage\n@Xavier75",cest fou préfère laisser partir ses clients client fibre mobile à la concurrence en refusant de proposer une offre sur la box ultra alors que cette offre est faite aux nouveaux clients incompréhensible cette gestion pour conserver la clientèledommagen,2025-11-03 15:52:31
1838235261219598707,2024-09-23 17:13:33 +02:00,nommekop,"@Freebox Bonjour,\n\nJ'ai pris une ligne chez vous récemment, suite à un rendez la personne ne l'a pas installé. J'aimerais résilier mon abonnement afin d'aller chez un de vos concurrent. \n\nMerci de me contacter pour mon identifiant.",bonjournnjai pris une ligne chez vous récemment suite à un rendez la personne ne la pas installé jaimerais résilier mon abonnement afin daller chez un de vos concurrent nnmerci de me contacter pour mon identifiant,2025-11-03 15:52:31
1838262830081913300,2024-09-23 19:03:06 +02:00,tcmam51,@Freebox la chaîne 37 DAZN n'apparait pas sur OQEE svp,la chaîne 37 dazn napparait pas sur oqee svp,2025-11-03 15:52:31
1838263511387938854,2024-09-23 19:05:49 +02:00,___Daghe____,"@Freebox possible de passer en DM? 1 semaine que vos conseillers nous prennent pour des dindons, je vais pas tarder à bloquer le prélèvement si cela continue",possible de passer en dm 1 semaine que vos conseillers nous prennent pour des dindons je vais pas tarder à bloquer le prélèvement si cela continue,2025-11-03 15:52:31
1838267030954479783,2024-09-23 19:19:48 +02:00,_richhrich,@Xavier75 @free Vous respectez pas les gens…ça fait une semaine que je suis abonné et déjà plus d’internet,vous respectez pas les gensça fait une semaine que je suis abonné et déjà plus dinternet,2025-11-03 15:52:31
1838285781355405425,2024-09-23 20:34:18 +02:00,Cl3m3nt_93,"Ça serait trop demander @Freebox d'avoir un débit  normal pour que je puisse profiter de la télé correctement svp ? Pcq bon ... Payer pour avoir ça, ça sert a rien autant supprimer l'option télé de mon abonnement hein  😮‍💨🙄 https://t.co/oYBelYTaIc",ça serait trop demander davoir un débit normal pour que je puisse profiter de la télé correctement svp pcq bon payer pour avoir ça ça sert a rien autant supprimer loption télé de mon abonnement hein,2025-11-03 15:52:31
1838322459956699536,2024-09-23 23:00:03 +02:00,PoteAlaConpote,@free donner moi la fibre j'monte immo sur valorant jle jure,donner moi la fibre jmonte immo sur valorant jle jure,2025-11-03 15:52:31
1838341131525923315,2024-09-24 00:14:15 +02:00,mzermarts,"Hey ! @free !\nJettes un œil un peu à tes dashboards !\nL'débit est merdique ! Ou, on est repartis sur un cycle de bridage comme vous avez l'habitude de le faire ?!\n\nPS :\npas de réponse et pas de MP suite au post à destiné aux services @Freebox ! C'est récurrents ce type de truc ! https://t.co/XMLlVE2aPB",hey njettes un œil un peu à tes dashboards nldébit est merdique ou on est repartis sur un cycle de bridage comme vous avez lhabitude de le faire nnps npas de réponse et pas de mp suite au post à destiné aux services cest récurrents ce type de truc,2025-11-03 15:52:31
1838348229898825994,2024-09-24 00:42:27 +02:00,Gears4Gamers,"Les coupures régulières chez @free commence vraiment à m’énerver , j’ai la ultra depuis quelques mois et c’est un calvaire . J’étais sur la delta avant et jamais eu de soucis …. Bref , on va checker la concurrence .",les coupures régulières chez commence vraiment à ménerver jai la ultra depuis quelques mois et cest un calvaire jétais sur la delta avant et jamais eu de soucis bref on va checker la concurrence,2025-11-03 15:52:31
1838478460483674406,2024-09-24 09:19:56 +02:00,Thelma__Eleanor,"@Freebox je vous ai appelé il y a 45mn pour vous signaler que ma connexion est morte et j'ai eu zéro retour. Je suis en télétravail, je fais comment ????????",je vous ai appelé il y a 45mn pour vous signaler que ma connexion est morte et jai eu zéro retour je suis en télétravail je fais comment,2025-11-03 15:52:31
1838518115178537179,2024-09-24 11:57:31 +02:00,shedounaar,@free un service qualité déplorable ! Pas d’internet depuis jeudi dernier à mon domicile et on me dit de faire du partage de connexion (à mes frais puisque chez un autre opérateur) jusqu’à rétablissement de la ligne sans délais !,un service qualité déplorable pas dinternet depuis jeudi dernier à mon domicile et on me dit de faire du partage de connexion à mes frais puisque chez un autre opérateur jusquà rétablissement de la ligne sans délais,2025-11-03 15:52:31
1838522958756610204,2024-09-24 12:16:46 +02:00,razlahan,"@free \n\nEst ce normal que la seule information disponible sur une panne ce soit ça ? (voir Screen) et que quand on téléphone pour essayer d'avoir un humain, la réponse c'est ""soyez patient c'est une panne globale"" alors que je suis le seul à ne pas avoir internet par chez moi ? https://t.co/DmIxsdIsX1",nnest ce normal que la seule information disponible sur une panne ce soit ça voir screen et que quand on téléphone pour essayer davoir un humain la réponse cest soyez patient cest une panne globale alors que je suis le seul à ne pas avoir internet par chez moi,2025-11-03 15:52:31
1838524068640805084,2024-09-24 12:21:10 +02:00,louinas01,@Freebox bonjour serait possible de répondre sur le tchat ? A chaque fois c’est le même problème chez vous,bonjour serait possible de répondre sur le tchat a chaque fois cest le même problème chez vous,2025-11-03 15:52:31
1838531812848463874,2024-09-24 12:51:57 +02:00,louinas01,jamais présent quand on a besoin d’eux !! 😡 @free,jamais présent quand on a besoin deux,2025-11-03 15:52:31
1838540769411371509,2024-09-24 13:27:32 +02:00,jeremXVIII,@free @Freebox HELP!!! De plus en plus compliqué d’avoir une connexion stable depuis quelques temps… des latences qui se ressentent aussi bien sur la wifi que pour la télévision… comment fait-on quand on paye un service et qu’il n’est pas à la hauteur? #pascontent #signalconso https://t.co/BRytS1Rpvz,help de plus en plus compliqué davoir une connexion stable depuis quelques temps des latences qui se ressentent aussi bien sur la wifi que pour la télévision comment faiton quand on paye un service et quil nest pas à la hauteur,2025-11-03 15:52:31
1838563827689877915,2024-09-24 14:59:10 +02:00,SebIsDev,"J'avais oublié a quel point il faut suer du sang pour déménager sa @Freebox !\nDéja 2 techniciens, internet qui marche un petit peu et puis s'en va, hotline et prochain rdv technicien... samedi !! ☠️",javais oublié a quel point il faut suer du sang pour déménager sa ndéja 2 techniciens internet qui marche un petit peu et puis sen va hotline et prochain rdv technicien samedi,2025-11-03 15:52:31
1838564726030082266,2024-09-24 15:02:44 +02:00,tchoupi80,"@Free_1337 Bonjour ! Plus d'internet depuis 20 min sur le secteur d'Houdan (78). Freebox bloquée à l'étape 6, ça ne m'avait pas manqué... Avez-vous des infos à nous transmettre svp ?",bonjour plus dinternet depuis 20 min sur le secteur dhoudan 78 freebox bloquée à létape 6 ça ne mavait pas manqué avezvous des infos à nous transmettre svp,2025-11-03 15:52:31
1838583133303652387,2024-09-24 16:15:52 +02:00,BusyspiderFr,Inédit @Free pour les nouveaux abonnements @Freebox expérimente une nouvelle  procédure pour l'activation fibre.  Raccordement sans RDV et un email informe le nouvel abonné qu'il peut brancher sa Freebox en autonomie.   Info  TUTO @Busyspider 🕷️\n\nhttps://t.co/oSsdlaFQAC https://t.co/iXvjwbNbvT,inédit pour les nouveaux abonnements expérimente une nouvelle procédure pour lactivation fibre raccordement sans rdv et un email informe le nouvel abonné quil peut brancher sa freebox en autonomie info tuto nn,2025-11-03 15:52:31
1838620428580839663,2024-09-24 18:44:04 +02:00,x_miIie,@free vous pouvez avoir des conseillers aimable qui ne se moque pas ouvertement de quelqu’un lorsqu’elle a un pb ?,vous pouvez avoir des conseillers aimable qui ne se moque pas ouvertement de quelquun lorsquelle a un pb,2025-11-03 15:52:31
1838627668184699052,2024-09-24 19:12:50 +02:00,Reddoskid,"Merci à tout le monde pour ce subathon c'est incroyable, je relance demain pour finir les 3h restant du subathon à 17h à cause de @free qui fait que de couper toutes les 5 secondes parce que l'antenne est alimenté au foufou sauce graine",merci à tout le monde pour ce subathon cest incroyable je relance demain pour finir les 3h restant du subathon à 17h à cause de qui fait que de couper toutes les 5 secondes parce que lantenne est alimenté au foufou sauce graine,2025-11-03 15:52:31
1838638946776936958,2024-09-24 19:57:39 +02:00,olympe2022,@free @Free_1337 mais sinon vos pannes à répétitions un dédommagements quand malgré les lettres AR franchement je vais passer chez reef !,mais sinon vos pannes à répétitions un dédommagements quand malgré les lettres ar franchement je vais passer chez reef,2025-11-03 15:52:31
1838643094230900922,2024-09-24 20:14:08 +02:00,prv_224,c’est quoi ce réseau de merde @free ces deux derniers jours wsh,cest quoi ce réseau de merde ces deux derniers jours wsh,2025-11-03 15:52:31
1838653578392584493,2024-09-24 20:55:48 +02:00,JiJiDoublet,"@Freebox \nBonsoir.\nPourquoi mon abonnement est-il passé depuis août de 29,90€ à 39,90€, sans explication ?\nMerci pour vos lumières.",nbonsoirnpourquoi mon abonnement estil passé depuis août de 2990 à 3990 sans explication nmerci pour vos lumières,2025-11-03 15:52:31
1838662221322145917,2024-09-24 21:30:08 +02:00,Ceticah,@Free_1337 toujours pas de perturbation sur le 27 ?? Deux jours bloqué à étape 3c (comme d hab) et signal fibre ok (pour une fois) reboot ok\n\nDésolé de ping mais c est que la 32 eme fois depuis mon abonnement #free (mai) donc bon … quand y a pas de fibre ok … @Freebox #gisors,toujours pas de perturbation sur le 27 deux jours bloqué à étape 3c comme d hab et signal fibre ok pour une fois reboot oknndésolé de ping mais c est que la 32 eme fois depuis mon abonnement mai donc bon quand y a pas de fibre ok,2025-11-03 15:52:31
1838671075489484929,2024-09-24 22:05:19 +02:00,cha_emron,"@free Payer un abonnement cher  et ce depuis des années, pour être sans internet depuis 36h ! + clé 4G qui ne fonctionne pas du tout!\nOn n’a pas d’info sur ce qu’il se passe ni quand ça sera rétabli ! Comment on fait @Freebox @free quand on est en full Télétravail ?",payer un abonnement cher et ce depuis des années pour être sans internet depuis 36h clé 4g qui ne fonctionne pas du toutnon na pas dinfo sur ce quil se passe ni quand ça sera rétabli comment on fait quand on est en full télétravail,2025-11-03 15:52:31
1838711569103901037,2024-09-25 00:46:14 +02:00,vanoush_15,@free  hellooooooo j'ai plus internet chez moi. \nJe regardais un bon film c'est la deuxième fois cette semaine !,hellooooooo jai plus internet chez moi nje regardais un bon film cest la deuxième fois cette semaine,2025-11-03 15:52:31
1838723904115757109,2024-09-25 01:35:15 +02:00,Thaye60,@Freebox @free encore une coupure en pleine nuit…vous commencez sérieusement à me faire perdre patience…votre offre est très bien mais pas toujours son fonctionnement…je vais finir par retourner voir les anciens FAI…,encore une coupure en pleine nuitvous commencez sérieusement à me faire perdre patiencevotre offre est très bien mais pas toujours son fonctionnementje vais finir par retourner voir les anciens fai,2025-11-03 15:52:31
1838733699656892455,2024-09-25 02:14:10 +02:00,MVsheepy,"@Freebox , Panne sur la @villedegrigny91 depuis 1h00 du matin !\nEst ce une panne générale ou une mise à jour qui prend du temps à ce mettre en place ??\n\n@Xavier75 pouvez vous faire en sorte que Free envoi un SMS pour prévenir lorsqu il y as une panne générale dans notre secteur ?",panne sur la depuis 1h00 du matin nest ce une panne générale ou une mise à jour qui prend du temps à ce mettre en place nn pouvez vous faire en sorte que free envoi un sms pour prévenir lorsqu il y as une panne générale dans notre secteur,2025-11-03 15:52:31
1838822452534669331,2024-09-25 08:06:51 +02:00,perso_nono,@zoneadsl_panne panne internet @free @freemobile @Freebox toutes les nuits vous faites Quoi Janville Oise,panne internet toutes les nuits vous faites quoi janville oise,2025-11-03 15:52:31
1838831491821752321,2024-09-25 08:42:46 +02:00,ImIveooo,"@Freebox @free c'est sympa vos répéteurs sauf quand vos trucs ce connectes à notre réseau wifi alors qu'on a aucun répéteur, ni de Freebox pop, ni de télé chinoise 🤨 (merci la sécurité)\n\nOn m'explique comment on les bloque ?",cest sympa vos répéteurs sauf quand vos trucs ce connectes à notre réseau wifi alors quon a aucun répéteur ni de freebox pop ni de télé chinoise merci la sécuriténnon mexplique comment on les bloque,2025-11-03 15:52:31
1838840942855397423,2024-09-25 09:20:19 +02:00,sev95140,"@free vous avez quel âge pour realiser des travaux au PTM mais ne pas dire aux autres fournisseurs accès internet ? Non mais ça va 5 min vos histoires de gamineries,cest pire que la maternelle. Essayez de tous vous entendre ça nous ferais des vacances. Au lieu d'être pris entre 2",vous avez quel âge pour realiser des travaux au ptm mais ne pas dire aux autres fournisseurs accès internet non mais ça va 5 min vos histoires de gamineriescest pire que la maternelle essayez de tous vous entendre ça nous ferais des vacances au lieu dêtre pris entre 2,2025-11-03 15:52:31
1838843805866267112,2024-09-25 09:31:42 +02:00,LagentImmo1,@orange bonjour 👋 \nL'un de vos techniciens est intervenu lundi matin pour l'installation d'une box pour l'un de mes voisins \nEn revanche il s'est trompé en déconnectant ma box @free \nC'est possible d'avoir un retour rapidement svp ? Car en attendant le consommateur paye,bonjour nlun de vos techniciens est intervenu lundi matin pour linstallation dune box pour lun de mes voisins nen revanche il sest trompé en déconnectant ma box ncest possible davoir un retour rapidement svp car en attendant le consommateur paye,2025-11-03 15:52:31
1838849193495892117,2024-09-25 09:53:06 +02:00,dridriParis,"@free hello free ! Ma mère de 75 ans n'a pas internet depuis 1 semaine. Un technicien devait passer le 26 septembre et le rdv a été annulé sans explication. Il ne se passe plus rien depuis. \nPlus d'internet plus de téléphone fixe, plus d'alarme (qui utilise la connexion internet)",hello free ma mère de 75 ans na pas internet depuis 1 semaine un technicien devait passer le 26 septembre et le rdv a été annulé sans explication il ne se passe plus rien depuis nplus dinternet plus de téléphone fixe plus dalarme qui utilise la connexion internet,2025-11-03 15:52:31
1838908615303835932,2024-09-25 13:49:13 +02:00,guerin_morel,"@tf1plus @TF1 @StarAcademyTF1 @free \nQuestion : l'application TF1+ va-t-elle être mise à jour sur les Freebox Delta Devialet ? Car l'année dernière on avait pas accès au live avec le château... Même si abonnement évidemment 😭, une application complète avec les chaînes fast ?",nquestion lapplication tf1 vatelle être mise à jour sur les freebox delta devialet car lannée dernière on avait pas accès au live avec le château même si abonnement évidemment une application complète avec les chaînes fast,2025-11-03 15:52:31
1838916961918443957,2024-09-25 14:22:23 +02:00,Bastieninho,@free @Freebox Votre connexion de merde fait que crash et bug toutes les 10 min jvais tout exploser,votre connexion de merde fait que crash et bug toutes les 10 min jvais tout exploser,2025-11-03 15:52:31
1838931523417899031,2024-09-25 15:20:15 +02:00,MalherbeMoi,"Bonjour @free , mes parents n'ont plus Internet (plus de téléphone fixe non plus) et ont besoin de gérer des rdv's médicaux urgent. Pas moyen d'avoir accès à un opérateur. Système de gestion des RDV's ne fait que valider les coordonnées mail+portable. Aucun rappel depuis 5 jours!",bonjour mes parents nont plus internet plus de téléphone fixe non plus et ont besoin de gérer des rdvs médicaux urgent pas moyen davoir accès à un opérateur système de gestion des rdvs ne fait que valider les coordonnées mailportable aucun rappel depuis 5 jours,2025-11-03 15:52:31
1838947916985082033,2024-09-25 16:25:24 +02:00,FredoFMTV,@TF1plusHelp #tf1plus A quand les directs sur les applications box / Android TV (@Freebox et autres) ?\n@tf1plus @TF1 @TF1Pro,a quand les directs sur les applications box android tv et autres n,2025-11-03 15:52:31
1838957629789339958,2024-09-25 17:03:59 +02:00,overx,@Freebox Impossible de contacter le service clients suite á ma résiliation vu que le standard virtuel demande un ID que je n'ai plus du coup je ne peux pas faire de réclamation suite á un mail concernant la demande de retour du materiel que j'ai déjà retourné depuis fin août!,impossible de contacter le service clients suite á ma résiliation vu que le standard virtuel demande un id que je nai plus du coup je ne peux pas faire de réclamation suite á un mail concernant la demande de retour du materiel que jai déjà retourné depuis fin août,2025-11-03 15:52:31
1838990526189834477,2024-09-25 19:14:42 +02:00,GrosNigma,"@Freebox @free @Xavier75  Ça va, tranquille ? https://t.co/AYhLWkfty9",ça va tranquille,2025-11-03 15:52:31
1838993079782490167,2024-09-25 19:24:51 +02:00,InsideABoyBrain,On fait comment pour DIRE à Free que notre boxe internet est défaillante et a un problème avec la fiche fibre ?\nParce que là les options dans au 3244 y'a rien qui me donne un conseiller ou la possibilité de dire que j'ai un soucis sur la freebox @Freebox,on fait comment pour dire à free que notre boxe internet est défaillante et a un problème avec la fiche fibre nparce que là les options dans au 3244 ya rien qui me donne un conseiller ou la possibilité de dire que jai un soucis sur la freebox,2025-11-03 15:52:31
1839057145481805930,2024-09-25 23:39:26 +02:00,chaoticvibing,"hello @freebox, les courbes de débit sur Freebox OS ont l'air équivalentes (à quelques Mo/s près) entre Download et Upload, et les stats sont fausses (plus de 70Go DL mais seulement 365Mo reportés) https://t.co/ZaoQWDl6uy",hello les courbes de débit sur freebox os ont lair équivalentes à quelques mos près entre download et upload et les stats sont fausses plus de 70go dl mais seulement 365mo reportés,2025-11-03 15:52:31
1839180110802420107,2024-09-26 07:48:03 +02:00,hytche_,@free bon c’est du foutage de gueule vos techniciens formés comme des peintres qui au lieu de réfléchir préfère débrancher la jarretiere de quelqu’un d’autre au lieu de travailler correctement. C’est quoi le but ? De faire le service fibre  le pire service de France ?,bon cest du foutage de gueule vos techniciens formés comme des peintres qui au lieu de réfléchir préfère débrancher la jarretiere de quelquun dautre au lieu de travailler correctement cest quoi le but de faire le service fibre le pire service de france,2025-11-03 15:52:31
1839195161932284247,2024-09-26 08:47:51 +02:00,IamSoGentille,Svp @free svp @Freebox,svp svp,2025-11-03 15:52:31
1839198616214176233,2024-09-26 09:01:35 +02:00,Maxi76000,"@free bonjour, j'ai déménagé et je ne peux pas me connecter à mon espace. Je n'ai pas mon numéro de téléphone. J'ai plus Netflix prime... Help!!!",bonjour jai déménagé et je ne peux pas me connecter à mon espace je nai pas mon numéro de téléphone jai plus netflix prime help,2025-11-03 15:52:31
1839208165964976319,2024-09-26 09:39:32 +02:00,miasbymias,1 mois et demi sans la fibre free .. je vais bientot 1 mois complet sans internet @Freebox @Xavier75,1 mois et demi sans la fibre free je vais bientot 1 mois complet sans internet,2025-11-03 15:52:31
1839209444757901338,2024-09-26 09:44:37 +02:00,Fibo,@free @Freebox @freemobile @Free_1337 \nNormal que les boites mail soient inaccessibles en POP comme en IMAP?\ncc @UniversFreebox @FreenewsActu,nnormal que les boites mail soient inaccessibles en pop comme en imapncc,2025-11-03 15:52:31
1839233514518024436,2024-09-26 11:20:15 +02:00,humanfirst24,Bon bin c'est le moment de quitter @free @Xavier75 🖕,bon bin cest le moment de quitter,2025-11-03 15:52:31
1839238055548400099,2024-09-26 11:38:18 +02:00,PhBourlitio,"Bjr @Freebox, une intervention d'Orange sur les installations fibre de copro 5 parvis du Breuil à Antony est terminée depuis le  20/09 18h mais vos services n'ont visiblement pas l'info =&gt; Impossible d'obtenir un RDV pour que nos fibres soient rebranchées. Pouvez-vs intervenir ?",bjr une intervention dorange sur les installations fibre de copro 5 parvis du breuil à antony est terminée depuis le 2009 18h mais vos services nont visiblement pas linfo gt impossible dobtenir un rdv pour que nos fibres soient rebranchées pouvezvs intervenir,2025-11-03 15:52:31
1839239528491487667,2024-09-26 11:44:09 +02:00,8Maykiwo,⁦@free⁩ ⁦@Freebox⁩ je crois qu’il y a un bug chez vous https://t.co/KqH7VwiGae,je crois quil y a un bug chez vous,2025-11-03 15:52:31
1839241642332533075,2024-09-26 11:52:33 +02:00,pepito151173,En train de regarder @CPVA et je pense que je vais les contacter à propos de @free .::\nHallucinant cette émission !!!,en train de regarder et je pense que je vais les contacter à propos de nhallucinant cette émission,2025-11-03 15:52:31
1839272670904393899,2024-09-26 13:55:51 +02:00,Mgnf_25,"@Freebox Bonjour, comment on discute avec vous afin de régulariser votre vol de +280€ pour matériel non restitué alors que ce n'est pas le cas ? Aucun numéro de téléphone, aucune adresse mail ou vous joindre!",bonjour comment on discute avec vous afin de régulariser votre vol de 280 pour matériel non restitué alors que ce nest pas le cas aucun numéro de téléphone aucune adresse mail ou vous joindre,2025-11-03 15:52:31
1839283600912445855,2024-09-26 14:39:17 +02:00,bob_moranne,"Bonjour @free, @Xavier75,\n\nMise en garde aux abonnés qui souhaiteraient déménager.\nProfiter de mon déménagement pour augmenter mon abo de 3€/mois et mettre cela sur le dos de Netflix alors que je vous ai démontré le contraire.\nEst-ce vraiment ainsi que vous traitez vos clients? https://t.co/bhgQJzTzqh",bonjour nnmise en garde aux abonnés qui souhaiteraient déménagernprofiter de mon déménagement pour augmenter mon abo de 3mois et mettre cela sur le dos de netflix alors que je vous ai démontré le contrairenestce vraiment ainsi que vous traitez vos clients,2025-11-03 15:52:31
1839283782513230022,2024-09-26 14:40:00 +02:00,slayerskill,@free aidez moi ou je me suicide,aidez moi ou je me suicide,2025-11-03 15:52:31
1839286484337074651,2024-09-26 14:50:44 +02:00,T7NaSaSu,@free  vraiment vos technicien c’est une catastrophe ! Sa se présente pas mais sa prétend s’être présenté et avoir attendu 40min en bas de chez moi ! 4 d’abonnement ben je vais vite résilier.,vraiment vos technicien cest une catastrophe sa se présente pas mais sa prétend sêtre présenté et avoir attendu 40min en bas de chez moi 4 dabonnement ben je vais vite résilier,2025-11-03 15:52:31
1839289696964456735,2024-09-26 15:03:30 +02:00,hugopll17,Totalement désemparé face a cette décision.. c’est dans vos habitudes @free de me promettre un poste et de d’assurer que l’on peux démissionner ?\n\nTout ça pour qu’au final la prise de poste soit annulée 4 JOURS AVANT MON DÉPART DE MON ENTREPRISE ACTUELLE ?,totalement désemparé face a cette décision cest dans vos habitudes de me promettre un poste et de dassurer que lon peux démissionner nntout ça pour quau final la prise de poste soit annulée 4 jours avant mon départ de mon entreprise actuelle,2025-11-03 15:52:31
1839292039445508279,2024-09-26 15:12:49 +02:00,maxeamseace,Hé @free @Freebox @Xavier75 c’est normal vos 3000 relances par jour avec ce genre de messages ?? @CNIL https://t.co/K5GS2gnfzv,hé cest normal vos 3000 relances par jour avec ce genre de messages,2025-11-03 15:52:31
1839308532522660194,2024-09-26 16:18:21 +02:00,Laliace1,Hi @XpFibre \nOn se dirige vers 3 mois sans internet via la fibre pour quelques voisins dont le FAI est free ds 1 secteur où vous êtes operateur d'infrastructure on fait comment pour vous joindre?\nEt @free qui ne propose aucune solution pour avoir un accès internet 4g de back up,hi non se dirige vers 3 mois sans internet via la fibre pour quelques voisins dont le fai est free ds 1 secteur où vous êtes operateur dinfrastructure on fait comment pour vous joindrenet qui ne propose aucune solution pour avoir un accès internet 4g de back up,2025-11-03 15:52:31
1839318195313967435,2024-09-26 16:56:45 +02:00,Bbrsensei,@free je vais péter un câble j’en peux plus ça fait depuis le 15 août que j’ai demandé la création de ligne à mon domicile \nJ’ai eu 3 de vos collègues qui me promettent la fibre pour début septembre\nLa 4e (oui parce que j’ai appelé 4 fois vos services pour savoir l’avancée),je vais péter un câble jen peux plus ça fait depuis le 15 août que jai demandé la création de ligne à mon domicile njai eu 3 de vos collègues qui me promettent la fibre pour début septembrenla 4e oui parce que jai appelé 4 fois vos services pour savoir lavancée,2025-11-03 15:52:31
1839323883188691367,2024-09-26 17:19:21 +02:00,sesng_,@free @freemobile c’est pas possible de payer une box 50€ par mois et avoir des travaux tout le temps et de pas pouvoir en bénéficier sois c’est travaux sois c’est coupure,cest pas possible de payer une box 50 par mois et avoir des travaux tout le temps et de pas pouvoir en bénéficier sois cest travaux sois cest coupure,2025-11-03 15:52:31
1839365890049245251,2024-09-26 20:06:16 +02:00,jwd_944,@free votre réseau naze j’ai pas de télé ni wifi depuis 2j la,votre réseau naze jai pas de télé ni wifi depuis 2j la,2025-11-03 15:52:31
1839381978979979430,2024-09-26 21:10:12 +02:00,Szelerski,@Freebox la ligne est coupé depuis hier 17h dans ma rue aucune nouvelle de free et aucune intervention. Ce n’est pas compréhensible ni acceptable,la ligne est coupé depuis hier 17h dans ma rue aucune nouvelle de free et aucune intervention ce nest pas compréhensible ni acceptable,2025-11-03 15:52:31
1839421327620313359,2024-09-26 23:46:33 +02:00,ladiffx,@free on paye tt les mois pour avoir un connexion il serait peut être temps de nous en fournir? On peut même pas jouer a fifa que votre connexion de con saute toute les 2min,on paye tt les mois pour avoir un connexion il serait peut être temps de nous en fournir on peut même pas jouer a fifa que votre connexion de con saute toute les 2min,2025-11-03 15:52:31
1839433597742104643,2024-09-27 00:35:19 +02:00,777evs,@free rendez mon argent bande de sous race 8 deco en rivals vos grande tantes,rendez mon argent bande de sous race 8 deco en rivals vos grande tantes,2025-11-03 15:52:31
1839470015587791203,2024-09-27 03:00:02 +02:00,shain_pz,@Freebox  elle est où ma box jcrois ils l’ont perdu à chronopost jveux jouer a valo en paix la,elle est où ma box jcrois ils lont perdu à chronopost jveux jouer a valo en paix la,2025-11-03 15:52:31
1839525421072716211,2024-09-27 06:40:11 +02:00,turk94120,"@free Bonjour free , plus d un mois.pour une création d ouverture de ligne fibre c est pas un peu long ?",bonjour free plus d un moispour une création d ouverture de ligne fibre c est pas un peu long,2025-11-03 15:52:31
1839581025904534004,2024-09-27 10:21:08 +02:00,Philois83,"@Freebox bjr, actuellement je n'ai pas les chaînes 15, 16 et 26, pourquoi ? je suis sur freebox révolution !",bjr actuellement je nai pas les chaînes 15 16 et 26 pourquoi je suis sur freebox révolution,2025-11-03 15:52:31
1839582206030705139,2024-09-27 10:25:50 +02:00,scrchglt,@Freebox Ma wifi ne fonctionne pas depuis ce matin,ma wifi ne fonctionne pas depuis ce matin,2025-11-03 15:52:31
1839586751083409665,2024-09-27 10:43:53 +02:00,BrKoumori,@free venez faire les travaux dans ma rue la. En une semaine c'est la troisième intervention que je dois faire à cause de la coupure de wifi. Votre matériel est disfonctionnel,venez faire les travaux dans ma rue la en une semaine cest la troisième intervention que je dois faire à cause de la coupure de wifi votre matériel est disfonctionnel,2025-11-03 15:52:31
1839603301458841740,2024-09-27 11:49:39 +02:00,beastydesign,"@free c'est normal que les mec qui viennent fixer ta fibre te demandent de les payer en liquide au ""BLACK"" pour faire des reparations ou on est d'accord que c'est hors la loi ? https://t.co/fXiK8yF3QE",cest normal que les mec qui viennent fixer ta fibre te demandent de les payer en liquide au black pour faire des reparations ou on est daccord que cest hors la loi,2025-11-03 15:52:31
1839605736239718563,2024-09-27 11:59:20 +02:00,PhBourlitio,Bjr @Xavier75 Pquoi le service client de @free est-il dans l'impossibilité de programmer le passage d'un technicien pr rebrancher la #fibre de ses abonnés après une interv° d'@orange sur le PMI d'une #copropriété ? Des années que ce pb persiste. Les relances n'aboutissent jamais.,bjr pquoi le service client de estil dans limpossibilité de programmer le passage dun technicien pr rebrancher la de ses abonnés après une interv d sur le pmi dune des années que ce pb persiste les relances naboutissent jamais,2025-11-03 15:52:31
1839613800971952206,2024-09-27 12:31:23 +02:00,kwattsfan,@Freebox bonjour bloquage étape 2 freebox revolution région Montbéliard incident connu ?,bonjour bloquage étape 2 freebox revolution région montbéliard incident connu,2025-11-03 15:52:31
1839635696035803448,2024-09-27 13:58:23 +02:00,AntoAsse42,"@free vous êtes une sacrée honte humainement ! Plus d internet plus rien - écrasement de la ligne par  VOS CONCURRENTS , bataille corps et armes pour que vous vous bougiez je vais rester polie .. Votre seul rendez vous à nous donner c’est le 3 octobre ????? HONTEUX 😡😡😡",vous êtes une sacrée honte humainement plus d internet plus rien écrasement de la ligne par vos concurrents bataille corps et armes pour que vous vous bougiez je vais rester polie votre seul rendez vous à nous donner cest le 3 octobre honteux,2025-11-03 15:52:31
1839673016742994408,2024-09-27 16:26:41 +02:00,marquise_madame,"@Freebox Client depuis même pas 1 mois. Le cpl ne fonctionne pas, pas de wifi sur le player (?!?), le player n'accepte pas de répétiteur. Je ne peux pas faire passer un câble au milieu du salon.",client depuis même pas 1 mois le cpl ne fonctionne pas pas de wifi sur le player le player naccepte pas de répétiteur je ne peux pas faire passer un câble au milieu du salon,2025-11-03 15:52:31
1839682717023183079,2024-09-27 17:05:14 +02:00,Flo_90,Pourquoi à chaque fois que je déménage avec la fibre un technicien doit intervenir ?? @free,pourquoi à chaque fois que je déménage avec la fibre un technicien doit intervenir,2025-11-03 15:52:31
1839706588958900707,2024-09-27 18:40:05 +02:00,JiJiDoublet,"Salut!\nPeut-on me dire pourquoi mon abonnement Freebox a augmenté de 10€, sans raison???\n@free",salutnpeuton me dire pourquoi mon abonnement freebox a augmenté de 10 sans raisonn,2025-11-03 15:52:31
1839709421321998718,2024-09-27 18:51:20 +02:00,TTV_UnluckyMan,On adore @free une connexion fibre digne d’un habitant au Bangladesh,on adore une connexion fibre digne dun habitant au bangladesh,2025-11-03 15:52:31
1839731798688821384,2024-09-27 20:20:16 +02:00,crackpampers_,@Freebox @xavier75 POURQUOI ÇA BUG JE VEUX JOUÉ À FIFA,pourquoi ça bug je veux joué à fifa,2025-11-03 15:52:31
1839738963394998452,2024-09-27 20:48:44 +02:00,Stef_33,@Freebox service client de Gujan mestras pour Freebox étape 4 HORRIBLE !!! @free merci de me contacter en privé,service client de gujan mestras pour freebox étape 4 horrible merci de me contacter en privé,2025-11-03 15:52:31
1839745703301853448,2024-09-27 21:15:31 +02:00,jossie298,@Freebox impossible de contacter l'assistance freebox,impossible de contacter lassistance freebox,2025-11-03 15:52:31
1839758534063308991,2024-09-27 22:06:30 +02:00,juke_jukie,"Payer 50€/mois pour avoir la fibre optique et avoir ce résultat sur chaque chaîne, c’est comment @free ? En journée quasi pas de pb mais le soir c’est tout autre chose … dsl de regarder en même temps que tout le monde - vs aussi ça fait ça ? https://t.co/DFOPNiOnJj",payer 50mois pour avoir la fibre optique et avoir ce résultat sur chaque chaîne cest comment en journée quasi pas de pb mais le soir cest tout autre chose dsl de regarder en même temps que tout le monde vs aussi ça fait ça,2025-11-03 15:52:31
1839913359862296776,2024-09-28 08:21:43 +02:00,Bihanvag,S'abonner c'est toujours rapide. Résilier chez @free c'est reef en fait. 🥳 https://t.co/4E2F9z3bDq,sabonner cest toujours rapide résilier chez cest reef en fait,2025-11-03 15:52:31
1839918081755275570,2024-09-28 08:40:29 +02:00,Peeping_Dem,"Quand tu bosses a 80% du temps en télétravail...alors que j'ai eu un avertissement d'un ""écrasement de ma ligne fibre"" et donc j'ai prevenu que c'était une erreur, j'ai besoin d'internet... j'arrive même pas a aller sur X avec le partage de ma 5g ... @Freebox https://t.co/UyIhvDpGht",quand tu bosses a 80 du temps en télétravailalors que jai eu un avertissement dun écrasement de ma ligne fibre et donc jai prevenu que cétait une erreur jai besoin dinternet jarrive même pas a aller sur x avec le partage de ma 5g,2025-11-03 15:52:31
1839943747653570765,2024-09-28 10:22:28 +02:00,JinosLos,"@free mise a part que vous me faites payer le double alors que je suis censée beaucoup moins que ça ma wifi et que quand je demande a votre « service clients » ils sont incapable de répondre, vous me devez toujours 1 téléphone a qui j’attends le remboursèrent depuis Mai",mise a part que vous me faites payer le double alors que je suis censée beaucoup moins que ça ma wifi et que quand je demande a votre service clients ils sont incapable de répondre vous me devez toujours 1 téléphone a qui jattends le remboursèrent depuis mai,2025-11-03 15:52:31
1839946950428229920,2024-09-28 10:35:12 +02:00,Herthes_,"Je me réveil sans internet un samedi, la classique hein @Freebox",je me réveil sans internet un samedi la classique hein,2025-11-03 15:52:31
1839964555373330455,2024-09-28 11:45:09 +02:00,Cdrc_M_,Ehooo! @free j'ai besoin d'aide.,ehooo jai besoin daide,2025-11-03 15:52:31
1839978939038511485,2024-09-28 12:42:18 +02:00,Laurentmod,"Salut @Free, 10 coupures de fibre depuis le début de l'année, dont 2 en 3 jours ! C'est inacceptable. J'attends un technicien dans 4 jours... Quelle solution proposez-vous ? #Free #ServiceClient",salut 10 coupures de fibre depuis le début de lannée dont 2 en 3 jours cest inacceptable jattends un technicien dans 4 jours quelle solution proposezvous,2025-11-03 15:52:31
1839982651614138576,2024-09-28 12:57:04 +02:00,Hnry_69,@free heu ça marche le contact client free sur WhatsApp ?? Message le matin il est 12h… https://t.co/sWxJV58iny,heu ça marche le contact client free sur whatsapp message le matin il est 12h,2025-11-03 15:52:31
1840000628438774240,2024-09-28 14:08:30 +02:00,SayMeWhats,"@free est le pire opérateur et le pire service client, tous opérateurs confondus. C'est une dinguerie #free",est le pire opérateur et le pire service client tous opérateurs confondus cest une dinguerie,2025-11-03 15:52:31
1840004704345981005,2024-09-28 14:24:41 +02:00,_BenJ_S,@Freebox ça fait une semaine que ma connexion est comme ça... https://t.co/1YORgDCKmd,ça fait une semaine que ma connexion est comme ça,2025-11-03 15:52:31
1840052483936120961,2024-09-28 17:34:33 +02:00,zookysan,@free dites moi ils foutent quoi vos techniciens a longueur de journée pour être obligé d'attendre 15 jours pour un taff qui dure 10 min c'est a dire tirer un file ?,dites moi ils foutent quoi vos techniciens a longueur de journée pour être obligé dattendre 15 jours pour un taff qui dure 10 min cest a dire tirer un file,2025-11-03 15:52:31
1840103751320826217,2024-09-28 20:58:16 +02:00,Wi2L__,"Vraiment fuyez @free pour la fibre c'est insupportable à quel point leur service est médiocre, c'est des clowns comme leur pdg sur Twitter.",vraiment fuyez pour la fibre cest insupportable à quel point leur service est médiocre cest des clowns comme leur pdg sur twitter,2025-11-03 15:52:31
1840140158450184267,2024-09-28 23:22:56 +02:00,MatCor129440,"@free  a coupé internet… Ça doit être leur manière de nous préparer à l’apocalypse digitale. Merci pour l’entraînement, mais je préfère quand même Netflix. #Free #SurvivalMode",a coupé internet ça doit être leur manière de nous préparer à lapocalypse digitale merci pour lentraînement mais je préfère quand même netflix,2025-11-03 15:52:31
1840287385076006960,2024-09-29 09:07:58 +02:00,NixTou_,@Freebox possible de passer en message privé ?\n\nMerci^^,possible de passer en message privé nnmerci,2025-11-03 15:52:31
1840435997235892508,2024-09-29 18:58:30 +02:00,jiji_psg,@free c quoi votre connexion en carton au nom c’est grave je lance un match fifa full bug de Connection on va vite changer d’opérateur !,c quoi votre connexion en carton au nom cest grave je lance un match fifa full bug de connection on va vite changer dopérateur,2025-11-03 15:52:31
1840484957816266854,2024-09-29 22:13:03 +02:00,BackToDjo,Va te faire enculer @free,va te faire enculer,2025-11-03 15:52:31
1840487998921855200,2024-09-29 22:25:08 +02:00,Juliendu75,Bonjour @free ...100Mbits c'est normal pour de la fibre?,bonjour 100mbits cest normal pour de la fibre,2025-11-03 15:52:31
1840503584753914284,2024-09-29 23:27:04 +02:00,ax937jhgd837379,@free pourquoi jai 10mbps au lieu de 600 wtf,pourquoi jai 10mbps au lieu de 600 wtf,2025-11-03 15:52:31
1840504671238226274,2024-09-29 23:31:23 +02:00,LThomaga,@free  Hey free merci tout mes appareil de santé connecté a internet pour mon suivie medical sont hs vue que j'ai pas internet depuis 5 jour et vos technicien me disent c'est comme ça faut attendre,hey free merci tout mes appareil de santé connecté a internet pour mon suivie medical sont hs vue que jai pas internet depuis 5 jour et vos technicien me disent cest comme ça faut attendre,2025-11-03 15:52:31
1840652735261085707,2024-09-30 09:19:44 +02:00,YodaBZH,"Bonjour @Freebox, petite étrangeté lors d'un déménagement. Je connais la date de déménagement. Si je click sur le ""bouton si dessous"", ça ne me demande pas la date de déménagement (ça ne fait pas ce que ça dit), ça me dit que ça va couper ma ligne en fin de mois (aujourd'hui) https://t.co/NGr8uuRIEO",bonjour petite étrangeté lors dun déménagement je connais la date de déménagement si je click sur le bouton si dessous ça ne me demande pas la date de déménagement ça ne fait pas ce que ça dit ça me dit que ça va couper ma ligne en fin de mois aujourdhui,2025-11-03 15:52:31
1840668998838501592,2024-09-30 10:24:21 +02:00,jmreymond,"@Freebox Cela fait 10 jours que l'aérodrome de Fayence n'a plus de service Internet à cause de pertes de paquets sur la ligne. La réponse: ""c'est en cours, attendez"" . Sérieux ?",cela fait 10 jours que laérodrome de fayence na plus de service internet à cause de pertes de paquets sur la ligne la réponse cest en cours attendez sérieux,2025-11-03 15:52:31
1840732911303082118,2024-09-30 14:38:19 +02:00,tobart38,"@netflix @PrimeVideo @free @Freeboxdelta1  maintenant que pour un prix inchangé, je me tape des #pub dans les films je ne sais pas pourquoi je ne changerais pas d'offre... Déjà que je ne regarde pas la télé parce qu'il y a des pubs tout le temps maintenant même la  VOD s'y met..",maintenant que pour un prix inchangé je me tape des dans les films je ne sais pas pourquoi je ne changerais pas doffre déjà que je ne regarde pas la télé parce quil y a des pubs tout le temps maintenant même la vod sy met,2025-11-03 15:52:31
1840737400995119465,2024-09-30 14:56:10 +02:00,Zulgrib,"Merci @Freebox pour les 2 semaines de coupure, on va tester ailleurs. \n\nSur ces 2 semaines, vous avez consommé 25h de mon temps avec 10 rdv technicien, me générant une perte minimale de 2125€ de CA. \n\nLà c'est de nouveau KO, je ne repars pas sur 2 semaines de vos conneries.",merci pour les 2 semaines de coupure on va tester ailleurs nnsur ces 2 semaines vous avez consommé 25h de mon temps avec 10 rdv technicien me générant une perte minimale de 2125 de ca nnlà cest de nouveau ko je ne repars pas sur 2 semaines de vos conneries,2025-11-03 15:52:31
1840764864676897065,2024-09-30 16:45:18 +02:00,Sioegruob07,"@free @Freebox bonjour, vos techniciens fibre qui viennent chez les voisins restent pendant 4h chez les clients et trouvent comme seule solution de me débrancher la fibre on fait comment ?",bonjour vos techniciens fibre qui viennent chez les voisins restent pendant 4h chez les clients et trouvent comme seule solution de me débrancher la fibre on fait comment,2025-11-03 15:52:31
1840791747690963386,2024-09-30 18:32:07 +02:00,GuillaumeLB13,"@free Chez vous depuis février. Une galère pour l'installation de la fibre. 3 techniciens différents, le premier n'est jamais venu (1 journée posée pour rien), le second est arrivé à 20 heures jusqu'à 22 heures. 2 jours après, fibre coupée dans mon local par un autre technicien.",chez vous depuis février une galère pour linstallation de la fibre 3 techniciens différents le premier nest jamais venu 1 journée posée pour rien le second est arrivé à 20 heures jusquà 22 heures 2 jours après fibre coupée dans mon local par un autre technicien,2025-11-03 15:52:31
1840797902404264080,2024-09-30 18:56:34 +02:00,cecildjx,@Freebox bonjour je suis à Bordeaux et il semblerait que je n’ai plus de connexion depuis 18:27. S’agit-il d’un problème connu ou très local ?,bonjour je suis à bordeaux et il semblerait que je nai plus de connexion depuis 1827 sagitil dun problème connu ou très local,2025-11-03 15:52:31
1840799437494370463,2024-09-30 19:02:40 +02:00,Snayzyy,Toujours pas de co merci @free vous me régalez ! je re streamerai quand j’aurai de la co l’équipe !,toujours pas de co merci vous me régalez je re streamerai quand jaurai de la co léquipe,2025-11-03 15:52:31
1840802932444578089,2024-09-30 19:16:34 +02:00,Katakuuuri,@free @Freebox je peux avoir une réponse ouuuu ?,je peux avoir une réponse ouuuu,2025-11-03 15:52:31
1840803880029790330,2024-09-30 19:20:20 +02:00,SupRaa_TV,Salut @Freebox ca fais plus d’1 semaine que le changement d’adresse a ete fait mais tjs personne pour venir installer \n\nQue faire ?,salut ca fais plus d1 semaine que le changement dadresse a ete fait mais tjs personne pour venir installer nnque faire,2025-11-03 15:52:31
1840804618252489097,2024-09-30 19:23:16 +02:00,LaisneMathieu,"Salut @Freebox \nC'est normal l'absence de vrai communication avec le 3244?\nBoite vocal automatique, plein d'options qui ne correspondent pas, et à la fin, ""veuillez enregistrer votre message et vous serez recontacter""",salut ncest normal labsence de vrai communication avec le 3244nboite vocal automatique plein doptions qui ne correspondent pas et à la fin veuillez enregistrer votre message et vous serez recontacter,2025-11-03 15:52:31
1840892605573325059,2024-10-01 01:12:53 +02:00,jos_brt9,Free... C’est dingue. 50€ l’abonnement pour que tous les soirs ça bug ????? @Freebox @freemobile que ça mobile et la Freebox au même temps dans le 01,free cest dingue 50 labonnement pour que tous les soirs ça bug que ça mobile et la freebox au même temps dans le 01,2025-11-03 15:52:31
1840911323929973054,2024-10-01 02:27:16 +02:00,FenatikK,"Eh @free vous avez cru, c’était la box à vos mères a couper la connexion comme ça ? Ça fait déjà 2 games dans la soirée que je crash à cause de cette putain de connexion",eh vous avez cru cétait la box à vos mères a couper la connexion comme ça ça fait déjà 2 games dans la soirée que je crash à cause de cette putain de connexion,2025-11-03 15:52:31
1841027090793091438,2024-10-01 10:07:17 +02:00,GeWoessner,"Il y a 6 mois, je vous racontais mes déboires avec les escrocs de @bouyguestelecom, qui vous vendent un service qu'ils ne sont pas capables de fournir.\nComme de juste, ce 1er octobre, je n'ai de nouveau plus Internet depuis une semaine.\nEn six mois, strictement RIEN n'a été fait.\nLe problème, selon un premier technicien qui s'est déplacé, dépendrait de @SFR qui gère le câble reliant l'armoire (dégueulasse) de ma rue et le placard (dégueulasse) central.\nOn me fixe un RDV ce matin.\nLe technicien ne vient pas.\nLe SAV de @bouyguestelecom ne répond plus.\nNi au téléphone, ni aux mails. \nUn voisin vit cette situation depuis 3 mois, déjà. \nCes gens sont des brigands.\nQui nous poussent dans les bras d'Elon Musk... 😡",il y a 6 mois je vous racontais mes déboires avec les escrocs de qui vous vendent un service quils ne sont pas capables de fournirncomme de juste ce 1er octobre je nai de nouveau plus internet depuis une semainenen six mois strictement rien na été faitnle problème selon un premier technicien qui sest déplacé dépendrait de qui gère le câble reliant larmoire dégueulasse de ma rue et le placard dégueulasse centralnon me fixe un rdv ce matinnle technicien ne vient pasnle sav de ne répond plusnni au téléphone ni aux mails nun voisin vit cette situation depuis 3 mois déjà nces gens sont des brigandsnqui nous poussent dans les bras delon musk,2025-11-03 15:52:31
1841034965372248378,2024-10-01 10:38:35 +02:00,Xavier75,Qui va m’arrêter ? 🏴‍☠️ https://t.co/71xSPiumIh,qui va marrêter,2025-11-03 15:52:31
1841050528899272876,2024-10-01 11:40:25 +02:00,anti_infla,"@free \nAlors @free, comme ça, on ne veut pas me renvoyer mon Apple TV que j'ai acheté en étant abonné chez vous? @free sont ils des voleurs? @Xavier75 , vous en pensez quoi ???",nalors comme ça on ne veut pas me renvoyer mon apple tv que jai acheté en étant abonné chez vous sont ils des voleurs vous en pensez quoi,2025-11-03 15:52:31
1841051896292823065,2024-10-01 11:45:51 +02:00,BqrnedW3B,"Bonjour, pouvez vous venir dm s’il te plaît ? @Freebox",bonjour pouvez vous venir dm sil te plaît,2025-11-03 15:52:31
1841053864407052671,2024-10-01 11:53:41 +02:00,Sabs0o,@Freebox 5 jours j’ai plus de connexion sur bondy depuis 5 jours j’attends une intervention personne est venu c quoi ça,5 jours jai plus de connexion sur bondy depuis 5 jours jattends une intervention personne est venu c quoi ça,2025-11-03 15:52:31
1841061602742677887,2024-10-01 12:24:26 +02:00,stevebeauge,"Bonjour @Freebox \nJ'envisage de migrer d'une freebox delta vers une pop ou une ultra\nComment réutiliser le kit sécurité ?\nA défaut, quelle est la compatibilité du kit avec d'autres solutions type home assistant ?\nMerci",bonjour njenvisage de migrer dune freebox delta vers une pop ou une ultrancomment réutiliser le kit sécurité na défaut quelle est la compatibilité du kit avec dautres solutions type home assistant nmerci,2025-11-03 15:52:31
1841082482671653006,2024-10-01 13:47:24 +02:00,mic216,@tjrpasfarell @free @FreeNtm Même soucis toi avec la wifi et du coup obligé de la relier avec un câble internet,même soucis toi avec la wifi et du coup obligé de la relier avec un câble internet,2025-11-03 15:52:31
1841107918734741915,2024-10-01 15:28:28 +02:00,hawkydoky,"@Freebox bonjour,\n\nJe viens de commander une Freebox, je vois qu'un technicien doit passer pour faire le raccordement.\nHors j'étais déjà raccordé à la fibre, via Sosh.\nDu coup j'ai du mal à comprendre le pourquoi de ce rdv.\n\nEst-ce que vous pourriez me renseigner svp?",bonjournnje viens de commander une freebox je vois quun technicien doit passer pour faire le raccordementnhors jétais déjà raccordé à la fibre via soshndu coup jai du mal à comprendre le pourquoi de ce rdvnnestce que vous pourriez me renseigner svp,2025-11-03 15:52:31
1841120319722971267,2024-10-01 16:17:45 +02:00,L0l0kidd,"Les #apple geek,\n\nLes HomePod mini, c’est géré par le lecteur @free pop ?",les geeknnles homepod mini cest géré par le lecteur pop,2025-11-03 15:52:31
1841137010574311820,2024-10-01 17:24:04 +02:00,UniversFreebox,Le lancement d’offres prépayées par Free Mobile se précise avec un nouvel indice https://t.co/PBm8Xb6uzi https://t.co/N7J3SvHosi,le lancement doffres prépayées par free mobile se précise avec un nouvel indice,2025-11-03 15:52:31
1841144784158687539,2024-10-01 17:54:58 +02:00,manceau_leo,"@freemobile @free bonjour, je n’ai pas résilier mon abonnement je déménage que se passe-t-il pouvez-vous régler cela ? impossible de renseigner le nouvel identifiant. https://t.co/5R0nwU5CL1",bonjour je nai pas résilier mon abonnement je déménage que se passetil pouvezvous régler cela impossible de renseigner le nouvel identifiant,2025-11-03 15:52:31
1841167675344536027,2024-10-01 19:25:55 +02:00,BERTHIERBruno,"Octobre 2024. Super Plateau de Saclay, technologie de pointe et grandes écoles.\nLa FIBRE n'est toujours pas à Villejust (91) au cabinet, à 15 kms de Paris, au cœur de l'agglo.\n@free n'a tjs de pas de date de déploiement @IgorTVillejust @agglopariSaclay\n@Xavier75\nLa honte non ?",octobre 2024 super plateau de saclay technologie de pointe et grandes écolesnla fibre nest toujours pas à villejust 91 au cabinet à 15 kms de paris au cœur de lagglon na tjs de pas de date de déploiement nnla honte non,2025-11-03 15:52:31
1841183188795654418,2024-10-01 20:27:34 +02:00,Optimusgenisis,"Merci @free de m’avoir couper la wifi et le fixe une semaine avant mon déménagement, franchement génial là j’ai plus de wifi et tout mes équipements inaccessibles, je songe à changer d’opérateur là ça me gonfle",merci de mavoir couper la wifi et le fixe une semaine avant mon déménagement franchement génial là jai plus de wifi et tout mes équipements inaccessibles je songe à changer dopérateur là ça me gonfle,2025-11-03 15:52:31
1841188231821607174,2024-10-01 20:47:36 +02:00,BrunoBevil28146,"Mars 2024 : Je souscris à un abonnement @Free incluant un pocket wifi. Excité à l'idée d'utiliser ce nouveau service. Spoiler : 8 mois plus tard, toujours rien.",mars 2024 je souscris à un abonnement incluant un pocket wifi excité à lidée dutiliser ce nouveau service spoiler 8 mois plus tard toujours rien,2025-11-03 15:52:31
1841190622377722213,2024-10-01 20:57:06 +02:00,CabalYoshi94,@free @Freebox c'est la pire connexion internet de l'histoire ! Heureusement je vais bénéficier d'un CSP le. Mois prochain et donc la perte d'un cdi pour pouvoir résilier seulement 1 mois après le début de mon abonnement 😘,cest la pire connexion internet de lhistoire heureusement je vais bénéficier dun csp le mois prochain et donc la perte dun cdi pour pouvoir résilier seulement 1 mois après le début de mon abonnement,2025-11-03 15:52:31
1841203104244502969,2024-10-01 21:46:42 +02:00,zoneadsl_panne,⚠#PANNE  FREEBOX EN COURS⚠\n 📡20 freenautes ont signalé des pannes #Internet sur le réseau #fibre de #Free depuis 19h28\n🌍Ville concernée : Witry-lès-Reims (51420)\n⬇️⬇️⬇️\nhttps://t.co/5syXsuGnbR,freebox en coursn 20 freenautes ont signalé des pannes sur le réseau de depuis 19h28nville concernée witrylèsreims 51420nn,2025-11-03 15:52:31
1841240984446750842,2024-10-02 00:17:13 +02:00,Bms936,J’me dis jv rentrer chez moi après ce match de merde allumer ma play et jouer un peu à fifa mais bien sûr que non j’ai pas de co \n\n@Freebox VOUS ÊTES LES PIRES !!!!!,jme dis jv rentrer chez moi après ce match de merde allumer ma play et jouer un peu à fifa mais bien sûr que non jai pas de co nn vous êtes les pires,2025-11-03 15:52:31
1841265429303673302,2024-10-02 01:54:22 +02:00,LamineGuirassy,Dimanche 6 octobre 2024 à 20h50 sur ⁦@espaceTV_gn⁩ disponible exclusivement sur ⁦@free⁩  c’est les oubliés de la république. Un documentaire de Mamadou Saliou BAH https://t.co/YKsnatphyi,dimanche 6 octobre 2024 à 20h50 sur disponible exclusivement sur cest les oubliés de la république un documentaire de mamadou saliou bah,2025-11-03 15:52:31
1841310450153079270,2024-10-02 04:53:15 +02:00,ateezofsan,sinon 0 internet 0 réseau pendant des heures et des heures et ce plusieurs fois par mois? on en a marre à force en fait et ça se ressent pas sur le facture du tout merci free bien sûr @Freebox @free @freemobile,sinon 0 internet 0 réseau pendant des heures et des heures et ce plusieurs fois par mois on en a marre à force en fait et ça se ressent pas sur le facture du tout merci free bien sûr,2025-11-03 15:52:31
1841368479061971285,2024-10-02 08:43:51 +02:00,Vince451,Plus aucun résumé de match sur l'appli @FreeFoot et aucune info ou communication de la part de @free ou @DAZN_FR 🫤,plus aucun résumé de match sur lappli et aucune info ou communication de la part de ou,2025-11-03 15:52:31
1841372080593395998,2024-10-02 08:58:09 +02:00,Frandroid,Vous pensiez ne pas être éligible à Free Family ? Free confirme le contraire !\n🔗 https://t.co/uaETw91YwE https://t.co/uaETw91YwE,vous pensiez ne pas être éligible à free family free confirme le contraire n,2025-11-03 15:52:31
1841373011816956139,2024-10-02 09:01:51 +02:00,doktor_flo,"Bonjour @free @Freebox,\nCela fait plus de deux mois que je n’ai pas internet.\nLorsque je téléphone au service client, on me répond qu’un technicien va me contacter dans les jours à venir et rien.\nDepuis deux mois !!\nQue fait on ??",bonjour ncela fait plus de deux mois que je nai pas internetnlorsque je téléphone au service client on me répond quun technicien va me contacter dans les jours à venir et rienndepuis deux mois nque fait on,2025-11-03 15:52:31
1841399299600437428,2024-10-02 10:46:19 +02:00,HapyNho,"Je vous donne RDV jeudi soir pour le meilleur des concepts de la chaîne ! 🙇‍♂️😎\n\nLa carrière des Twittos ça sera 2 lives chaque semaine consacré à 100% à ce projet ! 🥹\n\nChaque live je ferais en sorte d'avoir quelqu'un avec moi pour commenter, alors je vous attends nombreux ! 🫶🏻🙏🏻 https://t.co/Ri7IpFRk3s",je vous donne rdv jeudi soir pour le meilleur des concepts de la chaîne nnla carrière des twittos ça sera 2 lives chaque semaine consacré à 100 à ce projet nnchaque live je ferais en sorte davoir quelquun avec moi pour commenter alors je vous attends nombreux,2025-11-03 15:52:31
1841406624558162270,2024-10-02 11:15:25 +02:00,firstonegg,"Tellement triste de ne pas avoir la fibre 😭😭😭\nAlors que littéralement à 20 mètres ton voisin la , help me @free",tellement triste de ne pas avoir la fibre nalors que littéralement à 20 mètres ton voisin la help me,2025-11-03 15:52:31
1841437192863846651,2024-10-02 13:16:53 +02:00,ponceto91,". @Freebox nous n'avons plus d'internet à Massy, quartier avenue nationale, et ce depuis hier. Vous semblez faire des interventions de PM. Quand comptez-vous rétablir le réseau fibre du quartier ?",nous navons plus dinternet à massy quartier avenue nationale et ce depuis hier vous semblez faire des interventions de pm quand comptezvous rétablir le réseau fibre du quartier,2025-11-03 15:52:31
1841447981456707944,2024-10-02 13:59:45 +02:00,Jonathan_fmv,@Freebox panne de réseau à Nanterre,panne de réseau à nanterre,2025-11-03 15:52:31
1841471438143827980,2024-10-02 15:32:58 +02:00,k2a1m2,@Freebox j’ai besoin d’aide,jai besoin daide,2025-11-03 15:52:31
1841480914460725610,2024-10-02 16:10:37 +02:00,Castaka3,"Dites donc @Xavier75 @free vous pouvez m'expliquer pourquoi quand on a plus d'accès internet (fibre coupée), le player de la Free Rev ne fonctionne pas! Depuis quand il faut être connecté pour lire un dvd ou un enregistrement?",dites donc vous pouvez mexpliquer pourquoi quand on a plus daccès internet fibre coupée le player de la free rev ne fonctionne pas depuis quand il faut être connecté pour lire un dvd ou un enregistrement,2025-11-03 15:52:31
1841490920228696512,2024-10-02 16:50:23 +02:00,VonBeubars,@Free_1337 @free @Free_Normandie votre technicien a encore 11 minutes pour me contacter. Sinon je résilie. Après 12 ans de fidélité,votre technicien a encore 11 minutes pour me contacter sinon je résilie après 12 ans de fidélité,2025-11-03 15:52:31
1841508531909927187,2024-10-02 18:00:22 +02:00,tbokh,"Bonjour @free comment trouvez-vous la prestation de votre installateur fibre ? Câble qui pend dehors, découpe dégueulasse, porte en bois massif percée à l'arrache et abîmée à l'intérieur. C'est pas une installation, c'est un sabotage ça ! https://t.co/XIzcKDqXu1",bonjour comment trouvezvous la prestation de votre installateur fibre câble qui pend dehors découpe dégueulasse porte en bois massif percée à larrache et abîmée à lintérieur cest pas une installation cest un sabotage ça,2025-11-03 15:52:31
1841519941792543105,2024-10-02 18:45:42 +02:00,_LaurentHelaine,"Dites @free @Freebox @free\nPlus d’internet (plus de télé, plus de télétravail, plus de domotique…)\n\nPremier créneau pour envoyer un technicien et débuter l’analyse dans une semaine. \n\nUne semaine. \n\nAlors votre 5G, comment dire…",dites nplus dinternet plus de télé plus de télétravail plus de domotiquennpremier créneau pour envoyer un technicien et débuter lanalyse dans une semaine nnune semaine nnalors votre 5g comment dire,2025-11-03 15:52:31
1841530032877150716,2024-10-02 19:25:48 +02:00,bouyguestelecom,#Nouveau 📢 Bouygues Telecom lance B.iG 💥 Le pack Bbox + Forfaits #mobiles qui permet à toute la famille de faire des économies 😉 En savoir + 👉 https://t.co/JRUdDXObS5,bouygues telecom lance big le pack bbox forfaits qui permet à toute la famille de faire des économies en savoir,2025-11-03 15:52:31
1841533602170855794,2024-10-02 19:39:59 +02:00,BrunetElo,@free cliente depuis 20 ans - je reçois un appel de votre service commercial pour me proposer vos services - votre équipe n’est pas au courant - je pense que avez besoin au choix (multiple possible) d’un CRM et/ou de revoir vos process- en 2024 faut il en rire ou en pleurer ?,cliente depuis 20 ans je reçois un appel de votre service commercial pour me proposer vos services votre équipe nest pas au courant je pense que avez besoin au choix multiple possible dun crm etou de revoir vos process en 2024 faut il en rire ou en pleurer,2025-11-03 15:52:31
1841535946753507588,2024-10-02 19:49:18 +02:00,BGoulotte,Que notre maître saint Xavier écoute ma prière et l’applique aussi chez @free et toutes ses entités 🙏🙏🙏,que notre maître saint xavier écoute ma prière et lapplique aussi chez et toutes ses entités,2025-11-03 15:52:31
1841541902044102940,2024-10-02 20:12:58 +02:00,ArabeSympa,@free va bien ntm,va bien ntm,2025-11-03 15:52:31
1841543624112427157,2024-10-02 20:19:48 +02:00,Snayzyy,J’en peux plus de pas jouer sur mon setup @free remettez moi ma co je vais commencer à dire des folies,jen peux plus de pas jouer sur mon setup remettez moi ma co je vais commencer à dire des folies,2025-11-03 15:52:31
1841551984609907176,2024-10-02 20:53:02 +02:00,guillem_lefait,Puce @free en Martinique qui reçoit une alerte digicel à moitié en espagnol redirigeant sur une page en erreur 404.\nJe ne sais pas si c'est concluant surtout si l'alerte est prévue à 14:30 et est reçu à 14h44.\n@digicelgroup @Prefet972 https://t.co/FKHYdTaXsv,puce en martinique qui reçoit une alerte digicel à moitié en espagnol redirigeant sur une page en erreur 404nje ne sais pas si cest concluant surtout si lalerte est prévue à 1430 et est reçu à 14h44n,2025-11-03 15:52:31
1841558181811527808,2024-10-02 21:17:39 +02:00,lingzhefu,"@free des coupures internet QUOTIDIENNES et pas d’assistance, dois-je aller chez Orange ?",des coupures internet quotidiennes et pas dassistance doisje aller chez orange,2025-11-03 15:52:31
1841573092448952804,2024-10-02 22:16:54 +02:00,t_5502m,@free @Freebox \nJe veux contacter le service résiliation. Je ne paierais pas 45ct/minute https://t.co/Xqu88DzsE5,nje veux contacter le service résiliation je ne paierais pas 45ctminute,2025-11-03 15:52:31
1841573242991214999,2024-10-02 22:17:30 +02:00,Louaners_du13,"@theromainjf @bouyguestelecom @free Et en plus pour les nouveaux forfait free 5G avec Freebox c’est 9,99€/mois pendant un an puis 15,99€/mois dès la deuxième année",et en plus pour les nouveaux forfait free 5g avec freebox cest 999mois pendant un an puis 1599mois dès la deuxième année,2025-11-03 15:52:31
1841595529911804089,2024-10-02 23:46:04 +02:00,sanakro,"@Free_1337  que se passe-t-il soudain ?depuis 10' environ, la connexion de la box et la connexion mobile ont sauté toutes les 2 ! Secteur #strasbourg @Freebox @freemobile",que se passetil soudain depuis 10 environ la connexion de la box et la connexion mobile ont sauté toutes les 2 secteur,2025-11-03 15:52:31
1841599011695837260,2024-10-02 23:59:54 +02:00,adam_phior,Va falloir vous bougez le cul @free #strasbourg @Freebox,va falloir vous bougez le cul,2025-11-03 15:52:31
1841610779830677788,2024-10-03 00:46:40 +02:00,eachuc,"@free hi i did buy an unlimited data  plan with sim card free during olímpics ( august 2024) it supose to be one charge of 30 euros but you are still charging\nMe in my debit card in september and i am not longer using the Service , i would like to check this with you",hi i did buy an unlimited data plan with sim card free during olímpics august 2024 it supose to be one charge of 30 euros but you are still chargingnme in my debit card in september and i am not longer using the service i would like to check this with you,2025-11-03 15:52:31
1841717548376608899,2024-10-03 07:50:55 +02:00,reomri,"@free  plus de deux mois que j'ai signalé que de ma ligne Freebox delta  ne fonctionne pas et aucune information donner par l'opérateur, est ce que c'est normal. Ils arrivent même pas a réparer et je paye 60 Euro chaque mois pour rien , vous pousser  client à Changé d'opérateur",plus de deux mois que jai signalé que de ma ligne freebox delta ne fonctionne pas et aucune information donner par lopérateur est ce que cest normal ils arrivent même pas a réparer et je paye 60 euro chaque mois pour rien vous pousser client à changé dopérateur,2025-11-03 15:52:31
1841733960407097517,2024-10-03 08:56:08 +02:00,caumette_alexis,@Xavier75 @Freebox @free par pitié aidez moi 🥹 Nos nouveaux voisins ont écrasé notre ligne… Je suis en télétravail 🫠 on a plus rien depuis hier alors que c’est pas de notre faute 🫠 https://t.co/znsMbpyTMI,par pitié aidez moi nos nouveaux voisins ont écrasé notre ligne je suis en télétravail on a plus rien depuis hier alors que cest pas de notre faute,2025-11-03 15:52:31
1841736325415817359,2024-10-03 09:05:32 +02:00,starks_,"La baise, je viens de découvrir (car j'avais pas lu toutes les CGV) qu'en déménageant mon abonnement @Freebox je perdais ma remise pendant un an 🫠\nJ'ai reçu ma facture, ça fait mal\nOn fait quoi @free, on résilie ?",la baise je viens de découvrir car javais pas lu toutes les cgv quen déménageant mon abonnement je perdais ma remise pendant un an njai reçu ma facture ça fait malnon fait quoi on résilie,2025-11-03 15:52:31
1841778014067028382,2024-10-03 11:51:11 +02:00,jajadddhn,@free @Freebox plus internet depuis bientôt 24h en haute Savoie ???? Qu’est ce qu’il se passe ?,plus internet depuis bientôt 24h en haute savoie quest ce quil se passe,2025-11-03 15:52:31
1841801464403870206,2024-10-03 13:24:22 +02:00,Greg_tua,"Un problème avec @free ? \n\nPas de service réclamation en boutique physique ou au téléphone, opérateur de merde @Xavier75 tu devrais avoir honte",un problème avec nnpas de service réclamation en boutique physique ou au téléphone opérateur de merde tu devrais avoir honte,2025-11-03 15:52:31
1841805569629303169,2024-10-03 13:40:41 +02:00,Condescendant13,La Bbox ultym waouh je pleure de joie c’est incroyable je joue à fifa sans beuguer merci @bouyguestelecom je suis amoureux de vous ❤️❤️❤️❤️,la bbox ultym waouh je pleure de joie cest incroyable je joue à fifa sans beuguer merci je suis amoureux de vous,2025-11-03 15:52:31
1841808942067855367,2024-10-03 13:54:05 +02:00,t_5502m,@Freebox @free j’attends toujours une réponse de votre part,jattends toujours une réponse de votre part,2025-11-03 15:52:31
1841835863019327776,2024-10-03 15:41:04 +02:00,Lp5567795510533,"@Freebox bjr 3 jours ss accès aux services, un agent orange d’après l’assistance est passé chez moi alors que je n’ai pas bougé et sans m’avertir d’1 passage. Alors que je ne sais même pas quel est le problème. Il doit passer pourquoi?? Aucun diagnostic m’a été communiqué.",bjr 3 jours ss accès aux services un agent orange daprès lassistance est passé chez moi alors que je nai pas bougé et sans mavertir d1 passage alors que je ne sais même pas quel est le problème il doit passer pourquoi aucun diagnostic ma été communiqué,2025-11-03 15:52:31
1841873928291287434,2024-10-03 18:12:19 +02:00,luca2601_,@free niquez bien vos mères bande d’escroc 3 mois qu’on me donne pas de suite pour ma résiliation et maintenant zerma je vous dois 120€ ??? ALLEZ BIEN VOUS FAIRE ENCULEZ VOUS AUREZ PAS 1€,niquez bien vos mères bande descroc 3 mois quon me donne pas de suite pour ma résiliation et maintenant zerma je vous dois 120 allez bien vous faire enculez vous aurez pas 1,2025-11-03 15:52:31
1841880696375189956,2024-10-03 18:39:13 +02:00,MiCetF,"@free Plus d'un mois et toujours aucun remboursement d'une transaction annulée. Annoncé sous 15j, puis 30j. La boutique Free de Valence Victor Hugo n'aurait elle pas fait le nécessaire ?",plus dun mois et toujours aucun remboursement dune transaction annulée annoncé sous 15j puis 30j la boutique free de valence victor hugo naurait elle pas fait le nécessaire,2025-11-03 15:52:31
1841881462691307691,2024-10-03 18:42:15 +02:00,LilRacsus,@Freebox quand on prend un abonnement fibre chez vous c’est pas pour avoir une connexion ADSL du début des années 2000. Donc ça serait bien d’avoir ce pour quoi on paie s’il vous plait,quand on prend un abonnement fibre chez vous cest pas pour avoir une connexion adsl du début des années 2000 donc ça serait bien davoir ce pour quoi on paie sil vous plait,2025-11-03 15:52:31
1841889099923296567,2024-10-03 19:12:36 +02:00,abadinte,"Bonjour @Freebox, pourquoi est-ce que je reçois une facture en octobre alors que j'ai résilié mon abonnement en septembre ?",bonjour pourquoi estce que je reçois une facture en octobre alors que jai résilié mon abonnement en septembre,2025-11-03 15:52:31
1841934588194480298,2024-10-03 22:13:21 +02:00,TheoLavabo9979,Free Magnier vous le cul tout les soirs que des bug de réseaux 50€ tout les mois pour avoir une connexion de merde régler vos serveur de merde svp @free,free magnier vous le cul tout les soirs que des bug de réseaux 50 tout les mois pour avoir une connexion de merde régler vos serveur de merde svp,2025-11-03 15:52:31
1841936981384728755,2024-10-03 22:22:52 +02:00,DaruomD,J'espère que ma @Freebox va finir sa mise à jour avant que je finisse ma vie.,jespère que ma va finir sa mise à jour avant que je finisse ma vie,2025-11-03 15:52:31
1841940331996000266,2024-10-03 22:36:11 +02:00,lightshinono,.@free  j’ai 300 de ping là au boulot https://t.co/A4N3pWWUrg,jai 300 de ping là au boulot,2025-11-03 15:52:31
1841940933459505251,2024-10-03 22:38:34 +02:00,Barry_Guiler,@Freebox C'est normal de passer d'une connexion fibre à une connexion 56kbps ? 300ms de ping vers n'importe quelle destination. Pas mieux en 4G. Gros soucis en cours. #freebox #Incident,cest normal de passer dune connexion fibre à une connexion 56kbps 300ms de ping vers nimporte quelle destination pas mieux en 4g gros soucis en cours,2025-11-03 15:52:31
1841941406870589943,2024-10-03 22:40:27 +02:00,DyRize_,Une mise à jour de la box à 22h\nUn débit internet très instable\nUne connexion en 5G plutôt moyenne et qui passe vraiment pas de partout\nUn player TV qu’on doit reboot tous les 4 allumages car il n’arrive pas à se connecter en Wifi\n\nJ’crois que j’vais me tirer de chez vous @free,une mise à jour de la box à 22hnun débit internet très instablenune connexion en 5g plutôt moyenne et qui passe vraiment pas de partoutnun player tv quon doit reboot tous les 4 allumages car il narrive pas à se connecter en wifinnjcrois que jvais me tirer de chez vous,2025-11-03 15:52:31
1841941764330160316,2024-10-03 22:41:52 +02:00,Ayz_0909,@free  C’est chaud quand même là https://t.co/wMzjjU31EQ,cest chaud quand même là,2025-11-03 15:52:31
1841942417349493127,2024-10-03 22:44:28 +02:00,RamizLeCeleste,@Freebox il se passe quoi avec votre connexion internet là ????\n\nFrr je peux même pas jouer à la PS5 ni naviguer sur internet pourquoi rien ne vas chez vous bordel de merde ???,il se passe quoi avec votre connexion internet là nnfrr je peux même pas jouer à la ps5 ni naviguer sur internet pourquoi rien ne vas chez vous bordel de merde,2025-11-03 15:52:31
1841942840613683670,2024-10-03 22:46:09 +02:00,inconnu411_,@free y’en a marre de vous sérieux ! Que de problèmes avec internet chez vous !,yen a marre de vous sérieux que de problèmes avec internet chez vous,2025-11-03 15:52:31
1841943789339820112,2024-10-03 22:49:55 +02:00,Nissa_la_Bella,Merci Free de niquer ma soirée ça serait possible d’avoir une connexion viable ? À défaut de jouer à la play j’aimerais pouvoir regarder au moins Netflix en qualité appréciable.. @free @Freebox,merci free de niquer ma soirée ça serait possible davoir une connexion viable à défaut de jouer à la play jaimerais pouvoir regarder au moins netflix en qualité appréciable,2025-11-03 15:52:31
1841944832039698797,2024-10-03 22:54:04 +02:00,Fredo384450,"@free \n@NetflixFR \nBonjour, pourquoi ai-je de la publicité maintenant sur #Netflix ? Je n'ai pas changé de contrat ?",n nbonjour pourquoi aije de la publicité maintenant sur je nai pas changé de contrat,2025-11-03 15:52:31
1841947395241759137,2024-10-03 23:04:15 +02:00,DDramos13,@free je sais pas ce qui m’a prit de prendre un abonnement internet et mobile chez vous. J’ai actuellement la pire connexion possible https://t.co/dNhFxBfiCR,je sais pas ce qui ma prit de prendre un abonnement internet et mobile chez vous jai actuellement la pire connexion possible,2025-11-03 15:52:31
1841972491138343140,2024-10-04 00:43:58 +02:00,287_ooo,@free ça commence à casser les couilles,ça commence à casser les couilles,2025-11-03 15:52:31
1842086163709861955,2024-10-04 08:15:40 +02:00,GDabiSchwebel,C'est inadmissible @Freebox et Max je suis facturé pour cet abonnement sans pouvoir me desabonner ni sur Max ni sur Free,cest inadmissible et max je suis facturé pour cet abonnement sans pouvoir me desabonner ni sur max ni sur free,2025-11-03 15:52:31
1842093221767221544,2024-10-04 08:43:43 +02:00,LocaDeAltar,"@Freebox trois jours sans réseau. C’est mon outil de travail. Personne réponds au téléphone.\n Un ticket ouvert ne change rien. J’aimerais savoir quand le reseau sera rétabli. \nPas de réponse claire, nous résilierons notre contrat ce soir. Nous sommes fatigués de votre service.",trois jours sans réseau cest mon outil de travail personne réponds au téléphonen un ticket ouvert ne change rien jaimerais savoir quand le reseau sera rétabli npas de réponse claire nous résilierons notre contrat ce soir nous sommes fatigués de votre service,2025-11-03 15:52:31
1842106592273080830,2024-10-04 09:36:50 +02:00,SLfarh,"Plus de connection internet @free depuis début MARS 2024.\nAucun suivi ou rappel et ce malgré de nombreux contacts avec vos services. \nCinq mois à payer un service inexistant soit 149,50€.\nEn OCTOBRE, j'arrête mes prélèvements, on augmente mon abonnement et me réclame DES FRAIS !",plus de connection internet depuis début mars 2024naucun suivi ou rappel et ce malgré de nombreux contacts avec vos services ncinq mois à payer un service inexistant soit 14950nen octobre jarrête mes prélèvements on augmente mon abonnement et me réclame des frais,2025-11-03 15:52:31
1842128911347404959,2024-10-04 11:05:32 +02:00,MNeilvyn,"@mehdi_benadel @free @Freebox @Free_1337 De ce qu’on m’a dit c’est lié au tram, on aurait dû récupérer jeudi 3/10 mais toujours rien, aucune communication que ce soit par sms ou mail , ni même pour nous prévenir. Le SAV n’a aucune info vu qu’ils font intervenir des techniciens d’Orange. \n@Free_1337",de ce quon ma dit cest lié au tram on aurait dû récupérer jeudi 310 mais toujours rien aucune communication que ce soit par sms ou mail ni même pour nous prévenir le sav na aucune info vu quils font intervenir des techniciens dorange n,2025-11-03 15:52:31
1842138425563992555,2024-10-04 11:43:20 +02:00,ZreeXx5,"@Freebox hello plus de connexion e mende, normal ?",hello plus de connexion e mende normal,2025-11-03 15:52:31
1842184732928331830,2024-10-04 14:47:21 +02:00,l_inculte,Bonjour Mr @Xavier75 est il normal que je vous avance toutes les semaines 10€ parceque vous avez un disfonctionnement dans votre société @free \nVotre collaborateur me propose de faire l'avance et que je serai remboursé plus tard sous peine de me couper le service j'ai 5 lignes,bonjour mr est il normal que je vous avance toutes les semaines 10 parceque vous avez un disfonctionnement dans votre société nvotre collaborateur me propose de faire lavance et que je serai remboursé plus tard sous peine de me couper le service jai 5 lignes,2025-11-03 15:52:31
1842199113514803506,2024-10-04 15:44:29 +02:00,fares38210,@free @Freebox @XpFibre @Xavier75 C'est normal qu'il faille attendre une semaine pour qu'une serrure d'une porte du point de mutualisation fibre soit réparé un jour ? Ça fait une semaine que j'attends que tout ça soit résolu. Un technicien s'est déplacé 2 fois et rien n'est fait.,cest normal quil faille attendre une semaine pour quune serrure dune porte du point de mutualisation fibre soit réparé un jour ça fait une semaine que jattends que tout ça soit résolu un technicien sest déplacé 2 fois et rien nest fait,2025-11-03 15:52:31
1842201203985277424,2024-10-04 15:52:48 +02:00,MargauxTano,@free j'ai passé 20mn avec un conseiller au téléphone pour lui expliquer que je ne souhaitais pas payer une facture qui va jusqu'au 31 octobre alors que ma résiliation sera effective le 11 octobre. Il m'a bien fait comprendre que je n'étais plus cliente chez lui donc que ce (1),jai passé 20mn avec un conseiller au téléphone pour lui expliquer que je ne souhaitais pas payer une facture qui va jusquau 31 octobre alors que ma résiliation sera effective le 11 octobre il ma bien fait comprendre que je nétais plus cliente chez lui donc que ce 1,2025-11-03 15:52:31
1842206559587143873,2024-10-04 16:14:05 +02:00,Sabrinoush67200,@mehdi_benadel @free @Freebox @Free_1337 Askip c’est tout le quartier de koenig ils m’ont dit rétabli le 7 octobre ça fait 3 jours j’ai plus aucune connexion j’ai envie de tout brûler,askip cest tout le quartier de koenig ils mont dit rétabli le 7 octobre ça fait 3 jours jai plus aucune connexion jai envie de tout brûler,2025-11-03 15:52:31
1842211242334638378,2024-10-04 16:32:41 +02:00,arale_norimakii,Ça marche chez vous ? @Freebox #freebox,ça marche chez vous,2025-11-03 15:52:31
1842214054779064394,2024-10-04 16:43:51 +02:00,Reverend_Jo,"@free d'après la carte fibre de l’equipementier passé dans mon village , ma maison est éligible à la fibre mais quand je vous demande la fibre vous me dites le contraire par mail. On fait comment, je vais chez un concurrent ou je vais réussir à avoir quelqu’un pour en parler ?",daprès la carte fibre de lequipementier passé dans mon village ma maison est éligible à la fibre mais quand je vous demande la fibre vous me dites le contraire par mail on fait comment je vais chez un concurrent ou je vais réussir à avoir quelquun pour en parler,2025-11-03 15:52:31
1842225752663605596,2024-10-04 17:30:20 +02:00,CreatisJ24318,Donc j'appel @Freebox pour une montee en gamme revolution vers --&gt; ultra (avec netflix prime ect) je souhaite beneficier des frais de migration et/ou avoir le tarif nouveau client : Non ok bha go chez @Sosh_fr  comme les mobiles https://t.co/RYDvZrFJpo,donc jappel pour une montee en gamme revolution vers gt ultra avec netflix prime ect je souhaite beneficier des frais de migration etou avoir le tarif nouveau client non ok bha go chez comme les mobiles,2025-11-03 15:52:31
1842226009338224733,2024-10-04 17:31:22 +02:00,__KSmash,"Bonjour @free @Freebox vous bossez aujourd'hui ? Car depuis ce matin 9h, pas de réponse de votre part. Vous êtes plus réactif pour me facturer 10e supplémentaire tous les mois sans m'en avertir... et contre mon consentement...",bonjour vous bossez aujourdhui car depuis ce matin 9h pas de réponse de votre part vous êtes plus réactif pour me facturer 10e supplémentaire tous les mois sans men avertir et contre mon consentement,2025-11-03 15:52:31
1842238743836573757,2024-10-04 18:21:58 +02:00,Flow0490,@free     je crois que je vais passer chez la concurrence hein  je paye 45 euros par mois ça fait chère quand meme https://t.co/A25PG0IeNc,je crois que je vais passer chez la concurrence hein je paye 45 euros par mois ça fait chère quand meme,2025-11-03 15:52:31
1842245503443976302,2024-10-04 18:48:49 +02:00,Zaza_Styles5,bon pour avoir de la 4G qui marche chez free on doit faire quoi 🫠@free @Freebox,bon pour avoir de la 4g qui marche chez free on doit faire quoi,2025-11-03 15:52:31
1842247510951100445,2024-10-04 18:56:48 +02:00,cedric_cuny_,"@Freebox les techniciens qu’on a au téléphone c’est des incapables. le mec me demande de débrancher et rebrancher ma box, j’attends 5min, 10min, il parle pas, je demande ce qu’il en est et plus de réponse ! je fais quoi moi ? @Xavier75 @free",les techniciens quon a au téléphone cest des incapables le mec me demande de débrancher et rebrancher ma box jattends 5min 10min il parle pas je demande ce quil en est et plus de réponse je fais quoi moi,2025-11-03 15:52:31
1842248014770950631,2024-10-04 18:58:48 +02:00,jras_63,"""Freebox POP : 76 ✂️ coupures internet en une journée, record battu ! Et maintenant plus du tout d internet...Merci Free, j'ai vraiment 😫 rien compris."" \n\n@free @Freebox @free @Xavier75 https://t.co/7NpobPguGb",freebox pop 76 coupures internet en une journée record battu et maintenant plus du tout d internetmerci free jai vraiment rien compris nn,2025-11-03 15:52:31
1842255782441623940,2024-10-04 19:29:40 +02:00,dorzyo,@free j'adore free pr le prix mais alors qu'est-ce que le service est nul sur hotline et en boutique ! L'IA n'aura pas de mal à remplacer vos hotline vu le type de réponse que l'on a . Être courtois est bien mais ne pas réussir à résoudre les problèmes c'est usant !\n@Xavier75,jadore free pr le prix mais alors questce que le service est nul sur hotline et en boutique lia naura pas de mal à remplacer vos hotline vu le type de réponse que lon a être courtois est bien mais ne pas réussir à résoudre les problèmes cest usant n,2025-11-03 15:52:31
1842284822066262404,2024-10-04 21:25:04 +02:00,mayima_,Cela fait 3 jrs que j’ai plus internet chez moi. Je désabonne de @free c’est fini. J’ai eu le même coup l’an dernier.,cela fait 3 jrs que jai plus internet chez moi je désabonne de cest fini jai eu le même coup lan dernier,2025-11-03 15:52:31
1842416215274271042,2024-10-05 06:07:10 +02:00,Elbanca,Est-ce qu’il y a des conseillers capables de me répondre chez @free ?\n\nJe suis victime d’une sorte d’arnaque de votre part @Freebox,estce quil y a des conseillers capables de me répondre chez nnje suis victime dune sorte darnaque de votre part,2025-11-03 15:52:31
1842461680002888068,2024-10-05 09:07:50 +02:00,fawazleila2,@Freebox depuis le 02 octobre nous sommes plusieurs à ne plus avoir internet ( incident collectif) impossible d'avoir des nouvelles sur l'avancement et impossible d'avoir qqun au service client normal ? @Xavier75 un peu plus d'humain serait bien...,depuis le 02 octobre nous sommes plusieurs à ne plus avoir internet incident collectif impossible davoir des nouvelles sur lavancement et impossible davoir qqun au service client normal un peu plus dhumain serait bien,2025-11-03 15:52:31
1842473637888102444,2024-10-05 09:55:21 +02:00,joeprevel,@Freebox \nVoilà une semaine que nous sommes coupé du monde suite à des incidents sur notre ligne!!!\nAucunes réponses de Free si ce n'est sur la prise en charge de l'incident !!! Aucun numéro de téléphone afin de parler à autre chose qu'une messagerie vocale !!!,nvoilà une semaine que nous sommes coupé du monde suite à des incidents sur notre lignenaucunes réponses de free si ce nest sur la prise en charge de lincident aucun numéro de téléphone afin de parler à autre chose quune messagerie vocale,2025-11-03 15:52:31
1842476035654185057,2024-10-05 10:04:53 +02:00,SO3HSbF5,"Cela fait aujourd'hui un mois que nous sommes privés d'internet.\n\n@free est dans l'incapacité de résoudre le problème et de nous donner un délai, c'est effarant.\n\ncc @UFCquechoisir @Arcep",cela fait aujourdhui un mois que nous sommes privés dinternetnn est dans lincapacité de résoudre le problème et de nous donner un délai cest effarantnncc,2025-11-03 15:52:31
1842477724390105387,2024-10-05 10:11:35 +02:00,comptexrumi,@Freebox je n’arrive pas a rétracter mon abonnement 😃 et votre ligne téléphonique ne me permet pas de le faire,je narrive pas a rétracter mon abonnement et votre ligne téléphonique ne me permet pas de le faire,2025-11-03 15:52:31
1842492526181167370,2024-10-05 11:10:24 +02:00,tpoommm,PUTAIN NIQUE VOS  MERES LES PUTES @free je paye 50€ pour être déco en pleine game ptn,putain nique vos meres les putes je paye 50 pour être déco en pleine game ptn,2025-11-03 15:52:31
1842514388533608470,2024-10-05 12:37:17 +02:00,Daaav__,"Ma Freebox est bloqué a l’étape 2 depuis 24 heures, est ce que c’est normal @free @Freebox",ma freebox est bloqué a létape 2 depuis 24 heures est ce que cest normal,2025-11-03 15:52:31
1842584893261566113,2024-10-05 17:17:26 +02:00,CharlieMP_Blue,Message en rimes riches à @free https://t.co/3cptJYyUde,message en rimes riches à,2025-11-03 15:52:31
1842609733641056391,2024-10-05 18:56:09 +02:00,seb_al,"@Xavier75 @GroupeIliad @free @Free_NvAquit @Freebox\n\nMerci Free pour ces plus de 20 ans de cohabitation, Internet et téléphonie.\nJ'ai eu Free, parce que j'avais tout compris mais il aura fallu le passage à la fibre et la volonté d'un changement de box, pour que tu révèles.",nnmerci free pour ces plus de 20 ans de cohabitation internet et téléphonienjai eu free parce que javais tout compris mais il aura fallu le passage à la fibre et la volonté dun changement de box pour que tu révèles,2025-11-03 15:52:31
1842829008393662942,2024-10-06 09:27:28 +02:00,DrNossTV,"@free bonjour, ça serait bien de régler vos problèmes d'adsl... Internet qui se coupe toutes les 5 10min, c'est chiant",bonjour ça serait bien de régler vos problèmes dadsl internet qui se coupe toutes les 5 10min cest chiant,2025-11-03 15:52:31
1842843465383624759,2024-10-06 10:24:55 +02:00,fight_nhl,@Freebox hey freebox un débit de 1.70 Mbit/s en téléchargement pour 32€/mois en fibre c'est normal ? \nJe suis sur Tarbes (65000),hey freebox un débit de 170 mbits en téléchargement pour 32mois en fibre cest normal nje suis sur tarbes 65000,2025-11-03 15:52:31
1842897640674971851,2024-10-06 14:00:11 +02:00,Nasssssuuu,@free allo à l'aide vous pouvez rétabli la connexion internet avec ma box svp ça fait depuis vendredi aprem la @Freebox c'est quoi votre soucis bande de fainéant,allo à laide vous pouvez rétabli la connexion internet avec ma box svp ça fait depuis vendredi aprem la cest quoi votre soucis bande de fainéant,2025-11-03 15:52:31
1842951439825731809,2024-10-06 17:33:58 +02:00,chersmokes,je paye 55€/mois faut vraiment m'expliquer là @free https://t.co/wqpfyIzn19,je paye 55mois faut vraiment mexpliquer là,2025-11-03 15:52:31
1842965555407634547,2024-10-06 18:30:03 +02:00,nazgulinet,"@Freebox  on n’a aucune réponse malgré toutes nos sollicitations, est-ce qu’il y a un problème ? https://t.co/lQGkGBx9Lj",on na aucune réponse malgré toutes nos sollicitations estce quil y a un problème,2025-11-03 15:52:31
1842980585134043258,2024-10-06 19:29:47 +02:00,afvfcf,"@zoneadsl_panne\n@free\n@Freebox\nJ'en ai assez de la freebox elle ne marche plus du tout depuis 3 jours, ni internet, ni tv sans raison !!! Je suis obligée de payer une clé4G pour internet......",nnnjen ai assez de la freebox elle ne marche plus du tout depuis 3 jours ni internet ni tv sans raison je suis obligée de payer une clé4g pour internet,2025-11-03 15:52:31
1843002441052393711,2024-10-06 20:56:37 +02:00,t_alaarcon,@free c’est vraiment des trdbl ça fait 3 semaines ma grand mère elle a pas de fibre ça t’envoie des techniciens bien cons qui coupent la fibre des voisins et ils te font la même quand un voisin appel mdr j’comprends après pourquoi y’a des gens ils tabassent les techniciens,cest vraiment des trdbl ça fait 3 semaines ma grand mère elle a pas de fibre ça tenvoie des techniciens bien cons qui coupent la fibre des voisins et ils te font la même quand un voisin appel mdr jcomprends après pourquoi ya des gens ils tabassent les techniciens,2025-11-03 15:52:31
1843008199215263893,2024-10-06 21:19:30 +02:00,Saluuudo,"5 jours de travaux qui étaient sensés en durée 3, les techniciens sont partis sans nous rebrancher pitié à l'aide @free @Xavier75",5 jours de travaux qui étaient sensés en durée 3 les techniciens sont partis sans nous rebrancher pitié à laide,2025-11-03 15:52:31
1843048832936124872,2024-10-07 00:00:58 +02:00,dearchriss_,@free @Freebox je résilie tout demain ☺️☺️ j’ai pris rdv avec un technicien pour mardi et le rendez-vous s’annule tout seul ! Non merci ! Pas de réseau « fibre » depuis vendredi c’est indécent ! Des suggestions d’autres opérateurs ?,je résilie tout demain jai pris rdv avec un technicien pour mardi et le rendezvous sannule tout seul non merci pas de réseau fibre depuis vendredi cest indécent des suggestions dautres opérateurs,2025-11-03 15:52:31
1843191261408444521,2024-10-07 09:26:56 +02:00,GrumoBlog,"Bonjour @Freebox  @Free_1337 On a plus de fibre depuis presque 1 semaine sur Strasbourg aux alentours de la route des romains, vous avez des infos ?",bonjour on a plus de fibre depuis presque 1 semaine sur strasbourg aux alentours de la route des romains vous avez des infos,2025-11-03 15:52:31
1843228909099532593,2024-10-07 11:56:32 +02:00,zBlackk__,@Freebox Moyen de récupérer la Télé et la Connexion ??,moyen de récupérer la télé et la connexion,2025-11-03 15:52:31
1843232844224844001,2024-10-07 12:12:10 +02:00,GP_1899,@Freebox normal de plus avoir internet et TV ? Panne générale ?,normal de plus avoir internet et tv panne générale,2025-11-03 15:52:31
1843233575862505601,2024-10-07 12:15:04 +02:00,Benj2638,@free avec free vous avez tous compris. N'y allez pas. J'attends toujours un dépannage depuis 3mois,avec free vous avez tous compris ny allez pas jattends toujours un dépannage depuis 3mois,2025-11-03 15:52:31
1843301427609059688,2024-10-07 16:44:41 +02:00,GrumoBlog,"bonjour @dnatweets il y  une grosse coupure internet Free tout autour des travaux du tram de la route des romains à Strasbourg et ça depuis 5 jours, apparemment personne n'a d'info (aucune réponse de @Freebox ou @Free_1337). Vous êtes au courant de quelques chose ?",bonjour il y une grosse coupure internet free tout autour des travaux du tram de la route des romains à strasbourg et ça depuis 5 jours apparemment personne na dinfo aucune réponse de ou vous êtes au courant de quelques chose,2025-11-03 15:52:31
1843306081076064473,2024-10-07 17:03:11 +02:00,OmaewaYass,Déjà comment ça se fait on est chez @free depuis 2006 et on a pas de cadeau de fidélité genre une télé de fou ?,déjà comment ça se fait on est chez depuis 2006 et on a pas de cadeau de fidélité genre une télé de fou,2025-11-03 15:52:31
1843314722344681872,2024-10-07 17:37:31 +02:00,fafatwiter,@Freebox ce serait possible d'avoir un retour mon ticket incident tjrs en cours bloqué sur étape 2 mais aucune information depuis ce matin 9h.,ce serait possible davoir un retour mon ticket incident tjrs en cours bloqué sur étape 2 mais aucune information depuis ce matin 9h,2025-11-03 15:52:31
1843330786654847125,2024-10-07 18:41:21 +02:00,neofutur,@free @Free_1337 @Freebox  encore une fois tout le #aveyron se retrouve sans internet free. Ca arrive au moins deux fois par mois en ce moment. la qualité de service est de plus en plus déplorable https://t.co/zoX8mniDh4 .,encore une fois tout le se retrouve sans internet free ca arrive au moins deux fois par mois en ce moment la qualité de service est de plus en plus déplorable,2025-11-03 15:52:31
1843333466026586446,2024-10-07 18:52:00 +02:00,Yoyopsg,"Je dois attendre une semaine pour avoir un technicien pour qu’il intervienne chez moi car la box fonctionne pas… @free on va pas être copain, ça sent la séparation !",je dois attendre une semaine pour avoir un technicien pour quil intervienne chez moi car la box fonctionne pas on va pas être copain ça sent la séparation,2025-11-03 15:52:31
1843360530993750434,2024-10-07 20:39:33 +02:00,Braizefn1,@free j'en peux plus de vous sah c'est trop chiant https://t.co/KoSX5kYOOl,jen peux plus de vous sah cest trop chiant,2025-11-03 15:52:31
1843364269431370068,2024-10-07 20:54:24 +02:00,jy,"@Freebox coucou. Y'a quelques bugs dans l'appli iOS Free et le site mobile qui empêchent de saisir une heure de RDV Free Proxi, je peux faire suivre ça à qui ?",coucou ya quelques bugs dans lappli ios free et le site mobile qui empêchent de saisir une heure de rdv free proxi je peux faire suivre ça à qui,2025-11-03 15:52:31
1843367943247458461,2024-10-07 21:09:00 +02:00,ELYNE95,"@free Messages les 5/9 et 7/9 via WhatsApp, mais non lus donc AUCUN retour : 1ère année et des problèmes TV + Mobile = Méga Déception !!!",messages les 59 et 79 via whatsapp mais non lus donc aucun retour 1ère année et des problèmes tv mobile méga déception,2025-11-03 15:52:31
1843415567019192572,2024-10-08 00:18:14 +02:00,JordananasTV,"MA CO QUI CRASH JUSTE AVANT SPARKING ZERO ! @Freebox JE VOUS AIMES, MAIS LA JE VAIS TOUT CASSER AHHHHHHHHHHHHH https://t.co/S5VmYqCd5p",ma co qui crash juste avant sparking zero je vous aimes mais la je vais tout casser ahhhhhhhhhhhhh,2025-11-03 15:52:31
1843536287724384496,2024-10-08 08:17:56 +02:00,rejsmont,"hey @free ! c'est fini une semaine je n'ai plus internet, plus de téléphone et plus de télé. malgré plusieurs tentatives de contact votre équipe de Paris Tolbiac n'a pas répondu. est ce la qualité de service que vous visez ?",hey cest fini une semaine je nai plus internet plus de téléphone et plus de télé malgré plusieurs tentatives de contact votre équipe de paris tolbiac na pas répondu est ce la qualité de service que vous visez,2025-11-03 15:52:31
1843552369503617084,2024-10-08 09:21:51 +02:00,Roxanezero,"@Freebox bonjour, je n'arrive pas à avoir quelqu'un au téléphone. Suite à une coupure sur ma ligne j'avais rendez vous avec un technicien vendredi mais le rendez vous à été annulé et je ne sais pas pourquoi. Pouvez-vous m'aider ? Merci",bonjour je narrive pas à avoir quelquun au téléphone suite à une coupure sur ma ligne javais rendez vous avec un technicien vendredi mais le rendez vous à été annulé et je ne sais pas pourquoi pouvezvous maider merci,2025-11-03 15:52:31
1843579429781676309,2024-10-08 11:09:22 +02:00,tsunami_josuke,@free on vous appelle pour un problème on nous dit vous aussi vous avez un accident technique est-ce que c’est sérieux ça ???,on vous appelle pour un problème on nous dit vous aussi vous avez un accident technique estce que cest sérieux ça,2025-11-03 15:52:31
1843590394405077056,2024-10-08 11:52:56 +02:00,webphil59,"Toujours aussi peu sérieux @freebox cloture ligne, materiel retourné et reçu par Free le  6 aout mais reception d'un sms le 2 octobre :Bonjour Veuillez renvoyer votre matériel Freebox (ligne ***) en recommandé à ""Freebox Résiliation C/O PUBLIDISPATCH",toujours aussi peu sérieux cloture ligne materiel retourné et reçu par free le 6 aout mais reception dun sms le 2 octobre bonjour veuillez renvoyer votre matériel freebox ligne en recommandé à freebox résiliation co publidispatch,2025-11-03 15:52:31
1843598596509438072,2024-10-08 12:25:32 +02:00,manu_zebi,"Bonjour @free @Xavier75,\nC’est normal que mon adresse soit éligible à la fibre chez @bouyguestelecom @Orange_France et @SFR mais pas chez vous ?\nIl y a deux mois, un technicien Free m’avait dit qu’il y a eu du retard sur la commande de la route optique mais toujours pas de news…",bonjour ncest normal que mon adresse soit éligible à la fibre chez et mais pas chez vous nil y a deux mois un technicien free mavait dit quil y a eu du retard sur la commande de la route optique mais toujours pas de news,2025-11-03 15:52:31
1843602314046910955,2024-10-08 12:40:18 +02:00,RagnarGames13,4ème coupure d'Internet et réseau mobile en moins de 15 jours @Freebox Rien contre vous au contraire mais ça commence à faire beaucoup. Vous voulez pas mettre des grosses clôtures électriques pour éviter les sabotages ? 😂,4ème coupure dinternet et réseau mobile en moins de 15 jours rien contre vous au contraire mais ça commence à faire beaucoup vous voulez pas mettre des grosses clôtures électriques pour éviter les sabotages,2025-11-03 15:52:31
1843623763201413306,2024-10-08 14:05:32 +02:00,mallozhruz,"ca faisait longtemps que ca n'était pas arrivé, mais la perte de synchro et blocage en etape 3 sur la ligne @Freebox après plusieurs anomalies ces derniers jours, ca exaspère\nTicket ouvert, mais technicien centre d'appel totalement malpoli.",ca faisait longtemps que ca nétait pas arrivé mais la perte de synchro et blocage en etape 3 sur la ligne après plusieurs anomalies ces derniers jours ca exaspèrenticket ouvert mais technicien centre dappel totalement malpoli,2025-11-03 15:52:31
1843627776680624301,2024-10-08 14:21:29 +02:00,jras_63,"""Chez Free, on résout les problèmes en un clin d’œil : on vous explique que c’est toujours la faute de l’opérateur historique ! 🔄 #ServiceClientPremium #ProblèmePasRésolu""\n\n@Free_1337 @free @Freebox @Xavier75 https://t.co/il669Zejvb",chez free on résout les problèmes en un clin dœil on vous explique que cest toujours la faute de lopérateur historique nn,2025-11-03 15:52:31
1843653838949224635,2024-10-08 16:05:03 +02:00,xXDeeZy21Xx,A tout les techniciens @free @Orange_France et autres . Ça vous fait vraiment pas chier de débrancher quelqu'un qui a besoin d'internet pour mettre un autre a la place et ça 5 fois en 1 semaine ?!,a tout les techniciens et autres ça vous fait vraiment pas chier de débrancher quelquun qui a besoin dinternet pour mettre un autre a la place et ça 5 fois en 1 semaine,2025-11-03 15:52:31
1843663557327761861,2024-10-08 16:43:40 +02:00,fivoire,@free bonjour il est impossible d’avoir un conseiller au téléphone ?,bonjour il est impossible davoir un conseiller au téléphone,2025-11-03 15:52:31
1843664052272411001,2024-10-08 16:45:38 +02:00,Blessing_blesse,Fuck @free et leur co de merde,fuck et leur co de merde,2025-11-03 15:52:31
1843670642262176174,2024-10-08 17:11:49 +02:00,RajahMeow,Mdrrr depuis que je suis passée chez @free ma wifi bug constamment c’est insupportable,mdrrr depuis que je suis passée chez ma wifi bug constamment cest insupportable,2025-11-03 15:52:31
1843671826695881085,2024-10-08 17:16:31 +02:00,zedanrocks,"Bonjour @freemobile ça environ 15 jours que je suis sans connexion. 15 jours que votre service client me balade d'excuses en excuses. C'en est assez. Une intervention a été faite, a privé et prive mon logement d'internet. Vous vous bougez un peu le popotin ?\nCordialement.",bonjour ça environ 15 jours que je suis sans connexion 15 jours que votre service client me balade dexcuses en excuses cen est assez une intervention a été faite a privé et prive mon logement dinternet vous vous bougez un peu le popotin ncordialement,2025-11-03 15:52:31
1843686377206231521,2024-10-08 18:14:21 +02:00,thieumphone,"@Freebox #fibre @free #nice\nBonjour Free,\nComment ont fait quand l'immeuble où j'habite a Nice n'est fibré par aucun opérateur ? Des connexions en ADSL en bas débit, fin 2024 ça pique !  Rue barberis, 06 Nice",nbonjour freencomment ont fait quand limmeuble où jhabite a nice nest fibré par aucun opérateur des connexions en adsl en bas débit fin 2024 ça pique rue barberis 06 nice,2025-11-03 15:52:31
1843698547780399167,2024-10-08 19:02:42 +02:00,vmf21462,@Freebox pouvez vous m'expliquer pourquoi il n'y a que les chaînes du groupe Canal+ qui ne fonctionnent pas,pouvez vous mexpliquer pourquoi il ny a que les chaînes du groupe canal qui ne fonctionnent pas,2025-11-03 15:52:31
1843721510550417717,2024-10-08 20:33:57 +02:00,CapasPasca2523,@freebox ptn ma box saute tous les 5min la vous faites quoi,ptn ma box saute tous les 5min la vous faites quoi,2025-11-03 15:52:31
1843729949079023713,2024-10-08 21:07:29 +02:00,Shiro__Yue,Salut @free @freemobile ^^\nEst-ce que vous trouvez ça normal que ça fait deux jours que la connexion se coupe comme par hasard à la même heure ? ^^ Et sans avertissement (une spécialité de free) ^^,salut nestce que vous trouvez ça normal que ça fait deux jours que la connexion se coupe comme par hasard à la même heure et sans avertissement une spécialité de free,2025-11-03 15:52:31
1843787552257650795,2024-10-09 00:56:23 +02:00,nesssssyyyyyy,@Freebox MA BOX POURQUOI JE LAG JSUIS EN RANKED ZEBI,ma box pourquoi je lag jsuis en ranked zebi,2025-11-03 15:52:31
1843795165796020656,2024-10-09 01:26:38 +02:00,MilooGlt,"@Freebox voilà une fois de plus en plein film plus de réseau 😡 même après avoir redémarrer la box, cette dernière reste bloquée sur ""authentification de la freebox en cours"" ça fait 1/2heure..😡 Après on ns dira q la fibre c'est plus fiable q l'adsl.. Conneries😡😡",voilà une fois de plus en plein film plus de réseau même après avoir redémarrer la box cette dernière reste bloquée sur authentification de la freebox en cours ça fait 12heure après on ns dira q la fibre cest plus fiable q ladsl conneries,2025-11-03 15:52:31
1843797118290678140,2024-10-09 01:34:23 +02:00,Hugo_Miskine,"Hello @free @freemobile @Freebox @Xavier75 \n\nJ'ai remarqué que vos services Free et Free mobile semblait souvent tomber sur cette tranche d'heure \n(00h30/1h00) Pendant une 30aine de minutes environ, avez vous une explication ou s'agit t'il d'un défaut matériel ?",hello nnjai remarqué que vos services free et free mobile semblait souvent tomber sur cette tranche dheure n00h301h00 pendant une 30aine de minutes environ avez vous une explication ou sagit til dun défaut matériel,2025-11-03 15:52:31
1843912671974080999,2024-10-09 09:13:33 +02:00,haeven32170,@Freebox tous les soirs on va plus avoir de réseau \nLundi coupure à 21H37\nMardi à 20H52\nPlus de téléphone \nPlus d’internet \nCode postal 32170\nLaguian Mazous,tous les soirs on va plus avoir de réseau nlundi coupure à 21h37nmardi à 20h52nplus de téléphone nplus dinternet ncode postal 32170nlaguian mazous,2025-11-03 15:52:31
1843954270313628069,2024-10-09 11:58:51 +02:00,OlivLiliv,Après 15j sans fibre parce qu'au PM les câbles se sont débranchés tous seuls...\nAprès la réparation hier...\nJ'ai à nouveau ma box en étape 2 ce matin.\n#free #freebox @Free_1337 @Freebox,après 15j sans fibre parce quau pm les câbles se sont débranchés tous seulsnaprès la réparation hiernjai à nouveau ma box en étape 2 ce matinn,2025-11-03 15:52:31
1844082732080693487,2024-10-09 20:29:19 +02:00,AdamRamos512433,"@free remettez nous la co le soir , après 21h on a plus de co genre mdr !",remettez nous la co le soir après 21h on a plus de co genre mdr,2025-11-03 15:52:31
1844084344035606900,2024-10-09 20:35:43 +02:00,quentik,"Salut @free , client depuis maintenant quasiment 20 ans, bah ça fait 20 ans que j'ai de l'ADSL. En 2024, est-ce que, habitant en pleine ville (Clermont-Ferrand), je peux oser rêver obtenir un débit meilleur que 15mbps ?\nPitié, faites quelque chose dans mon quartier ! :'(",salut client depuis maintenant quasiment 20 ans bah ça fait 20 ans que jai de ladsl en 2024 estce que habitant en pleine ville clermontferrand je peux oser rêver obtenir un débit meilleur que 15mbps npitié faites quelque chose dans mon quartier,2025-11-03 15:52:31
1844159534023180774,2024-10-10 01:34:30 +02:00,ByGsantax,"Il se passe quoi sur votre réseau ces derniers jours ? Seconde fois de la semaine que je n'ai plus rien ni sur la box, ni sur ma puce mobile.\n(Haute Garonne)\n\nHeureusement que mon boulot me fournit un second tel avec une sim @orange pour hotspot\n\n@Freebox @free @freemobile",il se passe quoi sur votre réseau ces derniers jours seconde fois de la semaine que je nai plus rien ni sur la box ni sur ma puce mobilenhaute garonnennheureusement que mon boulot me fournit un second tel avec une sim pour hotspotnn,2025-11-03 15:52:31
1844281659354660949,2024-10-10 09:39:47 +02:00,DieutreCeline,"@free honteux!\nHabitante Juilly, ça fait 1 semaine que je suis sans réseau ni TV, on les appelle, seule réponse : faut patienter car nous n'avons aucune solution.\nJe me déplace en boutique,0 solution à part qu'on pourra me rappeler à partir d'aujourd'hui 9h! \nTjrs aucun rappel !",honteuxnhabitante juilly ça fait 1 semaine que je suis sans réseau ni tv on les appelle seule réponse faut patienter car nous navons aucune solutionnje me déplace en boutique0 solution à part quon pourra me rappeler à partir daujourdhui 9h ntjrs aucun rappel,2025-11-03 15:52:31
1844294504662323229,2024-10-10 10:30:49 +02:00,amhr_koubari77,"Free @free c'est une arnaque et des escrocs.  Évitez de vous abonner chez ce fournisseur. Meme si les tarifs sont attirants. Souvent des pannes sans dédommagement, surfacturations abusives et un service client incompétent ou inexistant.",free cest une arnaque et des escrocs évitez de vous abonner chez ce fournisseur meme si les tarifs sont attirants souvent des pannes sans dédommagement surfacturations abusives et un service client incompétent ou inexistant,2025-11-03 15:52:31
1844296065408958728,2024-10-10 10:37:02 +02:00,KenkiEdits,"Je suis fatigué de @free @Freebox . Ça fait un mois que je subis des déconnexions quasiment tous les jours\n\nQuelle erreur d’avoir quitté Orange, qui a la meilleur ligne de France, pour cette merde qu’est la ligne Free ! https://t.co/rxyoTEmeuq",je suis fatigué de ça fait un mois que je subis des déconnexions quasiment tous les joursnnquelle erreur davoir quitté orange qui a la meilleur ligne de france pour cette merde quest la ligne free,2025-11-03 15:52:31
1844319316197638163,2024-10-10 12:09:25 +02:00,pxacx4,@free vous êtes une vraie blague je vous jure,vous êtes une vraie blague je vous jure,2025-11-03 15:52:31
1844329995201806602,2024-10-10 12:51:51 +02:00,PseudoAbdel,@Berti_Milliard Il y a un décalage son/image sur @Eurosport_FR 1. Possible de corriger ça svp ? #HomeOfTennis,il y a un décalage sonimage sur 1 possible de corriger ça svp,2025-11-03 15:52:31
1844335023974989887,2024-10-10 13:11:50 +02:00,marion_dhm_rh,"Je suis passée chez @free pour mon entreprise, le réseau est instable, que ce soit mobile ou internet box et le pompon, j'ai ouvert un ticket à l'assistance depuis 1 semaine et n'ai toujours pas été rappelée. N'allez JAMAIS chez @free !",je suis passée chez pour mon entreprise le réseau est instable que ce soit mobile ou internet box et le pompon jai ouvert un ticket à lassistance depuis 1 semaine et nai toujours pas été rappelée nallez jamais chez,2025-11-03 15:52:31
1844337837002588647,2024-10-10 13:23:01 +02:00,YassineTA6,"@Freebox  4 mois sans internet chez Free et toujours aucune solution. Aucun suivi, aucune transparence. Comment est-ce possible qu’ils soient incapables de donner une simple date d’intervention ? #FreePanne @free",4 mois sans internet chez free et toujours aucune solution aucun suivi aucune transparence comment estce possible quils soient incapables de donner une simple date dintervention,2025-11-03 15:52:31
1844339465172767176,2024-10-10 13:29:29 +02:00,InesRavineau,@bouyguestelecom j’ai plus de wifi depuis bientôt 2h alors que je suis en télétravail ??? On fait comment là ?,jai plus de wifi depuis bientôt 2h alors que je suis en télétravail on fait comment là,2025-11-03 15:52:31
1844339997240897541,2024-10-10 13:31:36 +02:00,BorisBloche,Je languis… 😒 \n\n#free #freebox ⁦@Freebox⁩ https://t.co/oqJsm0ngyz,je languis nn,2025-11-03 15:52:31
1844362946417406386,2024-10-10 15:02:47 +02:00,oroshinaha,@Freebox Vous êtes au courant que ça va bientôt faire une semaine que j’ai plus d’internet vous reportez votre dépannage au lendemain depuis samedi. Avec tout le respect vous êtes énervant hein.,vous êtes au courant que ça va bientôt faire une semaine que jai plus dinternet vous reportez votre dépannage au lendemain depuis samedi avec tout le respect vous êtes énervant hein,2025-11-03 15:52:31
1844375509456781665,2024-10-10 15:52:42 +02:00,didi69220159758,#C8 @C8TV sur free tv les paroles sont décalées par rapport aux images : suis je la seule à avoir ce problème ? épisode de Barnaby  @free,sur free tv les paroles sont décalées par rapport aux images suis je la seule à avoir ce problème épisode de barnaby,2025-11-03 15:52:31
1844384711717888118,2024-10-10 16:29:16 +02:00,288_689,"@Freebox bonjour, un répéteur wifi ça met 1 semaine à arrivé ? Ça fait depuis le 4 octobre que j’ai été prélevée mais rien reçu même pas de message de suivi rien",bonjour un répéteur wifi ça met 1 semaine à arrivé ça fait depuis le 4 octobre que jai été prélevée mais rien reçu même pas de message de suivi rien,2025-11-03 15:52:31
1844404687837200681,2024-10-10 17:48:39 +02:00,Lemateurdabimes,C’est fou ces techniciens fibres @Orange_France @bouyguestelecom @free @SFR @Arcep @Fibre31HG qui ne savent pas rebrancher correctement les prises lors de leurs interventions. \n2 fois cette semaine. 😤,cest fou ces techniciens fibres qui ne savent pas rebrancher correctement les prises lors de leurs interventions n2 fois cette semaine,2025-11-03 15:52:31
1844419020491194720,2024-10-10 18:45:36 +02:00,rioTAAANK,Je commence à craquer avec ce service client nul à chier de @free ! Ça fait 2 semaines qu’ils doivent faire remonter l’information à leur supérieur comme quoi je n’ai plus d’internet du tout chez moi via ma @Freebox … https://t.co/JEi4HO1920,je commence à craquer avec ce service client nul à chier de ça fait 2 semaines quils doivent faire remonter linformation à leur supérieur comme quoi je nai plus dinternet du tout chez moi via ma,2025-11-03 15:52:31
1844423146700669318,2024-10-10 19:02:00 +02:00,l3abassia22,Je viens d'avoir la fibre de chez @free chez moi mais le fixe il marche toujours pas c'est normal? Ça fait ça depuis ce matin,je viens davoir la fibre de chez chez moi mais le fixe il marche toujours pas cest normal ça fait ça depuis ce matin,2025-11-03 15:52:31
1844425758091116803,2024-10-10 19:12:23 +02:00,Flo_90,Quelle blague la fibre #free @Freebox https://t.co/hBVqU0niGY,quelle blague la fibre,2025-11-03 15:52:31
1844431330278506938,2024-10-10 19:34:31 +02:00,jabvt9,svp y’a pas quelqu’un ici qui bosse chez free ?????????? @free,svp ya pas quelquun ici qui bosse chez free,2025-11-03 15:52:31
1844468759240769543,2024-10-10 22:03:15 +02:00,fdoiteau,"@Freebox plus de connexion internet depuis le 9 octobre 20h21, incident ouvert et à ce jour aucune information, aucun être humain pour répondre, WhatsApp sans aucun retour.\nIncident ouvert et zéro communication.\nQue se passe-t-il ?",plus de connexion internet depuis le 9 octobre 20h21 incident ouvert et à ce jour aucune information aucun être humain pour répondre whatsapp sans aucun retournincident ouvert et zéro communicationnque se passetil,2025-11-03 15:52:31
1844632804279066748,2024-10-11 08:55:06 +02:00,crlmjxo,"@Freebox donc nous on prend rdv et vos techniciens ne viennent pas, pour nous facturer c’est facile mais pour qu’ils viennent c’est autre chose",donc nous on prend rdv et vos techniciens ne viennent pas pour nous facturer cest facile mais pour quils viennent cest autre chose,2025-11-03 15:52:31
1844645663016898918,2024-10-11 09:46:12 +02:00,c00lyman,@Freebox @free @xavier75 pas d'internet depuis lundi - aucune information et pas d'assistance - je vais devoir changer le fournisseur pour rétablir mon internet,pas dinternet depuis lundi aucune information et pas dassistance je vais devoir changer le fournisseur pour rétablir mon internet,2025-11-03 15:52:31
1844654924933533816,2024-10-11 10:23:00 +02:00,jobe_64,Bonjour @free @Xavier75 \nVous êtes vraiment des gros con ! Vous faites passer un technicien pour changer le raccordement de mon logement sans me prévenir et sans mon accord !!! Avant même que j’ai pu réceptionner la box ! C’est quel genre de service ca ?!,bonjour nvous êtes vraiment des gros con vous faites passer un technicien pour changer le raccordement de mon logement sans me prévenir et sans mon accord avant même que jai pu réceptionner la box cest quel genre de service ca,2025-11-03 15:52:31
1844695389582078223,2024-10-11 13:03:48 +02:00,R1RT_35,Devinez qui a ENCORE perdu internet ?? @Xavier75 @Freebox faut agir là,devinez qui a encore perdu internet faut agir là,2025-11-03 15:52:31
1844697641562595566,2024-10-11 13:12:45 +02:00,MrGeraud,"@Freebox technicien qui ne se pointe pas au rendez vous prévu hier.\nImpossible de replanifier ou d'annuler pour avoir un nouveau créneau.\nJe tourne en rond avec vos services, et plus d'internet à la maison depuis 24h...\nVous avez une solution ?",technicien qui ne se pointe pas au rendez vous prévu hiernimpossible de replanifier ou dannuler pour avoir un nouveau créneaunje tourne en rond avec vos services et plus dinternet à la maison depuis 24hnvous avez une solution,2025-11-03 15:52:31
1844710286541860917,2024-10-11 14:03:00 +02:00,Pirolyx,"@free le numéro que vous appelez n'est plus en service. En tête d'un courrier de chez vous... Va falloir la com'... En plus numéro payant, aucun moyen de vous appeler sans payer !!! https://t.co/aMVF2OPHcJ",le numéro que vous appelez nest plus en service en tête dun courrier de chez vous va falloir la com en plus numéro payant aucun moyen de vous appeler sans payer,2025-11-03 15:52:31
1844725613669634225,2024-10-11 15:03:54 +02:00,danganbass,"Bonjour @Freebox depuis plusieurs jours (avant #Kirk), je constate une grande dégradation de mon débit fibre. Que dois-je faire ? Est-ce un soucis dû à la météo ou autre chose ? Merci @Free_1337",bonjour depuis plusieurs jours avant je constate une grande dégradation de mon débit fibre que doisje faire estce un soucis dû à la météo ou autre chose merci,2025-11-03 15:52:31
1844728525187662174,2024-10-11 15:15:28 +02:00,Creuselazur,"@Freebox Bonjour,\nImpossible de vous joindre par téléphone. \nWhatsApp: personne ne le lit\nMessenger non plus\nRendez-vous d’installation aujourd’hui. Créneau 13h-15h. \nToujours personne. \nJe suis déjà abonné. \nVous êtes nuls",bonjournimpossible de vous joindre par téléphone nwhatsapp personne ne le litnmessenger non plusnrendezvous dinstallation aujourdhui créneau 13h15h ntoujours personne nje suis déjà abonné nvous êtes nuls,2025-11-03 15:52:31
1844758583616925835,2024-10-11 17:14:54 +02:00,ExjetaimeMcCoy,@free j’ai un problème,jai un problème,2025-11-03 15:52:31
1844791981416858085,2024-10-11 19:27:37 +02:00,FMunerol,@Freebox bjr. Je viens à l’instant de m’abonner à Free et de résilier Orange. J’ai des questions à\nVous poser. Un conseiller peut il m’appeler ?,bjr je viens à linstant de mabonner à free et de résilier orange jai des questions ànvous poser un conseiller peut il mappeler,2025-11-03 15:52:31
1844811349492158563,2024-10-11 20:44:35 +02:00,ArabeSympa,@free je vous souhaite que du malheur https://t.co/NkdySujY06,je vous souhaite que du malheur,2025-11-03 15:52:31
1844831292602630488,2024-10-11 22:03:50 +02:00,VallooValloo,Je sens que je vais changer de FAI moi... 🤬 @free,je sens que je vais changer de fai moi,2025-11-03 15:52:31
1844999390315855995,2024-10-12 09:11:47 +02:00,maisonfantome,@free pq j’ai 200 de ping depuis que jsuis chez vous on est en 2006 les gars ?,pq jai 200 de ping depuis que jsuis chez vous on est en 2006 les gars,2025-11-03 15:52:31
1845006960497758250,2024-10-12 09:41:52 +02:00,ScorPI0912,"Bonjour @Freebox, ça fait 2mois que j'ai fais une demande de migration pour passer a la Freebox ultra.Malgré plusieurs relances via  mon espace client j'attends toujours la box + le rendez vous avec un technicien J'attends encore une semaine et ensuite je pars chez la concurrence",bonjour ça fait 2mois que jai fais une demande de migration pour passer a la freebox ultramalgré plusieurs relances via mon espace client jattends toujours la box le rendez vous avec un technicien jattends encore une semaine et ensuite je pars chez la concurrence,2025-11-03 15:52:31
1845025247122047330,2024-10-12 10:54:32 +02:00,ALDEM78039551,"Help ! J'ai besoin de votre aide @freemobile @free @Freebox \nSi t'as Free, t'as tout compris... mais moi, je comprends plus rien: 3 semaines sans boxe et 2 semaines sans réseaux téléphonique et pas une explication, une alternative, rien ....Tu parles d’une liberté ! #panne",help jai besoin de votre aide nsi tas free tas tout compris mais moi je comprends plus rien 3 semaines sans boxe et 2 semaines sans réseaux téléphonique et pas une explication une alternative rien tu parles dune liberté,2025-11-03 15:52:31
1845032088854036561,2024-10-12 11:21:43 +02:00,Bonetromain1,"@Free_1337 @free bonjour,\nIl y a une pénurie de techniciens dans le 04 ? Un rdv pour étape 2 à J+10 ??",bonjournil y a une pénurie de techniciens dans le 04 un rdv pour étape 2 à j10,2025-11-03 15:52:31
1845047792898621475,2024-10-12 12:24:07 +02:00,_ROLT_,"@free impossible de joindre quelqu’un de chez free, tu passes 5 min a appuyer sur des vieux numero pour etre redirigé vers un conseiller mais le robot a la fin te dit de rappeler plus tard. Bah non en fait",impossible de joindre quelquun de chez free tu passes 5 min a appuyer sur des vieux numero pour etre redirigé vers un conseiller mais le robot a la fin te dit de rappeler plus tard bah non en fait,2025-11-03 15:52:31
1845073449061892206,2024-10-12 14:06:04 +02:00,Benvoyonszzz,"Ah c'est bien vrai, j'en ai ras le bol de @free ils me font Ch...., des appels toutes les semaines avec des escrocs qui ont un parlé incompréhensible.  Allez tous vous faire foutre !",ah cest bien vrai jen ai ras le bol de ils me font ch des appels toutes les semaines avec des escrocs qui ont un parlé incompréhensible allez tous vous faire foutre,2025-11-03 15:52:31
1845106517969694758,2024-10-12 16:17:28 +02:00,BOUBA0306,Je suis chez Free  depuis que je suis arriver en cote d'or et depuis que je suis passez.en fibre j accumule  panne et ralentissement de débit  d d'internet ou des beugues énorme au.niveau service télévision sansnparlez des plateforme comme Netflix  ou primevideo @free,je suis chez free depuis que je suis arriver en cote dor et depuis que je suis passezen fibre j accumule panne et ralentissement de débit d dinternet ou des beugues énorme auniveau service télévision sansnparlez des plateforme comme netflix ou primevideo,2025-11-03 15:52:31
1845123984196538709,2024-10-12 17:26:53 +02:00,TosBytes,"@Freebox bonjour  free, ça fait une semaine que je suis en panne de fibre ,  votre conseiller me dit que c est une panne collective dans mon immeuble alors qu aucun de mes voisin de chez free dans mon immeuble sauf moi . Votre assistance de proximité nous envoie  balader",bonjour free ça fait une semaine que je suis en panne de fibre votre conseiller me dit que c est une panne collective dans mon immeuble alors qu aucun de mes voisin de chez free dans mon immeuble sauf moi votre assistance de proximité nous envoie balader,2025-11-03 15:52:31
1845402212270293154,2024-10-13 11:52:27 +02:00,reg6000,@Freebox refuse de raccorder un couple agé à la fibre parce que Free s'est trompé de numéro de rue. Personne n'habite au zéro de la rue! 🤡🤡🤡,refuse de raccorder un couple agé à la fibre parce que free sest trompé de numéro de rue personne nhabite au zéro de la rue,2025-11-03 15:52:31
1845437990966841610,2024-10-13 14:14:38 +02:00,FrantzPougeol,"@Freebox : depuis Vendredi 11 Octobre 2024, pas de connections internet. Pourtant avec ma freebox delta j'étais censé avoir un secours 4G. Mais cela ne fonctionne toujours pas. Une solution ?",depuis vendredi 11 octobre 2024 pas de connections internet pourtant avec ma freebox delta jétais censé avoir un secours 4g mais cela ne fonctionne toujours pas une solution,2025-11-03 15:52:31
1845515478279540765,2024-10-13 19:22:32 +02:00,Chris06839490,"@Freebox Mise à jour de la Freebox Révolution... ça rame comme pas possible, naviguer dans la liste des chaînes prend plusieurs secondes... juste après la mise à jour du firmware...",mise à jour de la freebox révolution ça rame comme pas possible naviguer dans la liste des chaînes prend plusieurs secondes juste après la mise à jour du firmware,2025-11-03 15:52:31
1845784038117699904,2024-10-14 13:09:42 +02:00,anonyme_perdu,@free bonjour j'hesite a passer chez vous le mois prochain quand mon engagement sera fini chez mon ancien fai je souhaite prendre le ultra essentiel \ndans les chaines by canal je voit y'a les eurosport \nil y a t'il aussi les  360 ?dans le doute je demande aussi a @InfoAbonneCanal,bonjour jhesite a passer chez vous le mois prochain quand mon engagement sera fini chez mon ancien fai je souhaite prendre le ultra essentiel ndans les chaines by canal je voit ya les eurosport nil y a til aussi les 360 dans le doute je demande aussi a,2025-11-03 15:52:31
1845786413150675184,2024-10-14 13:19:08 +02:00,TerraformFrance,"@Freebox panne à Rueil-Malmaison (92), réseau tombé vers 13h06 pour tout l'immeuble au 15/17 parc Jacques Chirac (entre autre, car plusieurs autres immeubles sur le même raccord)",panne à rueilmalmaison 92 réseau tombé vers 13h06 pour tout limmeuble au 1517 parc jacques chirac entre autre car plusieurs autres immeubles sur le même raccord,2025-11-03 15:52:31
1845793820669046841,2024-10-14 13:48:34 +02:00,ArnaudLeplet,@Freebox panne fibre à Reuil-Malmaison depuis 30 minutes. Freebox bloquée à l’étape 2.\n12 rue du general Noël,panne fibre à reuilmalmaison depuis 30 minutes freebox bloquée à létape 2n12 rue du general noël,2025-11-03 15:52:31
1845794939772285340,2024-10-14 13:53:01 +02:00,erwan9452,Bjr @microsoftfrance @free \nCela commence à être sérieusement casse-pieds de ne pas pouvoir envoyer de mail d'office 365 vers free\nVous pourriez vous entendre non ? https://t.co/oXa0CYT5i5,bjr ncela commence à être sérieusement cassepieds de ne pas pouvoir envoyer de mail doffice 365 vers freenvous pourriez vous entendre non,2025-11-03 15:52:31
1845815847371051433,2024-10-14 15:16:06 +02:00,darde_discooo,wesh @free @Freebox j’suis bloqué a l’étape 2 depuis 3heures là… depuis le 93,wesh jsuis bloqué a létape 2 depuis 3heures là depuis le 93,2025-11-03 15:52:31
1845843770371182800,2024-10-14 17:07:03 +02:00,benbenben48,@Freebox ...\nFree c de la merde ...\nJ'ai demandé une migration sur une autre box car la mienne déconne il y a plus d'un mois et j'ai toujours pas de nouvelles même pas de date de disponibilité...\nJe pense vraiment que je vais changer d'opérateur,nfree c de la merde njai demandé une migration sur une autre box car la mienne déconne il y a plus dun mois et jai toujours pas de nouvelles même pas de date de disponibiliténje pense vraiment que je vais changer dopérateur,2025-11-03 15:52:31
1845850106223870185,2024-10-14 17:32:14 +02:00,LeChinoir82,@free @free SERVICE ASSISTANCE FreeBox @Freebox CA TA STRO PHI QUE !!!! \n\nDemande de raccordement à la fibre DEPUIS le 11 JUILLET dernier ! On est le 14 OCTOBRE ! \n\nRésultat ?  R  I  E  N  -> je précise : RIEN !!!!  #rien \n\nLa seule constante dans notre dossier c’est votre réponse : je passe votre dossier à mon supérieur qui va la traiter personnellement et on revient vers vous. \n\n3 MOIS ET TOUJOURS PAS DE NOUVELLE DU FAMEUX « SUPÉRIEUR » ! C’est qui ce mec ? @_dieuoff C’est Dieu votre supérieur le plus haut et le plus compétent chez vous ? Je comprends pourquoi il met autant de temps à répondre ! Y’en a ça fait 2000 ans qu’ils attendent encore une réponse … donc 3 mois de délai on devrait se sentir chanceux c’est ça !!?! \n\nEn plus : cerise sur le gâteau -> c’est VOUS (donc FREE) qui gérez l’installation fibre de l’immeuble. Y’a même pas d’excuse parce qu’un autre opérateur vous met des bâtons dans les roues. C’EST UNE HONTE ! Car en parallèle je PAYE TOUJOURS MON ABONNEMENT Bbox chez Bouygues Telecom @bouyguestelecom car la portabilité n’est toujours pas active et mon abonnement n’est pas résilié chez eux. Bref … un VRAI FIASCO\n\n #nul #honte @Xavier75 @UFCquechoisir @60millions @Rosny_sous_Bois #fail @CapitalM6 @freemobile @CPVA @TPMP #mercilachatte,service assistance freebox ca ta stro phi que nndemande de raccordement à la fibre depuis le 11 juillet dernier on est le 14 octobre nnrésultat r i e n je précise rien nnla seule constante dans notre dossier cest votre réponse je passe votre dossier à mon supérieur qui va la traiter personnellement et on revient vers vous nn3 mois et toujours pas de nouvelle du fameux supérieur cest qui ce mec cest dieu votre supérieur le plus haut et le plus compétent chez vous je comprends pourquoi il met autant de temps à répondre yen a ça fait 2000 ans quils attendent encore une réponse donc 3 mois de délai on devrait se sentir chanceux cest ça nnen plus cerise sur le gâteau cest vous donc free qui gérez linstallation fibre de limmeuble ya même pas dexcuse parce quun autre opérateur vous met des bâtons dans les roues cest une honte car en parallèle je paye toujours mon abonnement bbox chez bouygues telecom car la portabilité nest toujours pas active et mon abonnement nest pas résilié chez eux bref un vrai fiasconn,2025-11-03 15:52:31
1845867465324073322,2024-10-14 18:41:12 +02:00,dragonsly9,@free oh 1h45 que j attend qu un technicien me rappel pour un problème de décodeur sur votre site vous dites 45 minutes pour un nouveau client vous ne marque pas beaucoup de point la !!!,oh 1h45 que j attend qu un technicien me rappel pour un problème de décodeur sur votre site vous dites 45 minutes pour un nouveau client vous ne marque pas beaucoup de point la,2025-11-03 15:52:31
1845872021508370483,2024-10-14 18:59:19 +02:00,Sedorikku62,"@Freebox bonjour,\nJe finis mon engagement fibre le  07/11/2024 avec mon opérateur actuel. \nÀ quel moment je peux faire un abonnement pour une migration chez vous ?\nPassé cette date ou un peu avant ? \nÀ bientôt",bonjournje finis mon engagement fibre le 07112024 avec mon opérateur actuel nà quel moment je peux faire un abonnement pour une migration chez vous npassé cette date ou un peu avant nà bientôt,2025-11-03 15:52:31
1845913691679871453,2024-10-14 21:44:54 +02:00,StefDark,"@Freebox vous avez l'intention de faire quelque chose au fait que la box se mette en étape 2 sans raison ni explications ??? #freebox #free @free\nSi je n'ai pas d'explication, je me casse.",vous avez lintention de faire quelque chose au fait que la box se mette en étape 2 sans raison ni explications nsi je nai pas dexplication je me casse,2025-11-03 15:52:31
1845967418146832664,2024-10-15 01:18:23 +02:00,joujounii,@Freebox on est en 2024 bientôt 2025 c’est pas normal d’avoir des sauts de déconnexions tous les jours et de plus avoir de wifi du tout actuellement…,on est en 2024 bientôt 2025 cest pas normal davoir des sauts de déconnexions tous les jours et de plus avoir de wifi du tout actuellement,2025-11-03 15:52:31
1846075465603158209,2024-10-15 08:27:44 +02:00,davlgd,"Par contre @orange on ne vous dérange pas ? @dgccrf, @60millions un avis ? Par ce que la notion de prix indiqué en gros valable 6 mois sur un engagement de 12 mois, si ce n'est pas une volonté claire de tromper le consommateur, je ne sais pas ce que c'est. https://t.co/ByCDyJN3KC",par contre on ne vous dérange pas un avis par ce que la notion de prix indiqué en gros valable 6 mois sur un engagement de 12 mois si ce nest pas une volonté claire de tromper le consommateur je ne sais pas ce que cest,2025-11-03 15:52:31
1846078709511422327,2024-10-15 08:40:37 +02:00,PLCompeau,"@Freebox cher Free on vous donne un bon *unique* pour retourner *un* colis, mais en fait vous en avez deux : la freebox et son décodeur dans un carton *plein*, et le boitier fibre dans un autre petit carton. On fait comment ? Vous fournissez un plus gros carton ou un second bon ?",cher free on vous donne un bon unique pour retourner un colis mais en fait vous en avez deux la freebox et son décodeur dans un carton plein et le boitier fibre dans un autre petit carton on fait comment vous fournissez un plus gros carton ou un second bon,2025-11-03 15:52:31
1846106030758924522,2024-10-15 10:29:11 +02:00,gawouelle,Sinon @Freebox on peut l’équipe de France mal jouer ? https://t.co/IvoCY8q41x,sinon on peut léquipe de france mal jouer,2025-11-03 15:52:31
1846118262486061344,2024-10-15 11:17:47 +02:00,why_tafia,Devoir résilier @free parce que c’est devenu trop cher 🫠 orhhh proposez quelque chose haaa,devoir résilier parce que cest devenu trop cher orhhh proposez quelque chose haaa,2025-11-03 15:52:31
1846139939680845949,2024-10-15 12:43:55 +02:00,Dkzak831,"Bon, pas de connexion depuis 48h, je suppose que @free en a plus rien à foutre, bien joué à vous, je vais chez @orange  cet après-midi 🫡",bon pas de connexion depuis 48h je suppose que en a plus rien à foutre bien joué à vous je vais chez cet aprèsmidi,2025-11-03 15:52:31
1846155269484445842,2024-10-15 13:44:50 +02:00,ChrismakerMdg,22 HEURES !!!! J’AI EU LA FIBRE QUE PENDANT 22 HEURES AVANT D’ÊTRE COUPÉ À NOUVEAU \nON DOIT ÊTRE SUR UN NOUVEAU RECORD DE MÉDIOCRITÉ LÀ @free @Freebox 👏🏾👏🏾👏🏾👏🏾,22 heures jai eu la fibre que pendant 22 heures avant dêtre coupé à nouveau non doit être sur un nouveau record de médiocrité là,2025-11-03 15:52:31
1846193216225214622,2024-10-15 16:15:38 +02:00,MounirNasri11,@free DES VOLEURS JAI JAMAIS VU ÇA DE MA VIE FUYEZ LES,des voleurs jai jamais vu ça de ma vie fuyez les,2025-11-03 15:52:31
1846201248443519299,2024-10-15 16:47:33 +02:00,UniversFreebox,"Convention annuelle des communautés de Free ce vendredi : Abonnés, posez vos questions à Free ! https://t.co/if3WBSVsz7",convention annuelle des communautés de free ce vendredi abonnés posez vos questions à free,2025-11-03 15:52:31
1846206035595337944,2024-10-15 17:06:34 +02:00,adele__th,je veux stream @free dépêchez d’installer ma fibre PITIÉ,je veux stream dépêchez dinstaller ma fibre pitié,2025-11-03 15:52:31
1846219467665063964,2024-10-15 17:59:56 +02:00,kuffarnaum,"Bonjour @free cela fait bientôt 1 semaine que je n’ai pas accès à mes services (wifi, TV) et cela sans aucune explication. À chaque fois que je contacte le service de proximité on me dit qu’on reviendra vers moi et on ne me propose pas de solution. Pouvez-vous m’aider svp ?",bonjour cela fait bientôt 1 semaine que je nai pas accès à mes services wifi tv et cela sans aucune explication à chaque fois que je contacte le service de proximité on me dit quon reviendra vers moi et on ne me propose pas de solution pouvezvous maider svp,2025-11-03 15:52:31
1846220315606622358,2024-10-15 18:03:19 +02:00,Dorian28835,@free votre box de merde que y’a marquer 3c mes couilles vous êtes claquer,votre box de merde que ya marquer 3c mes couilles vous êtes claquer,2025-11-03 15:52:31
1846241345884553361,2024-10-15 19:26:53 +02:00,kvn_nd,@Freebox @Free_1337 Bonsoir ! Freebox bloquée en étape 6 depuis ce matin..,bonsoir freebox bloquée en étape 6 depuis ce matin,2025-11-03 15:52:31
1846249900780224644,2024-10-15 20:00:52 +02:00,ericdupin,Chez vous non plus l’application @OQEEbyFree n’a jamais fonctionné sur smart TV Samsung ? @free,chez vous non plus lapplication na jamais fonctionné sur smart tv samsung,2025-11-03 15:52:31
1846252316745519513,2024-10-15 20:10:28 +02:00,ElNinoo14,@freebox @Free_1337  problème depuis ce matin routeur bloqué sur 2 ( sud ouest lyonnais),problème depuis ce matin routeur bloqué sur 2 sud ouest lyonnais,2025-11-03 15:52:31
1846256658504180204,2024-10-15 20:27:43 +02:00,1_spotnik,@Freebox votre truc ne marche pas encore depuis 15:20 faites qq chose,votre truc ne marche pas encore depuis 1520 faites qq chose,2025-11-03 15:52:31
1846265574512554298,2024-10-15 21:03:09 +02:00,FeelGoodRun,"@Free_1337 Problème Etape en région Lyonnais, vous pouvez me dire une estimation de reprise de service ?\n\n@free @UniversFreebox",problème etape en région lyonnais vous pouvez me dire une estimation de reprise de service nn,2025-11-03 15:52:31
1846270654061949307,2024-10-15 21:23:20 +02:00,FloMamaBordeaux,"On sait envoyer des fusées avec space X, mais on est incapable de corriger des bugs sur les replays !!! @M6Groupe et @free vos replays buguent !!!! Ça nous balance des publicités en continue dès que ça coupe le programme !!! Impossible de continuer à visionner ! #free #m6",on sait envoyer des fusées avec space x mais on est incapable de corriger des bugs sur les replays et vos replays buguent ça nous balance des publicités en continue dès que ça coupe le programme impossible de continuer à visionner,2025-11-03 15:52:31
1846270964532736276,2024-10-15 21:24:34 +02:00,DJSeb17,"@free bonjour,\nSuite à une panne due à un acte de vandalisme dans mon quartier à Lomme, je suis coupé de la fibre et de la ligne fixe depuis le mois de juillet, c'est bien de dire que vous allez réparé mais il faut rétablir le service. Merci",bonjournsuite à une panne due à un acte de vandalisme dans mon quartier à lomme je suis coupé de la fibre et de la ligne fixe depuis le mois de juillet cest bien de dire que vous allez réparé mais il faut rétablir le service merci,2025-11-03 15:52:31
1846331470618497368,2024-10-16 01:25:00 +02:00,candyguytv,@free y’a moyen d’arrêter dme couper la wifi A CHAQUE FOIS QUE JFAIS UNE GAME DE OUF PTN JVAIS CÂBLER CEST FOU DE FAIRE CA,ya moyen darrêter dme couper la wifi a chaque fois que jfais une game de ouf ptn jvais câbler cest fou de faire ca,2025-11-03 15:52:31
1846332958497771709,2024-10-16 01:30:55 +02:00,LucasRi30896580,@free je vais changer d’opérateur tout les 2 jours la connexion se coupe et mon forfait je le paye et je suis bloquer en 3G depuis une semaine,je vais changer dopérateur tout les 2 jours la connexion se coupe et mon forfait je le paye et je suis bloquer en 3g depuis une semaine,2025-11-03 15:52:31
1846333733915279805,2024-10-16 01:34:00 +02:00,ywenbh,@free vous êtes fou ou quoi à couper la connexion comme ça au gens,vous êtes fou ou quoi à couper la connexion comme ça au gens,2025-11-03 15:52:31
1846333878086021369,2024-10-16 01:34:34 +02:00,victorrrMNG,wesh c'est quoi le probleme avec free???? \n#free #wifi @Freebox @free,wesh cest quoi le probleme avec free n,2025-11-03 15:52:31
1846333957341601998,2024-10-16 01:34:53 +02:00,haachy12,@free NI VOTRE WIFI NI VOTRE 5G MARCHE C’EST UNE BLAGUE OU QUOI REMETTEZ VITE LA,ni votre wifi ni votre 5g marche cest une blague ou quoi remettez vite la,2025-11-03 15:52:31
1846334040179122295,2024-10-16 01:35:13 +02:00,Obishiw,Je vous déteste de toute mon âme @free votre co de fdp c’est une singerie ce que je vous souhaite,je vous déteste de toute mon âme votre co de fdp cest une singerie ce que je vous souhaite,2025-11-03 15:52:31
1846334050329366996,2024-10-16 01:35:15 +02:00,Yaroo_san,@free Rendez mes RR j'ai crash pendant ma game,rendez mes rr jai crash pendant ma game,2025-11-03 15:52:31
1846335079737446788,2024-10-16 01:39:20 +02:00,YouxiLevrai,"@free c'est plus possible vos plantages régulier, je travail sur internet et ça m'empeche de travailler correctement avec mes collaborateur.",cest plus possible vos plantages régulier je travail sur internet et ça mempeche de travailler correctement avec mes collaborateur,2025-11-03 15:52:31
1846335842517741627,2024-10-16 01:42:22 +02:00,onzk28,"@free @Freebox va falloir m’expliquer ça fait plusieurs mois la connexion coupe régulièrement certains soir ou la nuit plusieurs heures, defois y’a même plus de réseau",va falloir mexpliquer ça fait plusieurs mois la connexion coupe régulièrement certains soir ou la nuit plusieurs heures defois ya même plus de réseau,2025-11-03 15:52:31
1846337971831599188,2024-10-16 01:50:50 +02:00,Hajiwa00,"@Xavier75, franchement, mais sincèrement hein, j’aime trop free ! \n\nMais là j’vais finir par exploser ma box si ma connexion continue de sauter toutes les 10 minutes ! 🤯\n\n@free @Freebox svp dites-moi ce qu’il se passe 😢",franchement mais sincèrement hein jaime trop free nnmais là jvais finir par exploser ma box si ma connexion continue de sauter toutes les 10 minutes nn svp ditesmoi ce quil se passe,2025-11-03 15:52:31
1846343314867417443,2024-10-16 02:12:04 +02:00,667_mehdi,@free c’est quoi ce bordel encore la régler le bug on paye nous,cest quoi ce bordel encore la régler le bug on paye nous,2025-11-03 15:52:31
1846343719840035136,2024-10-16 02:13:40 +02:00,YassPedri,@free on paye pourquoi enft,on paye pourquoi enft,2025-11-03 15:52:31
1846362471663079930,2024-10-16 03:28:11 +02:00,BrJefilho,@free il se passe quoi avec la co ????????? tu m’aides pas la,il se passe quoi avec la co tu maides pas la,2025-11-03 15:52:31
1846453497245364230,2024-10-16 09:29:53 +02:00,sandrajoudi83,"Moi qui attends @free en bas de chez moi pour que le technicien puisse voir ce qui bug, il aurait dû être là y’a 20 min https://t.co/m3D3JANeto",moi qui attends en bas de chez moi pour que le technicien puisse voir ce qui bug il aurait dû être là ya 20 min,2025-11-03 15:52:31
1846465372134011251,2024-10-16 10:17:05 +02:00,UniversFreebox,"Les chaînes Eurosport pourraient finalement rester dans les offres Canal+, négociations en cours en vue d’un accord https://t.co/Exw6xru8n7",les chaînes eurosport pourraient finalement rester dans les offres canal négociations en cours en vue dun accord,2025-11-03 15:52:31
1846536094893908252,2024-10-16 14:58:06 +02:00,Robb1nho,.@free @Freebox c’est normal que je paye les 49 euros de résiliation alors que je veux passer de la delta à la pop ???? Pitié je veux juste changer de box vous me prenez 100 balles. En plus vous mettez des pub partout sur le streaming pitié !!!!???,cest normal que je paye les 49 euros de résiliation alors que je veux passer de la delta à la pop pitié je veux juste changer de box vous me prenez 100 balles en plus vous mettez des pub partout sur le streaming pitié,2025-11-03 15:52:31
1846540896390557778,2024-10-16 15:17:11 +02:00,soundnaya,"@freebox Merci free qui pour chaque réclamation demande d'envoyer un recommandé à 7 euros, c'est la meilleure celle là , si quelque chose ne va pas un recommandé pour chaques demande de compensation #FREEBOX #FREE",merci free qui pour chaque réclamation demande denvoyer un recommandé à 7 euros cest la meilleure celle là si quelque chose ne va pas un recommandé pour chaques demande de compensation,2025-11-03 15:52:31
1846560139433693313,2024-10-16 16:33:39 +02:00,Boulebizar,Oh free vous êtes des grosses merdes mettre 15min rappel quelqu'un c'est quoi ça @free\nArrêter ma Co sans rien dire vous êtes des fdp comment on se débrouille,oh free vous êtes des grosses merdes mettre 15min rappel quelquun cest quoi ça narrêter ma co sans rien dire vous êtes des fdp comment on se débrouille,2025-11-03 15:52:31
1846599267622047907,2024-10-16 19:09:08 +02:00,Karnagemvp,Bon ça fait 4 x que j'essaie d'appeler et j'ai pas que ça a foutre en période de Worlds @Freebox un tech à vous ou un boulet d'une autre boîte a littéralement cut m'a fibre pour mettre celle d'un voisin ou j'en sais rien\n\nMoyen de régler ça ? J'ai juste besoin de bosser les derniers éléments du show quand je rentre chez moi quoi ^^,bon ça fait 4 x que jessaie dappeler et jai pas que ça a foutre en période de worlds un tech à vous ou un boulet dune autre boîte a littéralement cut ma fibre pour mettre celle dun voisin ou jen sais riennnmoyen de régler ça jai juste besoin de bosser les derniers éléments du show quand je rentre chez moi quoi,2025-11-03 15:52:31
1846612759011905792,2024-10-16 20:02:44 +02:00,etaine1805,Euh free c’est quoi c’est beug de raison depuis hier ?! @free,euh free cest quoi cest beug de raison depuis hier,2025-11-03 15:52:31
1846615466933883132,2024-10-16 20:13:30 +02:00,kadraam,#telephonelignefreefonctionneplus\nMon téléphone fix ne fonctionne plus alors que la freebox focntionne @Freebox @free,nmon téléphone fix ne fonctionne plus alors que la freebox focntionne,2025-11-03 15:52:31
1846626229526687780,2024-10-16 20:56:16 +02:00,sebngaz,"Les coupures a répétions, ça commence à me courir sur la haricot. Cerise même l’assistance est bugué pas moyen de faire un ticket. le lien whatapp? en berne!... des années chez vous mais je pense qu'on arrive a la fin @free @Xavier75",les coupures a répétions ça commence à me courir sur la haricot cerise même lassistance est bugué pas moyen de faire un ticket le lien whatapp en berne des années chez vous mais je pense quon arrive a la fin,2025-11-03 15:52:31
1846640415199711748,2024-10-16 21:52:38 +02:00,Philois83,"@Freebox pourquoi absence de sous titre dans feuilleton ""un soupçon"" sur fr2 ???",pourquoi absence de sous titre dans feuilleton un soupçon sur fr2,2025-11-03 15:52:31
1846669432795340886,2024-10-16 23:47:56 +02:00,SPQRoy_Mustang,"Bonjour @free et @Xavier75 , avec mes amis nous avons remarqué que les deux seuls à avoir des ""pertes de paquets"" et ""éclatements de paquets"" sur les jeux en ligne sont ceux qui sont chez Free ... Cela dure depuis pas mal de temps, pourrions nous avoir une solution? Merci !",bonjour et avec mes amis nous avons remarqué que les deux seuls à avoir des pertes de paquets et éclatements de paquets sur les jeux en ligne sont ceux qui sont chez free cela dure depuis pas mal de temps pourrions nous avoir une solution merci,2025-11-03 15:52:31
1846672951451787419,2024-10-17 00:01:55 +02:00,2slmn67,@free m’a box wifi a crache on fais comment la,ma box wifi a crache on fais comment la,2025-11-03 15:52:31
1846717991750123656,2024-10-17 03:00:54 +02:00,nowkezz28,@free déconnecter la co encore une 5eme fois en 2-2 bande de fdp juste pour voir un truc,déconnecter la co encore une 5eme fois en 22 bande de fdp juste pour voir un truc,2025-11-03 15:52:31
1846758061517496787,2024-10-17 05:40:07 +02:00,part2reussite,"@freebox déjà deux jour sans internet à Longeville les metz… pas d’info, pas de solution, pas possible de travailler. Est ce que vous faites quelque chose ?",déjà deux jour sans internet à longeville les metz pas dinfo pas de solution pas possible de travailler est ce que vous faites quelque chose,2025-11-03 15:52:31
1846856949586960788,2024-10-17 12:13:04 +02:00,Isa_BelleGueule,"@Freebox\n\nL'étude Jean Benzaken et Associés m'a contacté, et soit dit en passant, sans explication, mal aimable et malpoli.. au sujet d'une facture de 190e par rapport à du matériel que je ne vous aurais pas renvoyé, hors j ai bel et bien déjà renvoyé ma box !!!",nnlétude jean benzaken et associés ma contacté et soit dit en passant sans explication mal aimable et malpoli au sujet dune facture de 190e par rapport à du matériel que je ne vous aurais pas renvoyé hors j ai bel et bien déjà renvoyé ma box,2025-11-03 15:52:31
1846859112086155327,2024-10-17 12:21:39 +02:00,snowy_freal,Bonjour @free moyen de me contacter pls en gros la fibre est installé faut juste la brancher mais vous louez le truc à sfr donc pls moyen de contacter sfr pour leur dire de venir me brancher ( j’vous suis si vous voulez me contacter en pv ),bonjour moyen de me contacter pls en gros la fibre est installé faut juste la brancher mais vous louez le truc à sfr donc pls moyen de contacter sfr pour leur dire de venir me brancher jvous suis si vous voulez me contacter en pv,2025-11-03 15:52:31
1846863397721182480,2024-10-17 12:38:41 +02:00,BrewsImmo,"Plus d'une heure au tel avec le SAV @free et bien 50min que le conseiller ne me parle plus!!! que fait @Xavier75 de ses équipes??? Une honte pour ce ""conseiller"" de se moquer ainsi du monde. Est-il payé au temps passé en ligne??? #easymoney https://t.co/K53w4d5Rc7",plus dune heure au tel avec le sav et bien 50min que le conseiller ne me parle plus que fait de ses équipes une honte pour ce conseiller de se moquer ainsi du monde estil payé au temps passé en ligne,2025-11-03 15:52:31
1846907551469748687,2024-10-17 15:34:08 +02:00,fakkirroun,@free vous êtes mort ?\nLe Cm est parti aux soirées de p. Diddy pendant 15 j ?\n\nFaut nous expliquer pourquoi toutes ses coupures d'internet ??\n\nFaites pas les aveugles 🥸,vous êtes mort nle cm est parti aux soirées de p diddy pendant 15 j nnfaut nous expliquer pourquoi toutes ses coupures dinternet nnfaites pas les aveugles,2025-11-03 15:52:31
1846924349883679170,2024-10-17 16:40:53 +02:00,IliasLec,"Bon @Freebox ça fait 3 jours sans internet, on fait quoi maintenant ?",bon ça fait 3 jours sans internet on fait quoi maintenant,2025-11-03 15:52:31
1846940966562693312,2024-10-17 17:46:55 +02:00,itsyaboiOrion,@Freebox je n’ai plus d’Internet depuis lundi 14 octobre suite à un soi-disant « incident technique ».\n\nSachez qu’à la fin du mois je résilie et je passe chez @Orange_France \n\nY’en a marre.,je nai plus dinternet depuis lundi 14 octobre suite à un soidisant incident technique nnsachez quà la fin du mois je résilie et je passe chez nnyen a marre,2025-11-03 15:52:31
1846970988572913880,2024-10-17 19:46:13 +02:00,scoty49,"Plus d’@EurosportFrance live sur la TV by canal à partir du 14/11 😭. \nC’est justement pour ces chaînes que j’avais pris cette option, du coup @free @Xavier75 vous baissez le prix !!?",plus d live sur la tv by canal à partir du 1411 ncest justement pour ces chaînes que javais pris cette option du coup vous baissez le prix,2025-11-03 15:52:31
1846973611636048151,2024-10-17 19:56:38 +02:00,Tylerdurden760,"@free hello, je jette une bouteille a la mer, je voudrais migrer (oui c'est dans l'ère du temps) mon offre, d'une révolution a la pop\nJe vais en boutique on me dit d'aller sur mon espace mais .... How do I do? #help #rodolphedefree https://t.co/dK5SesCOTP",hello je jette une bouteille a la mer je voudrais migrer oui cest dans lère du temps mon offre dune révolution a la popnje vais en boutique on me dit daller sur mon espace mais how do i do,2025-11-03 15:52:31
1846990193179742666,2024-10-17 21:02:32 +02:00,raph20201,"@Freebox plus d’Internet depuis le 26 septembre. Impossible de joindre vos services par téléphone car un ticket est déjà ouvert donc je dois attendre. Via WhatsApp, quand j’envoie des messages, j’ai des retours 2jours après. A ce jour service, tjrs pas rétabli….",plus dinternet depuis le 26 septembre impossible de joindre vos services par téléphone car un ticket est déjà ouvert donc je dois attendre via whatsapp quand jenvoie des messages jai des retours 2jours après a ce jour service tjrs pas rétabli,2025-11-03 15:52:31
1847012076775948355,2024-10-17 22:29:29 +02:00,lechantdesmots,@Freebox panne fibre 49120,panne fibre 49120,2025-11-03 15:52:31
1847016672349016407,2024-10-17 22:47:45 +02:00,KitklatF,"@free Un prestataire @orange passe chez moi et me dit que la fibre est surchargé dans mon quartier, il propose de décharger la ligne pour une meilleure connexion à condition de passer chez orange ?!?!?\nQu'en dite vous ???",un prestataire passe chez moi et me dit que la fibre est surchargé dans mon quartier il propose de décharger la ligne pour une meilleure connexion à condition de passer chez orange nquen dite vous,2025-11-03 15:52:31
1847029742119076188,2024-10-17 23:39:41 +02:00,Ness92izi,@free un jour j’pourrai jouer à fifa en bonne et due forme ? Ou faut que j’aille voir chez la concurrence si la connexion est de meilleure qualité ?,un jour jpourrai jouer à fifa en bonne et due forme ou faut que jaille voir chez la concurrence si la connexion est de meilleure qualité,2025-11-03 15:52:31
1847148190203560267,2024-10-18 07:30:21 +02:00,olivier_bro,Énième panne générale de @free sur mon département et les départements voisins. Ils aiment mettre le bordel surtout sur leurs infra. J’ai jamais eu autant de panne d’accès au net https://t.co/QrIWHFsA0g,énième panne générale de sur mon département et les départements voisins ils aiment mettre le bordel surtout sur leurs infra jai jamais eu autant de panne daccès au net,2025-11-03 15:52:31
1847186997078597961,2024-10-18 10:04:33 +02:00,Enzo_SAQUET,@Free_1337 @Xavier75 @Freebox \n\nMa Freebox encore en panne j’ai souscrit au backup internet mais rien fonctionne \n\nQuand allez vous rendre stable la connexion sur le répartiteur CAV12 ?\n\nhttps://t.co/jko6n2OUQT\n\n#Rembourser #NulFreeANant,nnma freebox encore en panne jai souscrit au backup internet mais rien fonctionne nnquand allez vous rendre stable la connexion sur le répartiteur cav12 nn,2025-11-03 15:52:31
1847187994601496679,2024-10-18 10:08:31 +02:00,cm3r,@Free_1337 @Freebox  Une grande partie de l'Aveyron et du Lot est privée d'internet depuis hier soir 23h. Y a-t-il un délai de rétablissement prévu ?,une grande partie de laveyron et du lot est privée dinternet depuis hier soir 23h y atil un délai de rétablissement prévu,2025-11-03 15:52:31
1847207259119534090,2024-10-18 11:25:04 +02:00,KareemDerouich,@free  c’est normal qu internet coupe depuis 3 jours mais quand on appelle le service client tout est normal ?,cest normal qu internet coupe depuis 3 jours mais quand on appelle le service client tout est normal,2025-11-03 15:52:31
1847210871862301065,2024-10-18 11:39:26 +02:00,cathyfrfr,"@free Abonnée free box révolution, plus aucuns accès aux replays. Free me répond que cette box est trop ancienne pour supporter les replays. Je suggère de prendre la pop la seule avec adsl ! réponse. Il n'y en a pas de dispo! je fais quoi? réponse! on va bidouiller qq chose! 😡😡",abonnée free box révolution plus aucuns accès aux replays free me répond que cette box est trop ancienne pour supporter les replays je suggère de prendre la pop la seule avec adsl réponse il ny en a pas de dispo je fais quoi réponse on va bidouiller qq chose,2025-11-03 15:52:31
1847214834405736904,2024-10-18 11:55:10 +02:00,Sdnour20,@free @Freebox  jusqu’à quand allons nous devoir nous retrouver en difficulté ? Sans internet sans tv alors qu’on paie 70€ par mois ? Je dois attendre jusqu’à demain pour une solution vu que j’ai rien d’autre à faire de mon week-end ? Je ne peux même pas travaillé https://t.co/1YxflBwZMD,jusquà quand allons nous devoir nous retrouver en difficulté sans internet sans tv alors quon paie 70 par mois je dois attendre jusquà demain pour une solution vu que jai rien dautre à faire de mon weekend je ne peux même pas travaillé,2025-11-03 15:52:31
1847217307761983686,2024-10-18 12:05:00 +02:00,OQEEbyFree,"#JeuConcours 🎁\n\n@Eurosport_FR , diffuseur officiel du Rolex Paris Masters vous fait gagner 2x2 places pour les demi-finales, le samedi 2 novembre 🎾\n\nPour participer :\n👉Follow @OQEEbyFree \n👉Follow @StreamMaxFrance \n👉 RT ce post\n\nTirage au sort le 25 octobre 🍀 https://t.co/NJnNkB6BEt",nn diffuseur officiel du rolex paris masters vous fait gagner 2x2 places pour les demifinales le samedi 2 novembre nnpour participer nfollow nfollow n rt ce postnntirage au sort le 25 octobre,2025-11-03 15:52:31
1847218000899735623,2024-10-18 12:07:45 +02:00,IronTUX,Se fou pas un peu de la gueule @Freebox 😅 https://t.co/qVJ86yijBw,se fou pas un peu de la gueule,2025-11-03 15:52:31
1847236337214115951,2024-10-18 13:20:37 +02:00,Evans_mp4,@Freebox après plusieurs appel avec vos conseillers le problème persiste sans aucune amélioration https://t.co/lMCyLYx3eF,après plusieurs appel avec vos conseillers le problème persiste sans aucune amélioration,2025-11-03 15:52:31
1847272089046147497,2024-10-18 15:42:41 +02:00,ben_bencorp,@Free_1337 @Freebox @Xavier75 Voici\nCela fait 3 jours que nous sommes privés de service @Freebox (118 foyers touchés) à cause d’un problème de coupleur. Aucune information sur un délai de rétablissement malgré nos demandes. #Free #ServiceClient,voicincela fait 3 jours que nous sommes privés de service 118 foyers touchés à cause dun problème de coupleur aucune information sur un délai de rétablissement malgré nos demandes,2025-11-03 15:52:31
1847272521210429762,2024-10-18 15:44:24 +02:00,geraldrodrigu13,"@Freebox Bonjour, Je n'ai plus d'internet depuis le 20/09/2024 et personne pour résoudre mon problème (fibre coupée à 95m de mon domicile) et ce malgré mes nombreuses sollicitations et vos conditions générales d'abonnement que vous ne respectez pas en l'article 10.2.",bonjour je nai plus dinternet depuis le 20092024 et personne pour résoudre mon problème fibre coupée à 95m de mon domicile et ce malgré mes nombreuses sollicitations et vos conditions générales dabonnement que vous ne respectez pas en larticle 102,2025-11-03 15:52:31
1847306158459015674,2024-10-18 17:58:04 +02:00,SalimDjellab,"Bonjour @Freebox, je rencontre des difficultés avec votre assistance qui n’est pas satisfaisante. Pouvez-vous me contacter en DM pour résoudre cela rapidement, merci.",bonjour je rencontre des difficultés avec votre assistance qui nest pas satisfaisante pouvezvous me contacter en dm pour résoudre cela rapidement merci,2025-11-03 15:52:31
1847315237348757560,2024-10-18 18:34:08 +02:00,PasdSalaire,@Freebox il faut faire quoi pour faire bouger un statut de livraison de colis. Depuis Mardi ma box est installé et câblée mais votre outil déconne et je nai plus d'internet. Au secours...,il faut faire quoi pour faire bouger un statut de livraison de colis depuis mardi ma box est installé et câblée mais votre outil déconne et je nai plus dinternet au secours,2025-11-03 15:52:31
1847476582480257210,2024-10-19 05:15:16 +02:00,Loud_Darkman,"@Freebox sont les plus nul , j’ai un débit catastrophique, je capte même pas le wifi à fond à 4m de la box et quand je leur demande de venir vérifier sur place il chipote, tous sa avec leur soit disant meilleur box fuyez vite …",sont les plus nul jai un débit catastrophique je capte même pas le wifi à fond à 4m de la box et quand je leur demande de venir vérifier sur place il chipote tous sa avec leur soit disant meilleur box fuyez vite,2025-11-03 15:52:31
1847577759024926795,2024-10-19 11:57:18 +02:00,raptor_bang,@free jvais bientôt retourner chez oranges qui son bien meilleur @Orange_France https://t.co/3GKIJGNfMf,jvais bientôt retourner chez oranges qui son bien meilleur,2025-11-03 15:52:31
1847593718066426074,2024-10-19 13:00:43 +02:00,_Damah_,"Mdrrrr @Freebox donc comme c’est le week-end, vous ne pouvez pas faire de raccordement?? Donc le technicien intervient aujourd’hui, mais je n’aurai internet que Lundi??\n\nQuelle incompétence!!!!",mdrrrr donc comme cest le weekend vous ne pouvez pas faire de raccordement donc le technicien intervient aujourdhui mais je naurai internet que lundinnquelle incompétence,2025-11-03 15:52:31
1847601745431560342,2024-10-19 13:32:37 +02:00,Emreketurr,@free en fibre c’est tellement instable,en fibre cest tellement instable,2025-11-03 15:52:31
1847607036009156920,2024-10-19 13:53:38 +02:00,M4ster_twix,@free En fait vous êtes tout autant incapables que SFR,en fait vous êtes tout autant incapables que sfr,2025-11-03 15:52:31
1847611877028667762,2024-10-19 14:12:53 +02:00,ericlethomas,"Quand @canalplus ne fait aucun effort pour comprendre que je ne vais pas payer 3 mois de Février à Avril 2024 quand j'étais à @orange car je suis passé chez @free au mois de Janvier tout en prenant un abonnement Canal+...\nNon je ne vais pas payer deux fois!\nEt je veux ""My Canal""",quand ne fait aucun effort pour comprendre que je ne vais pas payer 3 mois de février à avril 2024 quand jétais à car je suis passé chez au mois de janvier tout en prenant un abonnement canalnnon je ne vais pas payer deux foisnet je veux my canal,2025-11-03 15:52:31
1847613242253746543,2024-10-19 14:18:18 +02:00,brutos77,Bonjour @Xavier75 \nJ'ai payer 600 petard pour lancer une demande de fibre ou on ne me répond même pas un peu c pas super sérieux si j'ai pas la fibre ya moyen de me rembourser les 600 balles \nEh merce xavier \nCordialement moi même \n@free,bonjour njai payer 600 petard pour lancer une demande de fibre ou on ne me répond même pas un peu c pas super sérieux si jai pas la fibre ya moyen de me rembourser les 600 balles neh merce xavier ncordialement moi même n,2025-11-03 15:52:31
1847628194054074540,2024-10-19 15:17:43 +02:00,chinoir__,Le réseau @Freebox en panne chez vous aussi ? J’ai plus internet chez moi 😭,le réseau en panne chez vous aussi jai plus internet chez moi,2025-11-03 15:52:31
1847873612939678097,2024-10-20 07:32:55 +02:00,TheLadyCat9,@Freebox bonjour \nMa télé comme de ma freebox révolution est cassé j’en voudrais une nouvelle comment cela ce passe si je veux me la faire livrer à domicile ?\nMerci,bonjour nma télé comme de ma freebox révolution est cassé jen voudrais une nouvelle comment cela ce passe si je veux me la faire livrer à domicile nmerci,2025-11-03 15:52:31
1847982850999468252,2024-10-20 14:47:00 +02:00,FenrisseCSGO,@Free_1337 @Freebox @free Vous faites vraiment payer pour le backup 4g alors que j'ai des pertes de connexion plusieurs fois par mois et que j'ai votre abonnement le plus cher et que vous retirez Disney+ dans pas longtemps ?,vous faites vraiment payer pour le backup 4g alors que jai des pertes de connexion plusieurs fois par mois et que jai votre abonnement le plus cher et que vous retirez disney dans pas longtemps,2025-11-03 15:52:31
1848004074148356131,2024-10-20 16:11:20 +02:00,GuyD_Mastouille,"Est-ce que Eurosport 1 et 2 sont incluses dans l'abonnement Freebox Pop ? Si non, comment peut-on l'avoir chez Free ? @Freebox ? @Free ?",estce que eurosport 1 et 2 sont incluses dans labonnement freebox pop si non comment peuton lavoir chez free,2025-11-03 15:52:31
1848006162781733223,2024-10-20 16:19:38 +02:00,i_nayaaa_,Non free par contre vous abusez hein ça fait presque 2 semaines qu’on a plus de wifi on les appellent ils nous répondent juste d’attendre depuis 💀,non free par contre vous abusez hein ça fait presque 2 semaines quon a plus de wifi on les appellent ils nous répondent juste dattendre depuis,2025-11-03 15:52:31
1848041090953187765,2024-10-20 18:38:25 +02:00,Chpii45229,@free vous pouvez m'aider?\nÇa fait 30 jours que ma box ne fonctionne plus.,vous pouvez maidernça fait 30 jours que ma box ne fonctionne plus,2025-11-03 15:52:31
1848056311826846094,2024-10-20 19:38:54 +02:00,winotheslug,donc là j’ai plus de wifi jusqu’à mercredi @free vous servez à quoi au juste https://t.co/Nng7dEE819,donc là jai plus de wifi jusquà mercredi vous servez à quoi au juste,2025-11-03 15:52:31
1848056809631756384,2024-10-20 19:40:53 +02:00,cneqma,"Résilier un abonnement @Freebox pour une personne décédée c'est constater que l'humanité ne fait pas partie de leur charte...\n1/ Sur le site c'est indiqué de faire un courrier recommandé, mais l'adresse n'est pas indiquée...",résilier un abonnement pour une personne décédée cest constater que lhumanité ne fait pas partie de leur charten1 sur le site cest indiqué de faire un courrier recommandé mais ladresse nest pas indiquée,2025-11-03 15:52:31
1848082579259375706,2024-10-20 21:23:17 +02:00,Fredo384450,@Freebox \n@free \n@free\nC'est quasiment tous les jours ça devient très énervant : https://t.co/2ntrxPAggx,n nncest quasiment tous les jours ça devient très énervant,2025-11-03 15:52:31
1848085937630396910,2024-10-20 21:36:37 +02:00,cerkez_turist,"4 mois que j'ai plus internet chez moi, une backup internet que j'ai eu en vous soûlant pour me dépanner mais qui se déconnecte toutes les demies heures !!\nToujours taxer malgré 0 service !!\nAucune remise aucun geste !!\nC'est normal ? @free @Freebox @freemobile",4 mois que jai plus internet chez moi une backup internet que jai eu en vous soûlant pour me dépanner mais qui se déconnecte toutes les demies heures ntoujours taxer malgré 0 service naucune remise aucun geste ncest normal,2025-11-03 15:52:31
1848101542726906325,2024-10-20 22:38:38 +02:00,iciKekeGaga,"@free Bonjour, j'aurai besoin de vous poser une question en pv svp cordialement",bonjour jaurai besoin de vous poser une question en pv svp cordialement,2025-11-03 15:52:31
1848103542763971008,2024-10-20 22:46:35 +02:00,Telepeache,Dis @free j'ai pris l'offre TV by canal pour @Eurosport_FR . Dans quelques jours c'est fini. Tu proposes quoi en remplacement?,dis jai pris loffre tv by canal pour dans quelques jours cest fini tu proposes quoi en remplacement,2025-11-03 15:52:31
1848263399957745762,2024-10-21 09:21:48 +02:00,Monwifi_fr,"Client va en agence @free pour déménager ligne, confirmation que l'actuelle restera jusque fin du mois : ce matin coupure !!\nLà encore, quel niveau de SEVISSE CLIENT @Xavier75 ? \nHeureusement, prêt de mon hotspot 4G ici, sinon plus de télétravail.\nHaut niveau d'incompétence ! https://t.co/8aY71jaNq4",client va en agence pour déménager ligne confirmation que lactuelle restera jusque fin du mois ce matin coupure nlà encore quel niveau de sevisse client nheureusement prêt de mon hotspot 4g ici sinon plus de télétravailnhaut niveau dincompétence,2025-11-03 15:52:31
1848301098093719829,2024-10-21 11:51:36 +02:00,PitG_Officiel,Bonjour plus d’internet depuis ce matin quel est le problème ? Merci 🙏 @Freebox @free,bonjour plus dinternet depuis ce matin quel est le problème merci,2025-11-03 15:52:31
1848333654067421498,2024-10-21 14:00:58 +02:00,kxtishou,@Freebox c’est possible de résoudre mon problème de box ??,cest possible de résoudre mon problème de box,2025-11-03 15:52:31
1848337650446410009,2024-10-21 14:16:50 +02:00,maymeric,Bonjour @free\n\n #FREE #free @Xavier75\n\n #xavier75 @Free_1337\n\n #free_1337 @villepoissy\n\n @Les_Yvelines\n\n @Prefet78 https://t.co/1CDk2Lke8U,bonjour nn nn nn nn nn,2025-11-03 15:52:31
1848375037692203017,2024-10-21 16:45:24 +02:00,MOUSTROU_Peyo,"Presque 50minutes avec le service client @free @Freebox et le conseiller m’a coupé depuis plus de 15min, sans explication ! C’est une honte. Comment avoir accès aux enregistrements ? @60millions https://t.co/eqbZJkcgg9",presque 50minutes avec le service client et le conseiller ma coupé depuis plus de 15min sans explication cest une honte comment avoir accès aux enregistrements,2025-11-03 15:52:31
1848378898985201933,2024-10-21 17:00:45 +02:00,juliechrlt,"@Freebox ça y est vous n’apportez plus aucune assistance à vos abonnés ? Impossible d’avoir un suivi malgré 50€ de frais de mise en service ?\nOn me raccroche au nez avant même d’avoir un conseiller, personne qui répond sur WhatsApp assistance et on me fait poireauter sur le chat https://t.co/IBQjhtiAxP",ça y est vous napportez plus aucune assistance à vos abonnés impossible davoir un suivi malgré 50 de frais de mise en service non me raccroche au nez avant même davoir un conseiller personne qui répond sur whatsapp assistance et on me fait poireauter sur le chat,2025-11-03 15:52:31
1848379303190286370,2024-10-21 17:02:21 +02:00,GetKurse,"Les gros clowns de chez @free, 5 rendez-vous techniciens dont 3 annulés sans me prévenir et repoussés de 2 jours, tout ça pour qu’un me propose un échange de box après le 5eme rendez-vous, et que le seul matériel défectueux de ma box ne soit pas fourni avec\nTROP DROLE !! 🤡🤡🤡",les gros clowns de chez 5 rendezvous techniciens dont 3 annulés sans me prévenir et repoussés de 2 jours tout ça pour quun me propose un échange de box après le 5eme rendezvous et que le seul matériel défectueux de ma box ne soit pas fourni avecntrop drole,2025-11-03 15:52:31
1848392630872207724,2024-10-21 17:55:19 +02:00,AGBODO_K,@free et @Freebox\nC'est donc ceci la nouvelle définition du service client?\n#free #freebox #France #internet https://t.co/vmxQaeB1VV,et ncest donc ceci la nouvelle définition du service clientn,2025-11-03 15:52:31
1848443113750065162,2024-10-21 21:15:55 +02:00,cochonvenere,Salut @free et @UniversFreebox .\nOqee fonctionne sous Xiaomi mibox s ( 2d gen ) ?\n#freebox,salut et noqee fonctionne sous xiaomi mibox s 2d gen n,2025-11-03 15:52:31
1848461250818097392,2024-10-21 22:27:59 +02:00,algtv_,merci @sfr NTM LA PUTE,merci ntm la pute,2025-11-03 15:52:31
1848477871536541989,2024-10-21 23:34:02 +02:00,Guvenipek4,@Xavier75 depuis que j’ai ma nouvelle box @free je n’arrive plus à piloter ma domotique à distance avec mon téléphone. Une solution ?,depuis que jai ma nouvelle box je narrive plus à piloter ma domotique à distance avec mon téléphone une solution,2025-11-03 15:52:31
1848505502570836083,2024-10-22 01:23:50 +02:00,Meysso_seb,"@Freebox , normal ? Rupture réseau Freebox et free mobile depuis 1 h du mat sur muret haute Garonne ?",normal rupture réseau freebox et free mobile depuis 1 h du mat sur muret haute garonne,2025-11-03 15:52:31
1848505854154227853,2024-10-22 01:25:13 +02:00,NEOARCHEO,Panne Free dans le 78 … @Freebox @Xavier75 https://t.co/ocGM9aZhJP,panne free dans le 78,2025-11-03 15:52:31
1848520026879393902,2024-10-22 02:21:32 +02:00,BustaR67,@free pire opérateur internet! Tout les 2/3jours panne générale pas de tv pas d’internet réseau a chier pire que SFR et de treeeeees loins! 2mois que j’ai free j’en suis a au moins 20 ou 25 panne total! Adieu et RE BONJOURS @Orange_France https://t.co/ALQ8g0tSF4,pire opérateur internet tout les 23jours panne générale pas de tv pas dinternet réseau a chier pire que sfr et de treeeeees loins 2mois que jai free jen suis a au moins 20 ou 25 panne total adieu et re bonjours,2025-11-03 15:52:31
1848647107810394323,2024-10-22 10:46:31 +02:00,justdwaeki,@free @Freebox bjr vous trouvez ça normal qu’on me fasse payer des frais de résiliations alors que j’ai indiqué avec preuve du dépôt de plainte avoir perdu mon travail suite à du harcèlement sexuel et physique à mon poste et que de ce fait je déménage ?,bjr vous trouvez ça normal quon me fasse payer des frais de résiliations alors que jai indiqué avec preuve du dépôt de plainte avoir perdu mon travail suite à du harcèlement sexuel et physique à mon poste et que de ce fait je déménage,2025-11-03 15:52:31
1848651649700557141,2024-10-22 11:04:34 +02:00,xbeaudouin,"@free, @freemobile  une communication par rapport à ceci ? Merci.\nhttps://t.co/ZfCgSoGUxo",une communication par rapport à ceci mercin,2025-11-03 15:52:31
1848662776656351565,2024-10-22 11:48:47 +02:00,_SaxX_,"🚨🔴CYBERALERT, 🇫🇷FRANCE 🔴 | 19M de comptes et 5M d'IBAN de l'opérateur téléphonique Free mis en vente sur le ""Amazon de la cybercriminalité""\n\nHier nuit, un cybercriminel a mis en vente deux bases de données supposées appartenir à Free :\n👉 l'une comportant 19 192 948 de comptes clients\n👉 l'autre constituée essentiellement de 5,11M de coordonnées IBAN\n\nIl n'y a pas de prix affiché. Le cybercriminel appelle les intéressés à négocier avec lui et en passant via un système d'escrow - comprendre système permettant de garantir la transaction !\n\nUn échantillon a été fourni en plus de captures d'écran...\n\nOn retrouve des informations assez sensibles dans cette base de données comme :\n\n👉 Nom,\n👉 Prénom,\n👉 Numéro Téléphone,\n👉 Adresse postale complète,\n👉 Date de naissance,\n👉 Email\n👉 ...\n\nCe supposé piratage et fuite d'informations concernerait les clients Free Mobile et Freebox.\n\nLa fuite d'information daterait selon le cybercriminel de la semaine dernière... à savoir le 17 octobre 2024.\n\nIl est aussi à noter que le profil du cybercriminel a été créé hier...\n\nDernièrement, bcp de ""cybercriminels"" procèdent de la manière en créant leur compte juste avant publication d'infos/piratage/cyberattaque/fuite de données sur la France.\n\nA prendre donc avec des pincettes en attendant conformation. Une autre pratique qui a le vend en poupe, et que je pointais il y a quelques semaines, demeure la génération d'info en s'aidant de l'IA.\n\n⚠️Si c'est avéré ce serait une nouvelle hécatombe après le hack de SFR il y a quelques semaines...\n\n💡 Par principe de précaution, voici quelques conseils, et ce serait l'occasion pour vous si vous êtes chez Free, d'appliquer une passe de sécurité pour votre vie privée numérique  :\n\n📌 Changez vos mots de passe\n\n📌 Utilisez un gestionnaire de mots de passe / coffre-fort numérique\n\n📌 Activez le fameux MFA/2FA (c'est ce code que vous recevez la plupart du temps par sms pour confirmer un achat par internet)\n\n📌 Mettez à jour vos systèmes (ordi+tel)\n\n📌 Ne cliquez pas sur des liens reçus par SMS ou par email\n\n📌 Ne téléchargez pas de logiciels craqués ! Ils sont piégés et contiennent des stealers (infostealers) qui vont pomper tous vos identifiants et mots de passe\n\n📌 Restez vigilants\n\n📌 Alertez votre entourage (parents, grands-parents, etc.)\n\nCybèrement vôtre,\n\nSaxX ¯\_(ツ)_/¯",cyberalert france 19m de comptes et 5m diban de lopérateur téléphonique free mis en vente sur le amazon de la cybercriminaliténnhier nuit un cybercriminel a mis en vente deux bases de données supposées appartenir à free n lune comportant 19 192 948 de comptes clientsn lautre constituée essentiellement de 511m de coordonnées ibannnil ny a pas de prix affiché le cybercriminel appelle les intéressés à négocier avec lui et en passant via un système descrow comprendre système permettant de garantir la transaction nnun échantillon a été fourni en plus de captures décrannnon retrouve des informations assez sensibles dans cette base de données comme nn nomn prénomn numéro téléphonen adresse postale complèten date de naissancen emailn nnce supposé piratage et fuite dinformations concernerait les clients free mobile et freeboxnnla fuite dinformation daterait selon le cybercriminel de la semaine dernière à savoir le 17 octobre 2024nnil est aussi à noter que le profil du cybercriminel a été créé hiernndernièrement bcp de cybercriminels procèdent de la manière en créant leur compte juste avant publication dinfospiratagecyberattaquefuite de données sur la francenna prendre donc avec des pincettes en attendant conformation une autre pratique qui a le vend en poupe et que je pointais il y a quelques semaines demeure la génération dinfo en saidant de liannsi cest avéré ce serait une nouvelle hécatombe après le hack de sfr il y a quelques semainesnn par principe de précaution voici quelques conseils et ce serait loccasion pour vous si vous êtes chez free dappliquer une passe de sécurité pour votre vie privée numérique nn changez vos mots de passenn utilisez un gestionnaire de mots de passe coffrefort numériquenn activez le fameux mfa2fa cest ce code que vous recevez la plupart du temps par sms pour confirmer un achat par internetnn mettez à jour vos systèmes orditelnn ne cliquez pas sur des liens reçus par sms ou par emailnn ne téléchargez pas de logiciels craqués ils sont piégés et contiennent des stealers infostealers qui vont pomper tous vos identifiants et mots de passenn restez vigilantsnn alertez votre entourage parents grandsparents etcnncybèrement vôtrennsaxx _ツ_,2025-11-03 15:52:31
1848664211624255711,2024-10-22 11:54:29 +02:00,AlphaGeekV2,"Cela reste à confirmer par @free/@Free_1337, mais il semblerait que des données soient sorties de chez eux… 😦\n\nSoyez vigilants !",cela reste à confirmer par mais il semblerait que des données soient sorties de chez eux nnsoyez vigilants,2025-11-03 15:52:31
1848664977600594291,2024-10-22 11:57:31 +02:00,P4mui,Après SFR... c'est Free !\n\nQui sera le prochain opérateur avec des ventes d'IBAN... Bouygues ?,après sfr cest free nnqui sera le prochain opérateur avec des ventes diban bouygues,2025-11-03 15:52:31
1848670402693808630,2024-10-22 12:19:05 +02:00,gchampeau,Bonjour @free il serait utile d'avoir une communication rapide de votre part pour savoir si c'est vrai ou une intox,bonjour il serait utile davoir une communication rapide de votre part pour savoir si cest vrai ou une intox,2025-11-03 15:52:31
1848676035195256884,2024-10-22 12:41:28 +02:00,Denisss000,"Coucou @free, je dois m'inquiéter ou bien ?",coucou je dois minquiéter ou bien,2025-11-03 15:52:31
1848676055479124114,2024-10-22 12:41:33 +02:00,UniversFreebox,Un hacker revendique le vol des données de 19 millions d’abonnés Free et de 5 millions d’IBAN https://t.co/9iCDvR1edi,un hacker revendique le vol des données de 19 millions dabonnés free et de 5 millions diban,2025-11-03 15:52:31
1848686460901196142,2024-10-22 13:22:53 +02:00,Hedteur,"Potentielle violation de données massive subie par @Freebox ? Auriez-vous plus d'informations, @Xavier75 ?",potentielle violation de données massive subie par auriezvous plus dinformations,2025-11-03 15:52:31
1848688834336247901,2024-10-22 13:32:19 +02:00,potti_jaguar,C’est sympa de nous donner des conseils comme activer le MFA/2FA mais y’a pas de MfA chez Free @lesjoiesducode @_SaxX_ \n\n@free @Xavier75 merci de nous informer de la véracité de cette fuite de données. Genre vous savez pas chiffrer un mdp ?,cest sympa de nous donner des conseils comme activer le mfa2fa mais ya pas de mfa chez free nn merci de nous informer de la véracité de cette fuite de données genre vous savez pas chiffrer un mdp,2025-11-03 15:52:31
1848690684754002308,2024-10-22 13:39:40 +02:00,TiinoX83,"🚨 Énorme fuite de données chez Free 🚨\n\nUne base de données clients Freebox/Free Mobile serait en vente sur un site spécialisé !\n\nSi cela est avéré, 19,2 millions de clients pourraient être concernés, ainsi que 5,11 millions d’IBAN !\n\n@Free_1337 des infos ? https://t.co/6Ss12SWtRS",énorme fuite de données chez free nnune base de données clients freeboxfree mobile serait en vente sur un site spécialisé nnsi cela est avéré 192 millions de clients pourraient être concernés ainsi que 511 millions diban nn des infos,2025-11-03 15:52:31
1848694257487397173,2024-10-22 13:53:52 +02:00,UnKmerQuiTweet1,Bonjour @free à quand la communication sur la cyber attaque que vous avez subie et la fuite de données ?,bonjour à quand la communication sur la cyber attaque que vous avez subie et la fuite de données,2025-11-03 15:52:31
1848698316873245112,2024-10-22 14:10:00 +02:00,ntwolfmother,Bonjour @free @Xavier75 c’est vrai ?\n- et si c’est vrai il faut nous expliquer avec les termes simples quelles mesures avez vous pris pour protéger nos données et quel geste commercial vous effectuerez pour les abonnés au vu de cette éventuelle faille de sécurité ? Merci par avance,bonjour cest vrai n et si cest vrai il faut nous expliquer avec les termes simples quelles mesures avez vous pris pour protéger nos données et quel geste commercial vous effectuerez pour les abonnés au vu de cette éventuelle faille de sécurité merci par avance,2025-11-03 15:52:31
1848699620349681985,2024-10-22 14:15:11 +02:00,hideunwon,EUHHHH ..... @FREE ??,euhhhh,2025-11-03 15:52:31
1848703977111621664,2024-10-22 14:32:30 +02:00,SylvC83,"Bonjour @free @Freebox, j'ai 6 déconnexions en un mois sur ma ligne Freebox. Six fois que votre technicien se déplace pour me rebrancher et à chaque fois je suis débranché 24h après. Il serait temps de missionner un technicien qui s'occupe correctement du dossier non ?\nÇa coûte !",bonjour jai 6 déconnexions en un mois sur ma ligne freebox six fois que votre technicien se déplace pour me rebrancher et à chaque fois je suis débranché 24h après il serait temps de missionner un technicien qui soccupe correctement du dossier non nça coûte,2025-11-03 15:52:31
1848712625091158136,2024-10-22 15:06:51 +02:00,MeloarFreilhec,@illaninspire @Xavier75 @free C’était pas l’année dernière ça ?,cétait pas lannée dernière ça,2025-11-03 15:52:31
1848715540023353603,2024-10-22 15:18:26 +02:00,PrRoumanet,@free @Freebox @Free_1337 le #RGPD impose à une entreprise de déclarer dans les 72h si les comptes de ses utilisateurs ont été compromis...\n\nhttps://t.co/KKG4Q0qXR1,le impose à une entreprise de déclarer dans les 72h si les comptes de ses utilisateurs ont été compromisnn,2025-11-03 15:52:31
1848715673913921662,2024-10-22 15:18:58 +02:00,Kitishin,"Sachant que ni @LDLC ni @materielnet ne m'ont prévenue que mes données avaient fuité (mais vu le nombre de spam reçu sur leurs alias dédiés... ), j'attends donc les spams de @free (alors que je n'ai pas non plus reçu d'avertissement).\nC'est pas vraiment #rgpd friendly @CNIL",sachant que ni ni ne mont prévenue que mes données avaient fuité mais vu le nombre de spam reçu sur leurs alias dédiés jattends donc les spams de alors que je nai pas non plus reçu davertissementncest pas vraiment friendly,2025-11-03 15:52:31
1848721544253436219,2024-10-22 15:42:18 +02:00,KennethJKitsom,Aaaaaah putain d'merde!!!!\n@free bordel!!!???,aaaaaah putain dmerden bordel,2025-11-03 15:52:31
1848727798443049136,2024-10-22 16:07:09 +02:00,12janvier2019,On fait quoi? @free @Xavier75 ?,on fait quoi,2025-11-03 15:52:31
1848728940665356460,2024-10-22 16:11:41 +02:00,ap3375,"@free, @Xavier75, un mot d’explication peut-être ?",un mot dexplication peutêtre,2025-11-03 15:52:31
1848731547848815075,2024-10-22 16:22:03 +02:00,Djoe___,"Ah bah génial @free moi qui venait de faire transférer mes contrats chez vous, un mois après vous vous faites voler des infos clients.",ah bah génial moi qui venait de faire transférer mes contrats chez vous un mois après vous vous faites voler des infos clients,2025-11-03 15:52:31
1848735733701349740,2024-10-22 16:38:41 +02:00,Outman_echarki,Tranquille @free et @Xavier75,tranquille et,2025-11-03 15:52:31
1848738555054497890,2024-10-22 16:49:54 +02:00,AurL_Swx,Bonsoir @Freebox des nouvelles sur l’absence de service depuis ce matin dans le 13 ?! \n\nMerci,bonsoir des nouvelles sur labsence de service depuis ce matin dans le 13 nnmerci,2025-11-03 15:52:31
1848746291045482704,2024-10-22 17:20:38 +02:00,MickaelPinte,"Bonjour @free @Freebox Depuis hier midi, la chaîne @equidia numéro 176, l'image n'arrête pas de sauter.\n\nC'est la 1ère fois que cela arrive. J'espère que vous allez rapidement régler le problème car c'est compliqué de suivre une course avec une image qui saute et un son strident comme sur la vidéo.\n\nMerci de retweeter ceux qui ont le même problème pour remonter rapidement l'information. Merci à vous, Bonne journée 🏇🏇",bonjour depuis hier midi la chaîne numéro 176 limage narrête pas de sauternncest la 1ère fois que cela arrive jespère que vous allez rapidement régler le problème car cest compliqué de suivre une course avec une image qui saute et un son strident comme sur la vidéonnmerci de retweeter ceux qui ont le même problème pour remonter rapidement linformation merci à vous bonne journée,2025-11-03 15:52:31
1848747559285588206,2024-10-22 17:25:40 +02:00,MoOoviciii,@Freebox  salut bande de blaireaux ! Possible de vous sortir les doigts du derche et de m’envoyer un technicien qualifié pour me raccorder ! J’attends toujours Internet depuis le 28 juin !! Au lieu de m’envoyer vos grosses chèvres de prestataires !,salut bande de blaireaux possible de vous sortir les doigts du derche et de menvoyer un technicien qualifié pour me raccorder jattends toujours internet depuis le 28 juin au lieu de menvoyer vos grosses chèvres de prestataires,2025-11-03 15:52:31
1848755450314883148,2024-10-22 17:57:02 +02:00,CazierJP,"depuis le mois de juillet le réseau @free dysfonctionne sans cesse dans le 18e et @free ne fait rien (à part encaisser les abonnements, bien sûr) 💀",depuis le mois de juillet le réseau dysfonctionne sans cesse dans le 18e et ne fait rien à part encaisser les abonnements bien sûr,2025-11-03 15:52:31
1848758396012429657,2024-10-22 18:08:44 +02:00,MxlleSoPereira,"@free Depuis le 3 octobre je n’ai plus d’internet, j’en peux plus !!! Le service client inutile me donne aucune solution chaque fois des excuses différentes et des promesses en l’air !!!",depuis le 3 octobre je nai plus dinternet jen peux plus le service client inutile me donne aucune solution chaque fois des excuses différentes et des promesses en lair,2025-11-03 15:52:31
1848758519379493158,2024-10-22 18:09:13 +02:00,GaetanCopine,"Hey @Freebox j'ai envoyé un message WhatsApp hier à 18h j'ai toujours pas de nouvelles, et toujours pas internet car il y a un câble coupé.",hey jai envoyé un message whatsapp hier à 18h jai toujours pas de nouvelles et toujours pas internet car il y a un câble coupé,2025-11-03 15:52:31
1848764982931919015,2024-10-22 18:34:54 +02:00,MxlleSoPereira,@Freebox plus dinternet depuis le 3 octobre !!! Je dois faire quoi passer chez @SFR  ?,plus dinternet depuis le 3 octobre je dois faire quoi passer chez,2025-11-03 15:52:31
1848773384341164119,2024-10-22 19:08:18 +02:00,RLDI_Lamy,"""Alerte rouge chez #Free ! Les données bancaires de 5 millions de clients en vente sur le web""📍 https://t.co/xu2QAOhjl7 via @pressecitron",alerte rouge chez les données bancaires de 5 millions de clients en vente sur le web via,2025-11-03 15:52:31
1848785550083559745,2024-10-22 19:56:38 +02:00,jnnr243,Faut le faire pour avoir une pire connexion que @free,faut le faire pour avoir une pire connexion que,2025-11-03 15:52:31
1848827437641245025,2024-10-22 22:43:05 +02:00,Mr_Yaourt_Xw,Combiens seront les prix en 2027 ? @free \nMerci.,combiens seront les prix en 2027 nmerci,2025-11-03 15:52:31
1848857499778342924,2024-10-23 00:42:32 +02:00,Aralissou,"@free ça commence a me gonfler les pannes a répétition, je pense que je vais aller chez Bouygues 🤡",ça commence a me gonfler les pannes a répétition je pense que je vais aller chez bouygues,2025-11-03 15:52:31
1848858467307823247,2024-10-23 00:46:23 +02:00,092MLBOOA,@free ya toujours des probleme chez vous c’est incroyable https://t.co/nqIwkGFM2l,ya toujours des probleme chez vous cest incroyable,2025-11-03 15:52:31
1848859085774721353,2024-10-23 00:48:50 +02:00,majin_25,Ya une panne free ? @free,ya une panne free,2025-11-03 15:52:31
1848886461644337339,2024-10-23 02:37:37 +02:00,SarahFN__,@free pire opérateur 🤬,pire opérateur,2025-11-03 15:52:31
1848968137569386598,2024-10-23 08:02:10 +02:00,TessierCarolin8,"@free C’est bien joli de lire que Free est inventeur et tout le baratin, mais quand il faut joindre Free c’est galère. Après avoir passé en revue les tapez 1, tapez 2 et compagnie, Free vous raccroche au nez. \nSur WhatsApp c’est encore pire. Incompréhension totale 😳 https://t.co/kX8XQ6sxT3",cest bien joli de lire que free est inventeur et tout le baratin mais quand il faut joindre free cest galère après avoir passé en revue les tapez 1 tapez 2 et compagnie free vous raccroche au nez nsur whatsapp cest encore pire incompréhension totale,2025-11-03 15:52:31
1848995750853668890,2024-10-23 09:51:54 +02:00,cestclaudia,Donc la tout mon quartier est blacklisté de fibre (???) mais j’ai pas un seul mail de @free pour m’en informer. J’ai juste plus internet et je dois faire les recherches moi même et en attendant il prenne l’argent de mon abonnement. Ça me dégoûte,donc la tout mon quartier est blacklisté de fibre mais jai pas un seul mail de pour men informer jai juste plus internet et je dois faire les recherches moi même et en attendant il prenne largent de mon abonnement ça me dégoûte,2025-11-03 15:52:31
1849005397501231391,2024-10-23 10:30:14 +02:00,Otm923,"@free votre service est nul, sans  wifi et sans téléphone mobile pour les habitants de la ville d’Argenteuil depuis une semaine 0/5. Pas de prise en charge et en plus vous jeter le tort sur @SFR  comme étant votre fournisseur d’infrastructure.",votre service est nul sans wifi et sans téléphone mobile pour les habitants de la ville dargenteuil depuis une semaine 05 pas de prise en charge et en plus vous jeter le tort sur comme étant votre fournisseur dinfrastructure,2025-11-03 15:52:31
1849013397108523483,2024-10-23 11:02:01 +02:00,ctarkos,Hello @Freebox problèmes de réception de ma chaîne essentielle canal 176 @equidia. Un problème général ? Merci de votre réponse,hello problèmes de réception de ma chaîne essentielle canal 176 un problème général merci de votre réponse,2025-11-03 15:52:31
1849016123749974179,2024-10-23 11:12:51 +02:00,oiseauduvent,Hello @free pourquoi vous me privez de 5G ou tout simplement de me permettre d’appeler quand je suis à l’extérieur ?\nC’est parce que je me barre bientôt chez la concurrence ?\nMalhonnête vos pratiques commerciales !!!,hello pourquoi vous me privez de 5g ou tout simplement de me permettre dappeler quand je suis à lextérieur ncest parce que je me barre bientôt chez la concurrence nmalhonnête vos pratiques commerciales,2025-11-03 15:52:31
1849018716073206254,2024-10-23 11:23:09 +02:00,FeeSur,Impossible de se connecter à Zimbra Free encore ce matin… y a t-il des soucis ? @Freebox #free #zimbra #mail,impossible de se connecter à zimbra free encore ce matin y a til des soucis,2025-11-03 15:52:31
1849024606310367532,2024-10-23 11:46:34 +02:00,krakoO0,"@free bonjour,\nJe viens de m'abonner à la fibre et je suis déjà à l'étape 4 👍 par contre le rdv avec le technicien est fixé à lundi 28/10/2024 et la Freebox n'est toujours pas partie. Arriveras-t-elle à temps ?",bonjournje viens de mabonner à la fibre et je suis déjà à létape 4 par contre le rdv avec le technicien est fixé à lundi 28102024 et la freebox nest toujours pas partie arriverastelle à temps,2025-11-03 15:52:31
1849047372979970382,2024-10-23 13:17:02 +02:00,f4tug,"vachement utile les chatbot, ca fait 4 essais et 1h d'attente comme ca.\n@Freebox au top... (ou pas) https://t.co/hb7v75H4vy",vachement utile les chatbot ca fait 4 essais et 1h dattente comme can au top ou pas,2025-11-03 15:52:31
1849049476318494860,2024-10-23 13:25:23 +02:00,Carthagi_one,"@Freebox @free AVEC VOS BRANCHEMENTS SAUVAGES, DE LA FIBRE PAR DES SOUS TRAITANT SANS AUCUN DIPLÔME, VOUS FAITES DE LA MEEEEEEEERDE 💀🤬",avec vos branchements sauvages de la fibre par des sous traitant sans aucun diplôme vous faites de la meeeeeeeerde,2025-11-03 15:52:31
1849083169405907372,2024-10-23 15:39:16 +02:00,memsk91,"@free vous n’avez pas des abonnements, fibre optique, sans décodeur TV comme vos concurrents ?",vous navez pas des abonnements fibre optique sans décodeur tv comme vos concurrents,2025-11-03 15:52:31
1849099734092313042,2024-10-23 16:45:05 +02:00,sebngaz,"@free coupe encore aujourd’hui ,je ne peux plus bosser et toujours l assitance en PLS et whatapps ...rien le néant !!!",coupe encore aujourdhui je ne peux plus bosser et toujours l assitance en pls et whatapps rien le néant,2025-11-03 15:52:31
1849107958250066228,2024-10-23 17:17:46 +02:00,pmj,"@free après 12 jours d'attente (le délai prévu est - de 8H sur le contrat) pour 1 ligne PRO et de multiples relances je n'ai toujours pas de réponses, une Freebox  qu'affiche des messages d'erreur 650, une Box 4G+ Backup qui ne se connecte plus au réseau...",après 12 jours dattente le délai prévu est de 8h sur le contrat pour 1 ligne pro et de multiples relances je nai toujours pas de réponses une freebox quaffiche des messages derreur 650 une box 4g backup qui ne se connecte plus au réseau,2025-11-03 15:52:31
1849141395862507835,2024-10-23 19:30:38 +02:00,UniversFreebox,Un petit indice sur la surprise que lancera Free le mois prochain pour ses 25 ans https://t.co/UaGZMJf7Hx https://t.co/D5UvoHRPjW,un petit indice sur la surprise que lancera free le mois prochain pour ses 25 ans,2025-11-03 15:52:31
1849146116337754449,2024-10-23 19:49:24 +02:00,tibooob93,@free @Freebox normal que depuis hier on est que des coupures et plus de wifi ? \nJ’attends des réponses,normal que depuis hier on est que des coupures et plus de wifi njattends des réponses,2025-11-03 15:52:31
1849149794154926327,2024-10-23 20:04:01 +02:00,Merwanle,@Freebox on n’a pas eu de connexion pendant 2 heure et pourquoi ?,on na pas eu de connexion pendant 2 heure et pourquoi,2025-11-03 15:52:31
1849166662500766130,2024-10-23 21:11:02 +02:00,JuskoBDM,Pourquoi je ne peux pas voir le match du lille sur @canalplus alors que j'ai la chaine avec la freebox ultra ??? @free,pourquoi je ne peux pas voir le match du lille sur alors que jai la chaine avec la freebox ultra,2025-11-03 15:52:31
1849177147174228213,2024-10-23 21:52:42 +02:00,matthieu505,@free des pannes de wifi tous les jours vous allez payer pour mon thérapeute,des pannes de wifi tous les jours vous allez payer pour mon thérapeute,2025-11-03 15:52:31
1849209595648160102,2024-10-24 00:01:38 +02:00,Shinys5,Encore une panne #Freebox #Freemobile à #cholet. Quelqu'un a des infos sur les raisons ? 🔴,encore une panne à quelquun a des infos sur les raisons,2025-11-03 15:52:31
1849214435358814584,2024-10-24 00:20:52 +02:00,ECHASSERY,Et allé..... Encore une coupure territoriale de @Freebox..... https://t.co/B3wkqpG9Wh,et allé encore une coupure territoriale de,2025-11-03 15:52:31
1849224950856499438,2024-10-24 01:02:39 +02:00,vicofaria73a,"Hello @free je me demandais cette Freebox Ultra, elle est sans coupure internet tous les soirs de minuit à 5 heures ? Comme c'est écrit ""comme un air de jamais vu""",hello je me demandais cette freebox ultra elle est sans coupure internet tous les soirs de minuit à 5 heures comme cest écrit comme un air de jamais vu,2025-11-03 15:52:31
1849398548921569669,2024-10-24 12:32:28 +02:00,Gillet_Camille,"Allô, @Freebox et @free, pas d'internet depuis ce matin. Votre bot messenger me promet un appel conseiller, mais il semble que je peux aller me faire cuire le cul.\n\nJe vous garde une place ?",allô et pas dinternet depuis ce matin votre bot messenger me promet un appel conseiller mais il semble que je peux aller me faire cuire le culnnje vous garde une place,2025-11-03 15:52:31
1849411330547106260,2024-10-24 13:23:16 +02:00,Compas84,"@Freebox bonjour, est-ce normal que je n'ai pas de réseau depuis 10h, j'ai un oral très important à passer et je ne peux pas me connecter. Je suis en h+ alors que normalement,je suis en 5G sur mon forfait mobile donc c'est impossible pour moi de me connecter à monoral.aidezmoisvp https://t.co/a8xsgHDbCm",bonjour estce normal que je nai pas de réseau depuis 10h jai un oral très important à passer et je ne peux pas me connecter je suis en h alors que normalementje suis en 5g sur mon forfait mobile donc cest impossible pour moi de me connecter à monoralaidezmoisvp,2025-11-03 15:52:31
1849411986594930762,2024-10-24 13:25:52 +02:00,cecyle73,@free Quand Free refuse de déménager votre abonnement parce que leur matériel est bloqué au point relais depuis plus de 20 jours. Ben tu n'as pas d'autre choix que d'aller voir un autre opérateur non ?,quand free refuse de déménager votre abonnement parce que leur matériel est bloqué au point relais depuis plus de 20 jours ben tu nas pas dautre choix que daller voir un autre opérateur non,2025-11-03 15:52:31
1849413637003215306,2024-10-24 13:32:26 +02:00,Petit_filou_tub,"@Freebox Où est passé le sens commercial, aucune réponse par un être humain sur appli et aucune considération par la hotline 3244. Client depuis pas mal d'années box et mobile, contraint de résilier, aucun geste commercial proposé, on préfère perdre un client fidèle... Très déçu.",où est passé le sens commercial aucune réponse par un être humain sur appli et aucune considération par la hotline 3244 client depuis pas mal dannées box et mobile contraint de résilier aucun geste commercial proposé on préfère perdre un client fidèle très déçu,2025-11-03 15:52:31
1849428240378577341,2024-10-24 14:30:27 +02:00,arsouille,"hello @Xavier75 @Freebox  la ultra marche très bien, franchement merci ! juste un truc, les imprimantes n'aiment pas le 6Ghz, est-ce qu'il y a moyen de séparer la bande passante en 6 et 2,4 pour éviter de tout recâbler pour sortir une impression tout en gardant les perfs du 6GHz?",hello la ultra marche très bien franchement merci juste un truc les imprimantes naiment pas le 6ghz estce quil y a moyen de séparer la bande passante en 6 et 24 pour éviter de tout recâbler pour sortir une impression tout en gardant les perfs du 6ghz,2025-11-03 15:52:31
1849428824821317871,2024-10-24 14:32:47 +02:00,AlexLeMagnifik,Webmail de @free en panne. Impossible de se connecter depuis presque une heure. https://t.co/GEgcvDJmqf,webmail de en panne impossible de se connecter depuis presque une heure,2025-11-03 15:52:31
1849450508336894027,2024-10-24 15:58:56 +02:00,xLiveYourDreamx,"@free vous me faites péter mon crâne sérieux, des pannes tout les jours, toutes les semaines des RDV avec des techniciens qui sont annuler ... Vous jouez à quoi sérieux ?",vous me faites péter mon crâne sérieux des pannes tout les jours toutes les semaines des rdv avec des techniciens qui sont annuler vous jouez à quoi sérieux,2025-11-03 15:52:31
1849488819004866690,2024-10-24 18:31:10 +02:00,MinayPv,2e technicien qui bouge chez moi pour m'installer ma prise fibre et TOUJOURS pas d'installation de faite pcq les techniciens de @free sont des branleurs\n\nVous misez sur combien de passage avant que j'ai ma fibre sachant que c'est assez urgent ?,2e technicien qui bouge chez moi pour minstaller ma prise fibre et toujours pas dinstallation de faite pcq les techniciens de sont des branleursnnvous misez sur combien de passage avant que jai ma fibre sachant que cest assez urgent,2025-11-03 15:52:31
1849496482505998533,2024-10-24 19:01:38 +02:00,MegNEPAUL,"@free j ai plus internet depuis hier 22h50. Impossible de joindre Free, téléphone, assistance Free , et whatsapp aucune réponse.",j ai plus internet depuis hier 22h50 impossible de joindre free téléphone assistance free et whatsapp aucune réponse,2025-11-03 15:52:31
1849507363369177513,2024-10-24 19:44:52 +02:00,jhmaurice,Bsr @Xavier75. Désolé de vous écrire mais cela fait 03 semaines que mes services @Freebox Ultra Fibre Optique sont HS à Paris 75017 et la date de remise en service est repoussée d’une semaine à chaque fois que je demande. (1/3),bsr désolé de vous écrire mais cela fait 03 semaines que mes services ultra fibre optique sont hs à paris 75017 et la date de remise en service est repoussée dune semaine à chaque fois que je demande 13,2025-11-03 15:52:31
1849507736121376942,2024-10-24 19:46:21 +02:00,haskoo_psg,@free  Vous mettez 20min à répondre au tel tout sa pour avoir quelqun a l’appareil.. \nEn plus ils nous laissent dans la 💩car il a aucune solution et quand sa commence a lui parler cru il raccroche au nez. On veut la connexion,vous mettez 20min à répondre au tel tout sa pour avoir quelqun a lappareil nen plus ils nous laissent dans la car il a aucune solution et quand sa commence a lui parler cru il raccroche au nez on veut la connexion,2025-11-03 15:52:31
1849518976394473959,2024-10-24 20:31:01 +02:00,Hotanegeo,"@free bonjour, chez vous on peut changer de forfait Freebox que si ils coûtent plus cher ? Je voudrais profiter de la Freebox light mais on me dit que c'est pour les nouveaux clients.. c'est indiqué nul part sur votre site.",bonjour chez vous on peut changer de forfait freebox que si ils coûtent plus cher je voudrais profiter de la freebox light mais on me dit que cest pour les nouveaux clients cest indiqué nul part sur votre site,2025-11-03 15:52:31
1849555669440946647,2024-10-24 22:56:49 +02:00,_fyr,Les enfoirés de @Free_1337 @free qui m’envoient un spam pour DAZN alors que j’ai explicitement dit non\n\nIls vous payent combien @DAZN_FR pour ne pas tenir compte de l’out_out explicte ? \n\nCoucou @CNIL \n\nEt expliquez nous la différence entre ne pas recevoir et recevoir aucun ? https://t.co/ujORMLjSzV,les enfoirés de qui menvoient un spam pour dazn alors que jai explicitement dit nonnnils vous payent combien pour ne pas tenir compte de lout_out explicte nncoucou nnet expliquez nous la différence entre ne pas recevoir et recevoir aucun,2025-11-03 15:52:31
1849559983156846756,2024-10-24 23:13:57 +02:00,konkroumol,@free en l’espace de même pas un mois je rencontre 3/4 coupure internet intempestives ?! Si vous ne pouvez pas me fournir une qualité de service continue je vais devoir résilier,en lespace de même pas un mois je rencontre 34 coupure internet intempestives si vous ne pouvez pas me fournir une qualité de service continue je vais devoir résilier,2025-11-03 15:52:31
1849564735890501929,2024-10-24 23:32:50 +02:00,kakkz350184,@Freebox encore plus de fibre comme hier,encore plus de fibre comme hier,2025-11-03 15:52:31
1849705924719436061,2024-10-25 08:53:52 +02:00,Obonok1,@Freebox j’ai besoin d’un renseignement en mp,jai besoin dun renseignement en mp,2025-11-03 15:52:31
1849711055506747426,2024-10-25 09:14:16 +02:00,Roryacnh,"@free décidément... qui coupe la ligne à tord, sans notre accord, c'est la 2eme fois en 1 mois et demi. C'est inadmissible, je n’avais encore jamais vue autant d’incompétence et de je m’en foutisme au meme endroit!!",décidément qui coupe la ligne à tord sans notre accord cest la 2eme fois en 1 mois et demi cest inadmissible je navais encore jamais vue autant dincompétence et de je men foutisme au meme endroit,2025-11-03 15:52:31
1849711470897930660,2024-10-25 09:15:55 +02:00,twced101,@Free_1337 @Freebox une explication concernant les pannes recurrentes la nuit sur la fibre et le mobile sur le sud du Maine et Loire (3 pannes de plusieurs heures en une semaine) ?,une explication concernant les pannes recurrentes la nuit sur la fibre et le mobile sur le sud du maine et loire 3 pannes de plusieurs heures en une semaine,2025-11-03 15:52:31
1849750745744048448,2024-10-25 11:51:59 +02:00,freber34,"@Freebox \n\nBonjour, pourquoi un pack freeboxpop TV by canal (ce n’est pas une option) souscrit depuis plusieurs années à 44,99€ ne peut il pas être transformé en freeboxpop 39,99€?",nnbonjour pourquoi un pack freeboxpop tv by canal ce nest pas une option souscrit depuis plusieurs années à 4499 ne peut il pas être transformé en freeboxpop 3999,2025-11-03 15:52:31
1849763637361041444,2024-10-25 12:43:12 +02:00,__lissahong,2e fois dans la semaine que j'ai plus internet et bien évidemment pas d'intervention avant lundi ! \nInadmissible @Freebox \nEngagez plus de technicien je sais pas ?!,2e fois dans la semaine que jai plus internet et bien évidemment pas dintervention avant lundi ninadmissible nengagez plus de technicien je sais pas,2025-11-03 15:52:31
1849778253004771501,2024-10-25 13:41:17 +02:00,Vin_centValence,"@Freebox suite résiliation, j'ai retourné en point relais le matériel. Je reçois un message de votre part m'indiquant que vous n'avez rien reçu + pénalité financière si vous ne recevez pas le matériel.... quoi faire....",suite résiliation jai retourné en point relais le matériel je reçois un message de votre part mindiquant que vous navez rien reçu pénalité financière si vous ne recevez pas le matériel quoi faire,2025-11-03 15:52:31
1849803238708498564,2024-10-25 15:20:34 +02:00,lmondeestfou,@Freebox bonjour.l'assistance abonné freebox est toujours opérationnelle?,bonjourlassistance abonné freebox est toujours opérationnelle,2025-11-03 15:52:31
1849818719142191476,2024-10-25 16:22:05 +02:00,kab0shi,@free pitié j’ai ni de 5g ni de wifi depuis bientôt 15 minutes qu’est ce qu’il se passe https://t.co/jK6mo3omUb,pitié jai ni de 5g ni de wifi depuis bientôt 15 minutes quest ce quil se passe,2025-11-03 15:52:31
1849836957683081537,2024-10-25 17:34:33 +02:00,pucelily,"@free pas de tv, pas d'internet et impossible de joindre l'assistance ! Bravo ça fonctionne bien 😡",pas de tv pas dinternet et impossible de joindre lassistance bravo ça fonctionne bien,2025-11-03 15:52:31
1849842813401186360,2024-10-25 17:57:49 +02:00,Bob3404,"Je n'ai jamais été autant emmerdé avec la fibre interne, depuis que je suis passé chez @Freebox @free !! Même chez @SFR j'étais pas emmerdé à ce point ! https://t.co/CFbr0mR2J4",je nai jamais été autant emmerdé avec la fibre interne depuis que je suis passé chez même chez jétais pas emmerdé à ce point,2025-11-03 15:52:31
1849847885916963324,2024-10-25 18:17:59 +02:00,MichaelKael14,"Panne #fibre chez @free sur le 54 depuis deux bonnes heures 😡.\nLes prix de la fibre, eux, ne sont pas en panne !",panne chez sur le 54 depuis deux bonnes heures nles prix de la fibre eux ne sont pas en panne,2025-11-03 15:52:31
1849856087534772487,2024-10-25 18:50:34 +02:00,stephanie_srl,"Bonjour @free impossible de se connecter au site aujourd’hui, soit disant que l’identifiant ou le mot de passe est incorrect. Impossible puisqu’enregistré dans mon browser, qui remplit automatiquement ces champs. Que se passe t’il ?",bonjour impossible de se connecter au site aujourdhui soit disant que lidentifiant ou le mot de passe est incorrect impossible puisquenregistré dans mon browser qui remplit automatiquement ces champs que se passe til,2025-11-03 15:52:31
1849856788725907471,2024-10-25 18:53:21 +02:00,MPERRIN73,"@free \nVu qu'appeler le 3244 ne sert a rien, je vous écris ici. Depuis le moi de mai j'essaie d'être raccordé à la fibre. Tout commence bien avec un rdv rapide. Pas de chance, fourreau bouché. Au 3244 on me dit pas de souci, une autre équipe va venir avec plus de moyens. 1/6 🧵",nvu quappeler le 3244 ne sert a rien je vous écris ici depuis le moi de mai jessaie dêtre raccordé à la fibre tout commence bien avec un rdv rapide pas de chance fourreau bouché au 3244 on me dit pas de souci une autre équipe va venir avec plus de moyens 16,2025-11-03 15:52:31
1849861317177508130,2024-10-25 19:11:21 +02:00,MEGrignon,"@Freebox Bonsoir ! Je vous ai envoyé un message sur Messenger et sur WhatsApp, je n'ai pas de réponse, c'est pour une facture de résiliation",bonsoir je vous ai envoyé un message sur messenger et sur whatsapp je nai pas de réponse cest pour une facture de résiliation,2025-11-03 15:52:31
1849868738641920362,2024-10-25 19:40:50 +02:00,gkybrs10,@free c’est quoi ce bordel même pas un mois et on a plus internet à la maison?,cest quoi ce bordel même pas un mois et on a plus internet à la maison,2025-11-03 15:52:31
1849870490388804027,2024-10-25 19:47:48 +02:00,aloptimix,"@free Toi aussi tu as tout compris, sauf internet ? #free #panne #internet",toi aussi tu as tout compris sauf internet,2025-11-03 15:52:31
1849872267246960825,2024-10-25 19:54:52 +02:00,NicolasNolay,"@free ça va les pannes a répétition ça vous gêne pas vous en tout cas hein ... T'en a marre de payé pour avoir internet a mi-temps seulement !!! Va falloir réglé vos problèmes de serveurs et vite , depuis 16h là c'est en panne dans des milliers de foyers mais bref 😡😡",ça va les pannes a répétition ça vous gêne pas vous en tout cas hein ten a marre de payé pour avoir internet a mitemps seulement va falloir réglé vos problèmes de serveurs et vite depuis 16h là cest en panne dans des milliers de foyers mais bref,2025-11-03 15:52:31
1849877072400859175,2024-10-25 20:13:57 +02:00,AlexandreVoltz,"@free Une panne le jour de la sortie de BO6 je vous pardonnerai jamais, il est encore temps de pas gâcher ma soirée ça fait 6h maintenant, vos techniciens sont entrain de jouer eux aussi?",une panne le jour de la sortie de bo6 je vous pardonnerai jamais il est encore temps de pas gâcher ma soirée ça fait 6h maintenant vos techniciens sont entrain de jouer eux aussi,2025-11-03 15:52:31
1849891156647088506,2024-10-25 21:09:55 +02:00,Legolas_HB,Merci @free @Freebox pour la panne fibre depuis cet après-midi… Aucune nouvelle mais par contre le prix lui est toujours là 👀,merci pour la panne fibre depuis cet aprèsmidi aucune nouvelle mais par contre le prix lui est toujours là,2025-11-03 15:52:31
1849896518754402355,2024-10-25 21:31:14 +02:00,xDarkioE4T,"Trop bien la @Freebox qui te coupe internet un vendredi soir, pile quand tu veux te reposer le weekend 🤡",trop bien la qui te coupe internet un vendredi soir pile quand tu veux te reposer le weekend,2025-11-03 15:52:31
1849901352547188995,2024-10-25 21:50:26 +02:00,AnneDervout17,"@Freebox la box free et le réseau free fonctionne très mal ,de plus la fibre arrive chez moi avec tous les autres opérateurs sauf free ,je vais devoir changer d opérateur si vous n arrivez pas à suivre .que proposez vous ?",la box free et le réseau free fonctionne très mal de plus la fibre arrive chez moi avec tous les autres opérateurs sauf free je vais devoir changer d opérateur si vous n arrivez pas à suivre que proposez vous,2025-11-03 15:52:31
1849904407359492163,2024-10-25 22:02:34 +02:00,Inconnudejapris,@free et sinon vous n'avez pas des infos sur la panne ? Car ça fait 5h qu'on attend la 😅,et sinon vous navez pas des infos sur la panne car ça fait 5h quon attend la,2025-11-03 15:52:31
1849918321677959497,2024-10-25 22:57:52 +02:00,Vype_Nicou,@free effrayant les freebox 1er mois chez eux et déjà plus de réseau internet pas un seul effort ça donne pas envie de rester,effrayant les freebox 1er mois chez eux et déjà plus de réseau internet pas un seul effort ça donne pas envie de rester,2025-11-03 15:52:31
1849936665684398098,2024-10-26 00:10:45 +02:00,jimmy_wtkns,@free ça va ? On vous dérange pas trop d’avoir des pannes limite toutes les semaines alors qu’on paye tous les mois ? + aujourd’hui avec la sortie de bo6 ?\nFinalement orange m’intéresse de plus en plus et j’pense que je suis pas le seul..,ça va on vous dérange pas trop davoir des pannes limite toutes les semaines alors quon paye tous les mois aujourdhui avec la sortie de bo6 nfinalement orange mintéresse de plus en plus et jpense que je suis pas le seul,2025-11-03 15:52:31
1849938981552599508,2024-10-26 00:19:58 +02:00,kyzslss,@free vous pouvez améliorer votre service de connexion ? j’en ai marre des freeze sur mon fut champion,vous pouvez améliorer votre service de connexion jen ai marre des freeze sur mon fut champion,2025-11-03 15:52:31
1850074801668284765,2024-10-26 09:19:40 +02:00,AdrienGon62720,@free @free_1337 @Xavier75 \nMais elles sont où mes données maintenant ? https://t.co/mBdzsYU7ba,nmais elles sont où mes données maintenant,2025-11-03 15:52:31
1851546959221326259,2024-10-30 09:49:29 +01:00,alex033087,"@Orange_conseil @free Messieurs les OI et les OC, je suis raccordable sur demande à la FTTH, donc je vous le demande... Raccordez-mois s'il vous plait. https://t.co/fFBsykSabH",messieurs les oi et les oc je suis raccordable sur demande à la ftth donc je vous le demande raccordezmois sil vous plait,2025-11-03 15:52:31
1851576118119108876,2024-10-30 11:45:21 +01:00,AlertesInfos,"🤳🇫🇷 Selon vous, quel est le pire opérateur en France et pourquoi ?",selon vous quel est le pire opérateur en france et pourquoi,2025-11-03 15:52:31
1851797936956407933,2024-10-31 02:26:47 +01:00,al_betino,Freebox je paye un abonnement chaque mois pour qu'au final voila 2h qu'internet a coupé et pourtant j'ai pris votre fibre et tout.\nBref toujours bloqué a l'étape 3 de la box quel service de merde sérieux @Freebox,freebox je paye un abonnement chaque mois pour quau final voila 2h quinternet a coupé et pourtant jai pris votre fibre et toutnbref toujours bloqué a létape 3 de la box quel service de merde sérieux,2025-11-03 15:52:31
1852265633632735547,2024-11-01 09:25:15 +01:00,PKN_studio,@free ou l’entreprise de l’arnaque,ou lentreprise de larnaque,2025-11-03 15:52:31
1852266664441594346,2024-11-01 09:29:20 +01:00,ponceto91,"Si vous faites (comme moi) partie des victimes du vol de données chez @Free_1337 alors je ne peux que vous recommander de lire l'article suivant, puisque chez @Xavier75 on a l'air de s'en battre les reins ⬇️",si vous faites comme moi partie des victimes du vol de données chez alors je ne peux que vous recommander de lire larticle suivant puisque chez on a lair de sen battre les reins,2025-11-03 15:52:31
1852273730933645670,2024-11-01 09:57:25 +01:00,dlnraja,@Freebox @free on peu rattâcher une Freebox devialet a un autre compte ultra sans résiliation ?\n\nCordialement.\n\nLe 3244 m'a deja refusé un rattachement d'un autre boîtier tv devialet... https://t.co/9dxIc4ZbXD,on peu rattâcher une freebox devialet a un autre compte ultra sans résiliation nncordialementnnle 3244 ma deja refusé un rattachement dun autre boîtier tv devialet,2025-11-03 15:52:31
1852293442220531884,2024-11-01 11:15:45 +01:00,BonplanIDF75,"N'allez jamais chez free, sa pue la merde, 10 jours sans internet, ils installent des backup qui ne fonctionnent même pas. Plus jamais free ! @Freebox",nallez jamais chez free sa pue la merde 10 jours sans internet ils installent des backup qui ne fonctionnent même pas plus jamais free,2025-11-03 15:52:31
1852436691711353071,2024-11-01 20:44:58 +01:00,dubois_jason_77,"@free Encore une soirée sans internet. Ça fait un an que le problème perdure. Un an que je vous envoie des messages, un an que vous ne faites rien vous ne réglez pas mon problème. L’an dernier une conseillère me dit « août 2023 la fibre arrive chez vous »  🤡",encore une soirée sans internet ça fait un an que le problème perdure un an que je vous envoie des messages un an que vous ne faites rien vous ne réglez pas mon problème lan dernier une conseillère me dit août 2023 la fibre arrive chez vous,2025-11-03 15:52:31
1852440162451558411,2024-11-01 20:58:46 +01:00,CreepyOni_,@free @Freebox  je me tape des gros bugs de connexion toutes les 10 minutes malgré mon réseau fibré. Ça commence vraiment à m'énerver là. https://t.co/sUjgUgikzp,je me tape des gros bugs de connexion toutes les 10 minutes malgré mon réseau fibré ça commence vraiment à ménerver là,2025-11-03 15:52:31
1852440566870561010,2024-11-01 21:00:22 +01:00,1MaS_lovebillie,@free c normal ma connexion bug alors que d'habitude ça marche bien ?,c normal ma connexion bug alors que dhabitude ça marche bien,2025-11-03 15:52:31
1852443026951721023,2024-11-01 21:10:09 +01:00,TonneFoudre,"Je regarde la pub @free et je suis en train de me demander si je ne suis pas plutôt abonné a @reef_telecom ?\nJ'ai le player relié a la @Freebox qui saute tous les 1/4 d'heure, impossible de regarder un truc en continu ..\nJe suis reparti sur la TNT 🥴 https://t.co/RV9XZppkK3",je regarde la pub et je suis en train de me demander si je ne suis pas plutôt abonné a njai le player relié a la qui saute tous les 14 dheure impossible de regarder un truc en continu nje suis reparti sur la tnt,2025-11-03 15:52:31
1852457506603417955,2024-11-01 22:07:41 +01:00,Nywox75,@Freebox  @free Venez privée svp,venez privée svp,2025-11-03 15:52:31
1852470114253230309,2024-11-01 22:57:47 +01:00,Thiibau_lt,@free vous êtes des bons a rien laisser moi jouer à la Play bordel,vous êtes des bons a rien laisser moi jouer à la play bordel,2025-11-03 15:52:31
1852479050373370165,2024-11-01 23:33:17 +01:00,tessprs,@free bonjour vous répondez ou svp ? Ni sur x ni messenger...,bonjour vous répondez ou svp ni sur x ni messenger,2025-11-03 15:52:31
1852647876909773022,2024-11-02 10:44:09 +01:00,fontaineantoin8,Sympa @free \n1 mois que je suis dans mon nouveau logement j ai passer 1 semaine et demi sans réseau ni 5 g et maintenant 3 jour sans box télé \nEt quand on appelé on nous dis que le problème et en cour de traitement \nOn fais comment ?,sympa n1 mois que je suis dans mon nouveau logement j ai passer 1 semaine et demi sans réseau ni 5 g et maintenant 3 jour sans box télé net quand on appelé on nous dis que le problème et en cour de traitement non fais comment,2025-11-03 15:52:31
1852676253179888080,2024-11-02 12:36:54 +01:00,sillon03,"Allo @Freebox ?? Vous annulez rdv intervention prévue a domicile suite souci connexion  sans me dire pourquoi ! Et zéro info sur mon compte en ligne, rubrique assistance, zéro conseiller joignable ! Contactez moi en mp!",allo vous annulez rdv intervention prévue a domicile suite souci connexion sans me dire pourquoi et zéro info sur mon compte en ligne rubrique assistance zéro conseiller joignable contactez moi en mp,2025-11-03 15:52:31
1852699880105427016,2024-11-02 14:10:47 +01:00,Hnry_69,@free abonne à la free pop fibre depuis 1 mois … ma fille attend toujours que ça marche !!! Appel tous les jours… problème toujours pas résolu ! Bravo Free! Service client et technique d’une incompétence rare !,abonne à la free pop fibre depuis 1 mois ma fille attend toujours que ça marche appel tous les jours problème toujours pas résolu bravo free service client et technique dune incompétence rare,2025-11-03 15:52:31
1852721817217101886,2024-11-02 15:37:57 +01:00,ShopeLeLion,@free ma box qui coupe tous les 3j ça va aussi je peux avoir internet ouuuu ?,ma box qui coupe tous les 3j ça va aussi je peux avoir internet ouuuu,2025-11-03 15:52:31
1852724901351735428,2024-11-02 15:50:13 +01:00,Risjo_Ozil11,C'est génial @free maintenant tu dois attendre que le conseiller te réponde t'as même plus de contact téléphonique je pense qu'on va très vite changer d'opérateur vous êtes trop des clowns,cest génial maintenant tu dois attendre que le conseiller te réponde tas même plus de contact téléphonique je pense quon va très vite changer dopérateur vous êtes trop des clowns,2025-11-03 15:52:31
1852740121151299592,2024-11-02 16:50:41 +01:00,Chareyron12,@free 2 semaine sans internet catastrophique !,2 semaine sans internet catastrophique,2025-11-03 15:52:31
1852779420445974849,2024-11-02 19:26:51 +01:00,PabloRaclette,"@freemobile @Free_1337 l assistance free par whatsapp, c'est 1 reponse 3j + tard pour te demander si ton pb est tjrs d actu, et redisparaitre 3j pour recommencer. L assistance par tel, c'est on ne comprend pas, mais suffit de prendre une box plus cher. Merci free. 15j sans wifi!",l assistance free par whatsapp cest 1 reponse 3j tard pour te demander si ton pb est tjrs d actu et redisparaitre 3j pour recommencer l assistance par tel cest on ne comprend pas mais suffit de prendre une box plus cher merci free 15j sans wifi,2025-11-03 15:52:31
1852807407694491923,2024-11-02 21:18:04 +01:00,TiinoX83,"Bon @Free, il serait temps de sortir une box 5G illimitée ! \n\nUne box 4G+ avec 250 Go par mois, ce n’est pas terrible, surtout comparé aux concurrents … https://t.co/1P0Vk4IlIF",bon il serait temps de sortir une box 5g illimitée nnune box 4g avec 250 go par mois ce nest pas terrible surtout comparé aux concurrents,2025-11-03 15:52:31
1852812276757299275,2024-11-02 21:37:25 +01:00,steven_bellier,"bonjour @free @Xavier75 cela fait 7 mois qu'on nous balade pour notre connexion fibre. Le passage de plusieurs technicien n'y change rien. Devra t'on résilier? l'assistance a deja été contacté a plusieurs reprise, mais aucune solution de proposer a part patienter...",bonjour cela fait 7 mois quon nous balade pour notre connexion fibre le passage de plusieurs technicien ny change rien devra ton résilier lassistance a deja été contacté a plusieurs reprise mais aucune solution de proposer a part patienter,2025-11-03 15:52:31
1852817093365780665,2024-11-02 21:56:33 +01:00,UnSeulMo,Bonjour @Freebox\nDepuis hier soir j'ai des déconnexions et synchronisations intempestives sur ma Freebox Pop c'est un calvaire!!!!\nPouvez vous m'aider a résoudre ce problème qui me tue je suis à bout.... https://t.co/Giw4Xf7AD3,bonjour ndepuis hier soir jai des déconnexions et synchronisations intempestives sur ma freebox pop cest un calvairenpouvez vous maider a résoudre ce problème qui me tue je suis à bout,2025-11-03 15:52:31
1852822606204035231,2024-11-02 22:18:27 +01:00,pharaon_alain,Depuis 20h30 plus de réception e-mail de free @UniversFreebox @free peux être problème réseau server @TiinoX83 ??? https://t.co/zW2mr1ibQA,depuis 20h30 plus de réception email de free peux être problème réseau server,2025-11-03 15:52:31
1852828785776746881,2024-11-02 22:43:01 +01:00,LC_RECODE,"@free @Xavier75 @Freebox Depuis 1 heure, + ou - 21H40 ce samedi 2/11. Impossible de se connecter aux mails de free. Ça commence à faire beaucoup free ! https://t.co/RyXa4DAKvM",depuis 1 heure ou 21h40 ce samedi 211 impossible de se connecter aux mails de free ça commence à faire beaucoup free,2025-11-03 15:52:31
1852842306988069355,2024-11-02 23:36:44 +01:00,Poissonhamsa,"Dites, pour ceux qui vivent en région parisienne et ont un abonnement mobile avec @free , internet a été rétabli pour vous ? Plus de 15 jours que la coupure dure....",dites pour ceux qui vivent en région parisienne et ont un abonnement mobile avec internet a été rétabli pour vous plus de 15 jours que la coupure dure,2025-11-03 15:52:31
1852859474098245801,2024-11-03 00:44:57 +01:00,Badre_Amine,"Il a piraté ⁦⁦@free⁩ , il a tout compris. https://t.co/XWLocDkenW",il a piraté il a tout compris,2025-11-03 15:52:31
1853032128520335515,2024-11-03 12:11:01 +01:00,Captain_Misaki,@Freebox je vais commencer à insulter vos mère ça fait 24h que ma free est bloqué à l’étape 2,je vais commencer à insulter vos mère ça fait 24h que ma free est bloqué à létape 2,2025-11-03 15:52:31
1853064297368125610,2024-11-03 14:18:51 +01:00,PoupetJoris,"Depuis hier, la connexion ADSL de @free coupe, aujourd'hui, jour où je travaille sur le site de l'associations, c'est impossible de bosser. Nous payons cher pour des coupures ! @60millions #Internet",depuis hier la connexion adsl de coupe aujourdhui jour où je travaille sur le site de lassociations cest impossible de bosser nous payons cher pour des coupures,2025-11-03 15:52:31
1853090292670267632,2024-11-03 16:02:09 +01:00,Pharell2X,@free pourquoi j’ai des bugs de connexion comme si je payais pas la fibre tout les mois ?,pourquoi jai des bugs de connexion comme si je payais pas la fibre tout les mois,2025-11-03 15:52:31
1853136632284602603,2024-11-03 19:06:17 +01:00,KiyoroYT,Pas de Wi-Fi jusqu'à JEUDI car certains fils de pute (oui je parle de vous @free ) arrivent pas à régler un problème de connexion que je signale depuis 2 mois car ils n'y ont pas prêté attention. Je répète CA FAIT 2 PUTAINS DE MOIS QUE JE LE SIGNALE EN BOUCLE BRJRGHFJKDB,pas de wifi jusquà jeudi car certains fils de pute oui je parle de vous arrivent pas à régler un problème de connexion que je signale depuis 2 mois car ils ny ont pas prêté attention je répète ca fait 2 putains de mois que je le signale en boucle brjrghfjkdb,2025-11-03 15:52:31
1853190256243175564,2024-11-03 22:39:22 +01:00,mike5925,"@Freebox Bonjour, je n'ai plus internet depuis le 24 Octobre et un ticket à été ouvert le même jour mais je n'ai aucune nouvelle.\nJ'ai essayé d'appeler mais vu qu'il y a un ticket d'ouvert le répondeur téléphonique a raccroché.\nEst-il possible d'avoir des renseignements ? merci",bonjour je nai plus internet depuis le 24 octobre et un ticket à été ouvert le même jour mais je nai aucune nouvellenjai essayé dappeler mais vu quil y a un ticket douvert le répondeur téléphonique a raccrochénestil possible davoir des renseignements merci,2025-11-03 15:52:31
1853341304781951356,2024-11-04 08:39:35 +01:00,CeceServiable,Un nouveau jour se lève sans webmail @free @Free_1337 @Freebox @freemobile @Xavier75 on s’en occupe cette semaine ?!,un nouveau jour se lève sans webmail on sen occupe cette semaine,2025-11-03 15:52:31
1853366027276501393,2024-11-04 10:17:49 +01:00,Les_Bogdan_OFF,"@Freebox \nC'est une blague votre service d'assistance par whatsapp. \n\n""Désolé pour les 2 jours d'attente, nous avons pas de réponse à vous apporter. Si vous en voulez une, merci de renvoyer un autre whatsapp"" \n\nLa blague. https://t.co/74j5mAgvAp",ncest une blague votre service dassistance par whatsapp nndésolé pour les 2 jours dattente nous avons pas de réponse à vous apporter si vous en voulez une merci de renvoyer un autre whatsapp nnla blague,2025-11-03 15:52:31
1853370810741690745,2024-11-04 10:36:49 +01:00,Utilisateur2184,"@free \nBonjour,\n\nJe rencontre des difficultés pour contacter l’assistance Free. (nouveau client)\nj'appelle le 3244, je saisis mon identifiant et mon mot de passe en 4 chiffres comme demandé. Ensuite, un message automatique m’informe qu’un SMS me sera envoyé. je recois mais ca bug",nbonjournnje rencontre des difficultés pour contacter lassistance free nouveau clientnjappelle le 3244 je saisis mon identifiant et mon mot de passe en 4 chiffres comme demandé ensuite un message automatique minforme quun sms me sera envoyé je recois mais ca bug,2025-11-03 15:52:31
1853396813602017474,2024-11-04 12:20:09 +01:00,NicoZudin,"@free @Orange_France Bon ça fait trois semaines que la fibre free ne fonctionne  plus sur Avon 77210. Une panne visiblement au niveau de l'armoire sur la voie publique.\nC'est assez scandaleux non seulement ce délai, mais surtout de n'avoir aucune date de réparation.",bon ça fait trois semaines que la fibre free ne fonctionne plus sur avon 77210 une panne visiblement au niveau de larmoire sur la voie publiquencest assez scandaleux non seulement ce délai mais surtout de navoir aucune date de réparation,2025-11-03 15:52:31
1853402443037442140,2024-11-04 12:42:31 +01:00,NedxMacBethx,"@Freebox Hello vous! \n15 jours sans services, 15 jours sans geste commercial de l'entreprise, ni proposition d'une clef 4G ou quoi, pas d'information sur l'incident ni le pourquoi. Bref, on fait quoi les copains ? (À part me prendre pour un faisan, bien-sûr ! 🙂👌🏻)",hello vous n15 jours sans services 15 jours sans geste commercial de lentreprise ni proposition dune clef 4g ou quoi pas dinformation sur lincident ni le pourquoi bref on fait quoi les copains à part me prendre pour un faisan biensûr,2025-11-03 15:52:31
1853454827965046991,2024-11-04 16:10:41 +01:00,Bueteric,@free bonjour. Je suis dans l'attente de l'intervention demandée depuis le 23 octobre. Je me suis mis en congé pour que le technicien puisse passer entre 14 et 16. Il est 16h07.  \nC'est beau. Entre rapidité et efficacité. Bravo,bonjour je suis dans lattente de lintervention demandée depuis le 23 octobre je me suis mis en congé pour que le technicien puisse passer entre 14 et 16 il est 16h07 ncest beau entre rapidité et efficacité bravo,2025-11-03 15:52:31
1853456084175814884,2024-11-04 16:15:40 +01:00,Bueteric,"@Freebox Bravo. \n1 appel le 23 octobre pour soucis connexion. \nPas de rdv avant le 4.11. \nRdv pour 14-16h. \nJ'ai posé congé, il est 16h16 et toujours personne. \nFoutage de gueule ?",bravo n1 appel le 23 octobre pour soucis connexion npas de rdv avant le 411 nrdv pour 1416h njai posé congé il est 16h16 et toujours personne nfoutage de gueule,2025-11-03 15:52:31
1853465893214228781,2024-11-04 16:54:39 +01:00,Serievoreverse,"@free 2 eme fois en 3 semaine que j'ai plus ni de Wi-Fi ni de TV, le télétravail avec vous ça existe plus ... et plus moyen d'avoir quelqu'un au téléphone non plus... quel bonheur!",2 eme fois en 3 semaine que jai plus ni de wifi ni de tv le télétravail avec vous ça existe plus et plus moyen davoir quelquun au téléphone non plus quel bonheur,2025-11-03 15:52:31
1853474504694989085,2024-11-04 17:28:52 +01:00,Salvatorrreeeee,@Freebox  je n’ai pas internet depuis 1 mois malgré plusieurs appels SVP AIDEZ MOI,je nai pas internet depuis 1 mois malgré plusieurs appels svp aidez moi,2025-11-03 15:52:31
1853477044861964562,2024-11-04 17:38:58 +01:00,Fladiosbangs,"@Freebox Depuis jeudi dernier je suis privé de services internet. Pas de téléphone, pas de télévision, pas d'internet. Votre service assistance de proximité m'a annoncé une intervention pour ce lundi entre 15h et 17h. Il est 17h40, toujours personne.",depuis jeudi dernier je suis privé de services internet pas de téléphone pas de télévision pas dinternet votre service assistance de proximité ma annoncé une intervention pour ce lundi entre 15h et 17h il est 17h40 toujours personne,2025-11-03 15:52:31
1853491156719407161,2024-11-04 18:35:02 +01:00,Hoztrue,"Bonjour @Freebox,\nAvez-vous une indication sur les délais de réponse sur Messenger?\nJ'ai une étape 3 qui reste sur ma box depuis mardi dernier mais sur l'assistance j'ai pas plus d'information :/",bonjour navezvous une indication sur les délais de réponse sur messengernjai une étape 3 qui reste sur ma box depuis mardi dernier mais sur lassistance jai pas plus dinformation,2025-11-03 15:52:31
1853503942518256030,2024-11-04 19:25:50 +01:00,russellbanni,"@Freebox Internet installé le 25 octobre et n'a fonctionné que 2 jours. J'ai enregistré le cas d'assistance sur le tableau de bord à plusieurs reprises, mais la réponse est de Free. Un service absolument terrible !",internet installé le 25 octobre et na fonctionné que 2 jours jai enregistré le cas dassistance sur le tableau de bord à plusieurs reprises mais la réponse est de free un service absolument terrible,2025-11-03 15:52:31
1853505668902166921,2024-11-04 19:32:42 +01:00,QuenKGrande,@free Il c'est passé quoi ? J'ai plus eu de connexion internet ni de téléphone pendant 15mn ???,il cest passé quoi jai plus eu de connexion internet ni de téléphone pendant 15mn,2025-11-03 15:52:31
1853514603633971603,2024-11-04 20:08:12 +01:00,922Myrtille,"@free c’est vraiment le pire opérateur. 1 mois que notre box est en panne (aucun service dispo, aucune wifi) et aucune solution n’a été trouvée. On est tous en hors forfait a la maison. J’ai qu’une hâte c’est de résilier !",cest vraiment le pire opérateur 1 mois que notre box est en panne aucun service dispo aucune wifi et aucune solution na été trouvée on est tous en hors forfait a la maison jai quune hâte cest de résilier,2025-11-03 15:52:31
1853530468311855123,2024-11-04 21:11:15 +01:00,AndreaCavagni7,"@Freebox  bonjour, ma box marche pendant 2h ensuite elle se déconnecte il faut que je l’éteigne et que je la rallume pour que ça remarche et ainsi de suite. Pouvez-vous m’aidez svp ?",bonjour ma box marche pendant 2h ensuite elle se déconnecte il faut que je léteigne et que je la rallume pour que ça remarche et ainsi de suite pouvezvous maidez svp,2025-11-03 15:52:31
1853537220948349208,2024-11-04 21:38:05 +01:00,YoU__NeS,"Bonjour @Freebox , vous avez pris un abonnement sans sous-titres pour les James Bond? toujours pas de sous-titres pour Quantum of Solace... https://t.co/aZymDjcGst",bonjour vous avez pris un abonnement sans soustitres pour les james bond toujours pas de soustitres pour quantum of solace,2025-11-03 15:52:31
1853588928097304975,2024-11-05 01:03:33 +01:00,kass_chpx,@free ehhh c’est quoi ces bug de connexion ???,ehhh cest quoi ces bug de connexion,2025-11-03 15:52:31
1853589390662005113,2024-11-05 01:05:23 +01:00,SkynozYT2,@free @Free_1337 @Xavier75 Encore une panne fibre optique Free sur Épinal dans le 88 il se passe quoi sérieusement ça fait la 2ème panne depuis le 25 octobre dans la région faites-quelque chose stv vraiment !!!!,encore une panne fibre optique free sur épinal dans le 88 il se passe quoi sérieusement ça fait la 2ème panne depuis le 25 octobre dans la région faitesquelque chose stv vraiment,2025-11-03 15:52:31
1853674023177118069,2024-11-05 06:41:41 +01:00,xAureelie,"Bonjour @free je n’arrive pas à faire le déménagement de ma box, pouvez-vous m’aider ? Merci",bonjour je narrive pas à faire le déménagement de ma box pouvezvous maider merci,2025-11-03 15:52:31
1853678672667877453,2024-11-05 07:00:09 +01:00,mansorvarois91,"@Freebox  bonjour, je téléphoné hier au alentours  de 17h10  ces derniers mois plusieurs  coupures de plusieurs  jours sans solution  et sans  compensation. Lors de mon appel j'ai  5 minutes d attente et je constate qu'une personne me raccroche au nez.  60 euros merci le service.",bonjour je téléphoné hier au alentours de 17h10 ces derniers mois plusieurs coupures de plusieurs jours sans solution et sans compensation lors de mon appel jai 5 minutes d attente et je constate quune personne me raccroche au nez 60 euros merci le service,2025-11-03 15:52:31
1853718417527771229,2024-11-05 09:38:05 +01:00,LangDylan3,@Freebox vous trouvez ça normal ? J’ai fais une demande de box fin septembre. Je suis toujours bloqué en étape 1. Je n’ai toujours pas eu la box. Je suis allé en boutique deux fois déjà ou on doit me rappeler mais personne ne le fait. Je dois faire quoi sérieusement ? 😡,vous trouvez ça normal jai fais une demande de box fin septembre je suis toujours bloqué en étape 1 je nai toujours pas eu la box je suis allé en boutique deux fois déjà ou on doit me rappeler mais personne ne le fait je dois faire quoi sérieusement,2025-11-03 15:52:31
1853728642557173957,2024-11-05 10:18:43 +01:00,Cyril_EN,"@free #mayday #mayday\n9.48 Mbps de débit en plein coeur de Paris (TV éteinte) vs. 8 Gbit/s promis!!\nEn attente de l'assistance depuis 5 jours, sans nouvelles.\nWTF?!! https://t.co/HIJYIcXBzI",n948 mbps de débit en plein coeur de paris tv éteinte vs 8 gbits promisnen attente de lassistance depuis 5 jours sans nouvellesnwtf,2025-11-03 15:52:31
1853737155996070074,2024-11-05 10:52:33 +01:00,manceau_leo,"#bouygues vienne de sortir leur box B&amp;you à 23,99 sans TV. https://t.co/QQmQR1OtP5",vienne de sortir leur box bampyou à 2399 sans tv,2025-11-03 15:52:31
1853765754543329383,2024-11-05 12:46:11 +01:00,Kouameahh,Il y a le live ankama a 16h @free vous avez intérêt a réparer ma connexion avant,il y a le live ankama a 16h vous avez intérêt a réparer ma connexion avant,2025-11-03 15:52:31
1853771967628726502,2024-11-05 13:10:53 +01:00,Tubbydev,"#free perce mur et fenêtre pour installer sa fibre.  Lettre au DG @free @Freebox @Xavier75 en juin et toujours pas de réponse..  Les sous-traitants de sous-traitants sont aux abonnés absents, surtout quand ils ne parlent pas français et sont sans papier..",perce mur et fenêtre pour installer sa fibre lettre au dg en juin et toujours pas de réponse les soustraitants de soustraitants sont aux abonnés absents surtout quand ils ne parlent pas français et sont sans papier,2025-11-03 15:52:31
1853782857996452229,2024-11-05 13:54:09 +01:00,R1RT_35,"Je viens de compter… 18 fois le même problème depuis le 25 Décembre 2023 et personne n’est foutu de régler ce problème, @Xavier75 @free @Freebox vous trouvez ça normal ??",je viens de compter 18 fois le même problème depuis le 25 décembre 2023 et personne nest foutu de régler ce problème vous trouvez ça normal,2025-11-03 15:52:31
1853824745633935394,2024-11-05 16:40:36 +01:00,no_one38,"Eh Mr @free lorsqu'on perd la connection 5 fois depuis 3 jours sans raison apparente, que l'on téléphone et qu'on se fait insulter voir même raccrocher au nez par vos ""conseillers"",  est-ce vraiment là votre nouvelle méthode clientèle ?",eh mr lorsquon perd la connection 5 fois depuis 3 jours sans raison apparente que lon téléphone et quon se fait insulter voir même raccrocher au nez par vos conseillers estce vraiment là votre nouvelle méthode clientèle,2025-11-03 15:52:31
1853830037729919378,2024-11-05 17:01:38 +01:00,mathieu_yves,"Voilà pourquoi je ne suis pas resté chez @SFR_SAV, samedi 26/10 8h45 plus de fibre (chez FREE) inter @Freebox lundi 28/10 fibre détériorée dans l'armoire de rue, dossier transmis à @SFR_SAV (SFR gère l'infrastructure dans la commune) \nOn est le 29/10 et toujours pas réparé",voilà pourquoi je ne suis pas resté chez samedi 2610 8h45 plus de fibre chez free inter lundi 2810 fibre détériorée dans larmoire de rue dossier transmis à sfr gère linfrastructure dans la commune non est le 2910 et toujours pas réparé,2025-11-03 15:52:31
1853838446311215384,2024-11-05 17:35:02 +01:00,gibson_7785586,"Bravo @Freebox .\n\n2 x étape 2 en 10 jours, y'a pas a dire c est champion.\n\nIntervention prévue dans 48h.\n\nDédommagement : aucun\nJe paye, j ai pas accès à ma prestation et je vais me faire voir.\n\nJe vais pas être le seul si ça continue",bravo nn2 x étape 2 en 10 jours ya pas a dire c est championnnintervention prévue dans 48hnndédommagement aucunnje paye j ai pas accès à ma prestation et je vais me faire voirnnje vais pas être le seul si ça continue,2025-11-03 15:52:31
1853844138191368482,2024-11-05 17:57:39 +01:00,zeyrniyx,@free @Freebox La boutique de Mulhouse comporte des personnels qui sont totalement irrespectueux de leur client. Une honte. Sans parler de votre service free proxy qui est un scandale à lui tout seul car il nous donnent des informations erronées..,la boutique de mulhouse comporte des personnels qui sont totalement irrespectueux de leur client une honte sans parler de votre service free proxy qui est un scandale à lui tout seul car il nous donnent des informations erronées,2025-11-03 15:52:31
1853847472931836271,2024-11-05 18:10:55 +01:00,TheBlue2B,"@free Bonjour, j'ai un soucis parce que j'ai besoin d'un être humain pour parler de ma problématique. J'ai appeler le 1044 et le 3244 mais je n'ai pas de proposition qui correspond. J'ai besoin d'aide s'il vous plaît",bonjour jai un soucis parce que jai besoin dun être humain pour parler de ma problématique jai appeler le 1044 et le 3244 mais je nai pas de proposition qui correspond jai besoin daide sil vous plaît,2025-11-03 15:52:31
1853848024058831036,2024-11-05 18:13:06 +01:00,Ticharinesse,"@free alerte info, encore la panne ! Bloqué sur etape 2\nCa va etre tous les mois le piratage ? \nEn plus vous ne connaissez pas le geste commercial qd on n'a plus de service pendant 4 jours",alerte info encore la panne bloqué sur etape 2nca va etre tous les mois le piratage nen plus vous ne connaissez pas le geste commercial qd on na plus de service pendant 4 jours,2025-11-03 15:52:31
1853850069658681422,2024-11-05 18:21:14 +01:00,MxlleMacrelle,"Je devrais avoir un pass avec @Freebox, j'appelle au moins 1 fois par mois pour diverses problèmes !!! https://t.co/zn3JGp5KNZ",je devrais avoir un pass avec jappelle au moins 1 fois par mois pour diverses problèmes,2025-11-03 15:52:31
1853858156683706447,2024-11-05 18:53:22 +01:00,CoolWxve16,C est pas les coupures de courant et d internet qui m arrêteront cette année.\nC'est de l'eau.\n\nPs :\n@Freebox faites un effort des fois quand même hein,c est pas les coupures de courant et d internet qui m arrêteront cette annéencest de leaunnps n faites un effort des fois quand même hein,2025-11-03 15:52:31
1853859169369276565,2024-11-05 18:57:23 +01:00,HobbesCS2,@free On est sans connection internet depuis samedi et on doit attendre jeudi pour que vous envoyez quelqu'un? Ca va vous vous foutez pas trop de la gueule des gens?,on est sans connection internet depuis samedi et on doit attendre jeudi pour que vous envoyez quelquun ca va vous vous foutez pas trop de la gueule des gens,2025-11-03 15:52:31
1853863504039518409,2024-11-05 19:14:37 +01:00,Diabo_LOL,"@free\n#Free #panne\nÇa vous dirait un jour de réparer votre réseau #BoxFree est en rade depuis  2 jours chez moi notamment (et plein d'autres gens)?\nJe dis ça juste comme ça parce que la facture,elle, vous ne l'oubliez pas. \nMerci hein 🙏",n nça vous dirait un jour de réparer votre réseau est en rade depuis 2 jours chez moi notamment et plein dautres gensnje dis ça juste comme ça parce que la factureelle vous ne loubliez pas nmerci hein,2025-11-03 15:52:31
1853867232671011051,2024-11-05 19:29:26 +01:00,kyomifn,1 mois que j’ai déménagé et toujours pas d’internet 🤙\n\n@free joue au ping pong avec mon dossier j’ai bien l’impression 🏓,1 mois que jai déménagé et toujours pas dinternet nn joue au ping pong avec mon dossier jai bien limpression,2025-11-03 15:52:31
1853878953343119473,2024-11-05 20:16:00 +01:00,__Kaiden__,Ça fait une heure que ma box fait un bruit de moteur péter.\n\n@Freebox une solution svp ?,ça fait une heure que ma box fait un bruit de moteur péternn une solution svp,2025-11-03 15:52:31
1853890898238861709,2024-11-05 21:03:28 +01:00,Tic_de_perm,Ah mais @free ils envoient quand même la facture ce mois-ci ?? https://t.co/Tvi6eoyVT9,ah mais ils envoient quand même la facture ce moisci,2025-11-03 15:52:31
1853893845081043303,2024-11-05 21:15:11 +01:00,na66765,@free PARDON ? \n- J'ai dû attendre casi un mois pour être raccordé\n- Une fois raccorder j'ai internet pendant 3 jours et de nouveau une coupure. Je décide donc de me rétracter en appelant le 3244 \n\n(1/1) https://t.co/l0BKIOov7k,pardon n jai dû attendre casi un mois pour être raccordén une fois raccorder jai internet pendant 3 jours et de nouveau une coupure je décide donc de me rétracter en appelant le 3244 nn11,2025-11-03 15:52:31
1853907987359748102,2024-11-05 22:11:22 +01:00,_Christophe_S,Hello @free @Freebox ça va d'éditer les factures de box le 5 à 19h et dire payable le 4 sérieusement les remise à 0 se font le 1er à minuit et à chaque mois il faut 3 à 4 jours pour éditer une facture c'est lassant...,hello ça va déditer les factures de box le 5 à 19h et dire payable le 4 sérieusement les remise à 0 se font le 1er à minuit et à chaque mois il faut 3 à 4 jours pour éditer une facture cest lassant,2025-11-03 15:52:31
1853924130589905178,2024-11-05 23:15:31 +01:00,melvdrs,@free ça fais 3j que je reçois plus aucun mail ce qui est extrêmement embêtant !! C'est quoi la solution ???!!!,ça fais 3j que je reçois plus aucun mail ce qui est extrêmement embêtant cest quoi la solution,2025-11-03 15:52:31
1854096408372269368,2024-11-06 10:40:05 +01:00,Paul_DBN,"@free @freemobile @Freebox,\n\nIl y a moyen de contacter le support ici ou sur messenger ouuuuuu ?",nnil y a moyen de contacter le support ici ou sur messenger ouuuuuu,2025-11-03 15:52:31
1854137514358866390,2024-11-06 13:23:26 +01:00,Verdicts1,"Et moi, je n'y ai pas droit @Freebox ?\n\nhttps://t.co/hJkrUIu2OO",et moi je ny ai pas droit nn,2025-11-03 15:52:31
1854144470872183181,2024-11-06 13:51:04 +01:00,Manaaaaaaaw,@free 1 semaine que leur box ne fonctionne pas \nIl prévoit l'installation d'une 4G box (1 semaine après 💀💀) mais leur 4G ne marche pas non plus 🤣🤣\nLeur solution : patienter  \nLa morale : heureusement que j'ai un forfait mobile sfr sinon même ce tweet ne serait pas possible,1 semaine que leur box ne fonctionne pas nil prévoit linstallation dune 4g box 1 semaine après mais leur 4g ne marche pas non plus nleur solution patienter nla morale heureusement que jai un forfait mobile sfr sinon même ce tweet ne serait pas possible,2025-11-03 15:52:31
1854146964633375138,2024-11-06 14:00:59 +01:00,supercocorico,"@Freebox \nBonjour,\nil se passe quoi en seine et marne depuis ce matin ? La navigation internet est tres difficile pour ne pas dire impossible. même contacter votre support est une mission ardue. Un peu de visibilité serait plus que bienvenue. Merci.",nbonjournil se passe quoi en seine et marne depuis ce matin la navigation internet est tres difficile pour ne pas dire impossible même contacter votre support est une mission ardue un peu de visibilité serait plus que bienvenue merci,2025-11-03 15:52:31
1854149341151125937,2024-11-06 14:10:26 +01:00,trop_est13575,"@Freebox @free si on déménage à l’étranger et que l’on est logé, pourquoi doit-on payer les frais de résiliation ?",si on déménage à létranger et que lon est logé pourquoi doiton payer les frais de résiliation,2025-11-03 15:52:31
1854154023017824449,2024-11-06 14:29:02 +01:00,YannSidney,@free  pouvez vous arrêtez de me voler ?\nJ’ai résilié mon abonnement le 29 juillet et vous ai renvoyer votre matériel dans la foulée.\nRemboursez moi tous les prélèvements fait jusqu’en Octobre!,pouvez vous arrêtez de me voler njai résilié mon abonnement le 29 juillet et vous ai renvoyer votre matériel dans la fouléenremboursez moi tous les prélèvements fait jusquen octobre,2025-11-03 15:52:31
1854160415413903539,2024-11-06 14:54:26 +01:00,h3r3tik1,@Freebox un problème de serveur dans le 75018 ?,un problème de serveur dans le 75018,2025-11-03 15:52:31
1854190551857578329,2024-11-06 16:54:11 +01:00,Zeppelissvm,@free vous etes les pires opérateurs de france je vais resilier à tout jamais,vous etes les pires opérateurs de france je vais resilier à tout jamais,2025-11-03 15:52:31
1854214121383977190,2024-11-06 18:27:50 +01:00,Karen_h_21,"@free je paye une blinde par mois pour avoir que des soucis, c’est trop là 🤦🏻‍♀️",je paye une blinde par mois pour avoir que des soucis cest trop là,2025-11-03 15:52:31
1854221460924965070,2024-11-06 18:57:00 +01:00,chrisdu421,"@free salut la team,\nUne âme charitable pour résoudre mon souci :\nJ'ai beau débrancher et rebrancher mon player Pop et toujours cette page. \nTentatives pour en sortir avec télécommande Android et télécommande Free ! Rien ne se passe...\nHelppppp !!!! https://t.co/fAbgfidVtF",salut la teamnune âme charitable pour résoudre mon souci njai beau débrancher et rebrancher mon player pop et toujours cette page ntentatives pour en sortir avec télécommande android et télécommande free rien ne se passenhelppppp,2025-11-03 15:52:31
1854232713927983508,2024-11-06 19:41:43 +01:00,BreveRupture,@free  ca va free les abonnements involontaires ? J'ai prime et TF1 pour rien au monde je ne paierai pour ca https://t.co/WJuVY8KwTx,ca va free les abonnements involontaires jai prime et tf1 pour rien au monde je ne paierai pour ca,2025-11-03 15:52:31
1854234411585466375,2024-11-06 19:48:28 +01:00,lynx_grizzly,Ko yen na marre do @free ko ça capte keudale. 😾\nPapou kil va retourner chez oronge.😾 https://t.co/pOwJgSsu0w,ko yen na marre do ko ça capte keudale npapou kil va retourner chez oronge,2025-11-03 15:52:31
1854262197339488742,2024-11-06 21:38:53 +01:00,lecudz,"@free Ça y est vous, toujours plus longue la coupure internet",ça y est vous toujours plus longue la coupure internet,2025-11-03 15:52:31
1854413620110557683,2024-11-07 07:40:35 +01:00,Albariiiixx,"@Freebox @free je suis furax !!! Prélèvement non conforme à l'offre indiqué par mail de vos services qui précise bien ""que je n'ai rien à faire, l'offre sera mise en place automatiquement"" !!!!! MP svp. Réclamation et remboursement. J'ai 4 abos chez vous 😤😤😤😡",je suis furax prélèvement non conforme à loffre indiqué par mail de vos services qui précise bien que je nai rien à faire loffre sera mise en place automatiquement mp svp réclamation et remboursement jai 4 abos chez vous,2025-11-03 15:52:31
1854417354773475346,2024-11-07 07:55:25 +01:00,TousConquerants,#Liberté #Vérité #Simplicité pour vos abonnés @free ❗️\n\n🔴 Du « chaos » est également née la situation actuelle de vos abonnés après la #CyberAttaque de #Free❗️\nAlors que faire à présent avec nos données personnelles❓\n\n#CyberVictimes #RGPD #DPO #CNIL #DonnéesPersonnelles https://t.co/PSAVwWogMy,pour vos abonnés nn du chaos est également née la situation actuelle de vos abonnés après la de nalors que faire à présent avec nos données personnellesnn,2025-11-03 15:52:31
1854446828852224461,2024-11-07 09:52:32 +01:00,FannyReig,@Freebox y a t’il moyen de parler à quelqu’un d’autres qu’un robot dans votre service client ? Pckon essaie de vous joindre depuis hier et impossible !!!,y a til moyen de parler à quelquun dautres quun robot dans votre service client pckon essaie de vous joindre depuis hier et impossible,2025-11-03 15:52:31
1854449115033182366,2024-11-07 10:01:37 +01:00,AminBendjebara,@free vous êtes le pire opérateur à partir de mtn,vous êtes le pire opérateur à partir de mtn,2025-11-03 15:52:31
1854451985602269418,2024-11-07 10:13:02 +01:00,Duneuf95,"@Freebox bonjour ! 15 j sans internet, et impossible d'avoir votre assistance ??  Sur votre application, impossible de prendre rdv avec un technicien et de changer mon n° de téléphone de contact... Impossible d'avoir qqun en ligne ! Une solution ? Avant la réclamation ?",bonjour 15 j sans internet et impossible davoir votre assistance sur votre application impossible de prendre rdv avec un technicien et de changer mon n de téléphone de contact impossible davoir qqun en ligne une solution avant la réclamation,2025-11-03 15:52:31
1854470518595842163,2024-11-07 11:26:40 +01:00,ktrinemdt,@free \nC’est sympa de me donner RV téléphonique à 10h aujourd’hui pour déterminer si mon pb vient de la ligne ou de la box &amp; de ne pas m’appeler. Je tente de vous joindre mais impossible ! Après le piratage ça commence à faire beaucoup 😡,ncest sympa de me donner rv téléphonique à 10h aujourdhui pour déterminer si mon pb vient de la ligne ou de la box amp de ne pas mappeler je tente de vous joindre mais impossible après le piratage ça commence à faire beaucoup,2025-11-03 15:52:31
1854474791144530375,2024-11-07 11:43:39 +01:00,bouyguestelecom,"En cette journée nationale de lutte contre le harcèlement, faisons ensemble du #numérique un espace de confiance pour les plus jeunes 🤝",en cette journée nationale de lutte contre le harcèlement faisons ensemble du un espace de confiance pour les plus jeunes,2025-11-03 15:52:31
1854492473516601809,2024-11-07 12:53:55 +01:00,Julie_Trincat,"@Freebox @free \nJ'appelle votre service qui me dit que soit disant je n'ai pas fait de demande de résiliation, et que ça serait pour cette raison que vous continuez à me prélever, voici la preuve que c'est faux. https://t.co/3eVroWpP4Q",njappelle votre service qui me dit que soit disant je nai pas fait de demande de résiliation et que ça serait pour cette raison que vous continuez à me prélever voici la preuve que cest faux,2025-11-03 15:52:31
1854493175886348324,2024-11-07 12:56:42 +01:00,DamienS725,"@Freebox bonjour, ma freebox One est bloquée à l'étape 3 depuis 10h40.\nHier déjà il y a eu quelques étapes 3 très courtes mais cette fois c'est permanent.",bonjour ma freebox one est bloquée à létape 3 depuis 10h40nhier déjà il y a eu quelques étapes 3 très courtes mais cette fois cest permanent,2025-11-03 15:52:31
1854513960998867403,2024-11-07 14:19:18 +01:00,Gugu4000,"@free @Freebox  Bonjour, suite à ma résiliation, j'ai été facturé par erreur pour une télécommande manquante. Mon numéro client est le suivant : 33729874\n\nDans le colis, il y avait deux télécommandes car l'une d'elle fût défaillante pendant l'abonnement,",bonjour suite à ma résiliation jai été facturé par erreur pour une télécommande manquante mon numéro client est le suivant 33729874nndans le colis il y avait deux télécommandes car lune delle fût défaillante pendant labonnement,2025-11-03 15:52:31
1854535654736023922,2024-11-07 15:45:30 +01:00,tomtomgad,"Nous avions accès aux chaînes canal + gratuitement sur freebox pour tout le mois de novembre, depuis ce matin plus rien du tout. ça n'aura pas duré longtemps ce cadeau.",nous avions accès aux chaînes canal gratuitement sur freebox pour tout le mois de novembre depuis ce matin plus rien du tout ça naura pas duré longtemps ce cadeau,2025-11-03 15:52:31
1854543853576982747,2024-11-07 16:18:05 +01:00,ferielyasmina,@free ‼️‼️scandale \nPlus de 200 maisons sans internet 🛜 depuis dimanche et vous oser nous dire que y pas de problème 😫!\n\n#freeclientmerde #freeoperateur #telecom #France,scandale nplus de 200 maisons sans internet depuis dimanche et vous oser nous dire que y pas de problème nn,2025-11-03 15:52:31
1854560603362435089,2024-11-07 17:24:38 +01:00,V_Ner,@Freebox c’est normal que plus personne ne réponde après plis de 24h bloqué à l’étape 6 ?,cest normal que plus personne ne réponde après plis de 24h bloqué à létape 6,2025-11-03 15:52:31
1854564630967853355,2024-11-07 17:40:38 +01:00,PhMAURICE,@free \nBonjour\nJe ne reçois plus les chaînes canal plus en clair alors que ça marchait avant. Avez vous une explication ?\nMerci,nbonjournje ne reçois plus les chaînes canal plus en clair alors que ça marchait avant avez vous une explication nmerci,2025-11-03 15:52:31
1854594480617218121,2024-11-07 19:39:15 +01:00,monir_mktr,"La box est arrivée, mais je dois attendre que France Telecom raccorde la ligne. Ptet que je vais jamais avoir internet on sait pas. @free oskour svp https://t.co/7LXqa0vNb3",la box est arrivée mais je dois attendre que france telecom raccorde la ligne ptet que je vais jamais avoir internet on sait pas oskour svp,2025-11-03 15:52:31
1854597185226088918,2024-11-07 19:50:00 +01:00,FreeFoot,"🚨 DERBY #OLASSE : Supporters de l'@OL, ce message est pour vous !\n\nRDV ce vendredi à la boutique @free Bellecour, tirez la bonne enveloppe et remportez des places pour le derby 🎟️🔥\n\n📍 10 Rue de la Barre, 69002 Lyon https://t.co/s3w6ntKjz8",derby supporters de l ce message est pour vous nnrdv ce vendredi à la boutique bellecour tirez la bonne enveloppe et remportez des places pour le derby nn 10 rue de la barre 69002 lyon,2025-11-03 15:52:31
1854604081949487171,2024-11-07 20:17:24 +01:00,MoBou75,"Hé, @free @Freebox c'est quoi ce délire ?\nUne notification de l'appli,  @PrimeVideoFR, m'informe de la ""fin proche"" de mon abonnement.\nLe compte @AmazonFrance dit, abonné avec free.\nSur le portail Free, je suis bien abonné ! 🤔 🧐\n🚨J'ai rien compris !\n#PrimeVideo\n#Freebox\n#Free",hé cest quoi ce délire nune notification de lappli minforme de la fin proche de mon abonnementnle compte dit abonné avec freensur le portail free je suis bien abonné njai rien compris nnn,2025-11-03 15:52:31
1854609896408277343,2024-11-07 20:40:30 +01:00,Hugoooo32901010,@freemobile besoin d'aide j'en ai assez d'avoir 5mo/s en filaire sur répéteur alors que je paye la fibre depuis 2 ans et que jusqu a y'a 1 mois j'ai tjr eu un réseau et un débit très correct (environ 70mops en téléchargement ),besoin daide jen ai assez davoir 5mos en filaire sur répéteur alors que je paye la fibre depuis 2 ans et que jusqu a ya 1 mois jai tjr eu un réseau et un débit très correct environ 70mops en téléchargement,2025-11-03 15:52:31
1854612704117285355,2024-11-07 20:51:40 +01:00,Banana33X,"@Freebox bonsoir j'ai trouvé une freebox à la poubelle, est ce que vous voulez que je vous l'envoie ? https://t.co/mjiVvqNtip",bonsoir jai trouvé une freebox à la poubelle est ce que vous voulez que je vous lenvoie,2025-11-03 15:52:31
1854643836238155882,2024-11-07 22:55:22 +01:00,Jewel9The,@Freebox honteux !!!!\nJe suis client depuis des années. \nJ’ai la box delta. Ça fait maintenant 1 semaine que je n’ai + de connexion. \nJ’ai appelé l’assistance à plusieurs reprise. À ce jour tjrs rien !!!\nOn me considère tellement qu’on m’a pas envoyé de technicien. Free a fuire !,honteux nje suis client depuis des années njai la box delta ça fait maintenant 1 semaine que je nai de connexion njai appelé lassistance à plusieurs reprise à ce jour tjrs rien non me considère tellement quon ma pas envoyé de technicien free a fuire,2025-11-03 15:52:31
1854647869103653177,2024-11-07 23:11:24 +01:00,misterlittlenem,Bon ils cassent les couilles @Freebox\nY'a que des pb ces derniers temps. Plein de coupures et bien longues @free \nOn est censé bosser comment ??,bon ils cassent les couilles nya que des pb ces derniers temps plein de coupures et bien longues non est censé bosser comment,2025-11-03 15:52:31
1854650778901766453,2024-11-07 23:22:58 +01:00,kyumaudite,@Freebox je vous déteste tellement ma haine contre vous m’empêche de dormir,je vous déteste tellement ma haine contre vous mempêche de dormir,2025-11-03 15:52:31
1854753496244887908,2024-11-08 06:11:07 +01:00,TedEbayeur,"@Freebox bonjour, panne internet bloqué à l'étape 2 depuis 3 jours au 17 clos de la bataille 14600 Honfleur.! Je suis à 2 doigts de changer d'opérateur",bonjour panne internet bloqué à létape 2 depuis 3 jours au 17 clos de la bataille 14600 honfleur je suis à 2 doigts de changer dopérateur,2025-11-03 15:52:31
1854753592881611200,2024-11-08 06:11:30 +01:00,TedEbayeur,"@Free_1337 @Freebox bonjour, panne internet bloqué à l'étape 2 depuis 3 jours au 17 clos de la bataille 14600 Honfleur.! Je suis à 2 doigts de changer d'opérateur",bonjour panne internet bloqué à létape 2 depuis 3 jours au 17 clos de la bataille 14600 honfleur je suis à 2 doigts de changer dopérateur,2025-11-03 15:52:31
1854794886257475952,2024-11-08 08:55:35 +01:00,Leparlementaire,@free pk avoir du mal à vous contacter ?,pk avoir du mal à vous contacter,2025-11-03 15:52:31
1854824177674371280,2024-11-08 10:51:59 +01:00,Tae_Yang93,@Freebox hello free\nLorsque j'utilise oqee toute les 30min environ j'ai ce message d'erreur.\nÇa devient très pénible. Pourriez vous m'aider svp https://t.co/AlvhXZoKHV,hello freenlorsque jutilise oqee toute les 30min environ jai ce message derreurnça devient très pénible pourriez vous maider svp,2025-11-03 15:52:31
1854844317308739667,2024-11-08 12:12:01 +01:00,CShabyne,"Bonjour, \nJe n'ai plus internet et sa reste en étape 2. C'est pénible !  @Freebox\n#freebox https://t.co/fu2Vs9ZFlT",bonjour nje nai plus internet et sa reste en étape 2 cest pénible n,2025-11-03 15:52:31
1854859671825195398,2024-11-08 13:13:02 +01:00,Natra_rl,"2 semaines à me battre pour avoir de la connexion, me débrouiller pour pouvoir venir au raccordement d’un technicien pour qu’on me dise que y’a un problème et que je dois refaire venir quelqu’un pas avant la semaine prochaine. Merci @free 😊 @Xavier75",2 semaines à me battre pour avoir de la connexion me débrouiller pour pouvoir venir au raccordement dun technicien pour quon me dise que ya un problème et que je dois refaire venir quelquun pas avant la semaine prochaine merci,2025-11-03 15:52:31
1854862836637327628,2024-11-08 13:25:36 +01:00,Path80s,"@Freebox Bonjour, j'ai besoin de quelqu'un de compétent dans mes dm pour échanger sur un problème de facturation. Merci d'avance",bonjour jai besoin de quelquun de compétent dans mes dm pour échanger sur un problème de facturation merci davance,2025-11-03 15:52:31
1854883276017553488,2024-11-08 14:46:49 +01:00,julagu123,"Le service client de @free c'est le pire de tous. Les opérateurs eux-mêmes me disent qu'ils mentent. 1 mois sans internet, aucune info sur le ticket incident. Des mensonges. Des faux rdv. #free",le service client de cest le pire de tous les opérateurs euxmêmes me disent quils mentent 1 mois sans internet aucune info sur le ticket incident des mensonges des faux rdv,2025-11-03 15:52:31
1854886242418081824,2024-11-08 14:58:36 +01:00,ShootNet,"@Orange_France @orange Coupure fibre optique depuis le 14/10 sur le secteur Orsay Moulon. En tant que gestionnaire de l'infra fibre, vous ne voudriez pas donner un peu de visibilité aux opérateurs ? @Freebox et @bouyguestelecom dans le flou total sur les dates d'intervention...",coupure fibre optique depuis le 1410 sur le secteur orsay moulon en tant que gestionnaire de linfra fibre vous ne voudriez pas donner un peu de visibilité aux opérateurs et dans le flou total sur les dates dintervention,2025-11-03 15:52:31
1854929557306085726,2024-11-08 17:50:44 +01:00,andokaiii,"@Freebox @free 3 jours sans internet au 307 av d Argenteuil 92270 offre Ultra… toujours pas de résolution, les copropriétaires s’impatientent et songent à passer chez Orange..",3 jours sans internet au 307 av d argenteuil 92270 offre ultra toujours pas de résolution les copropriétaires simpatientent et songent à passer chez orange,2025-11-03 15:52:31
1854967082225746048,2024-11-08 20:19:50 +01:00,MyriamK63641314,@Xavier75 @free je vis dinternet et 5 jours que j’peux pas travailler ?!  ALLÔ!!!!!!!,je vis dinternet et 5 jours que jpeux pas travailler allô,2025-11-03 15:52:31
1854967242972086773,2024-11-08 20:20:29 +01:00,Hilliuss,Alors comment vous dire que a 1h de la course j'ai @Freebox  qui a un coup de mou .....\n\nPlus d'internet depuis 15 min 😭,alors comment vous dire que a 1h de la course jai qui a un coup de mou nnplus dinternet depuis 15 min,2025-11-03 15:52:31
1854973447530856660,2024-11-08 20:45:08 +01:00,MrRobiiin,"@Freebox bonjour, pourriez-vous m’indiquer pourquoi je n’ai plus accès à certaines chaînes comme Nickelodeon alors qu’elles sont incluses dans mon abo ?",bonjour pourriezvous mindiquer pourquoi je nai plus accès à certaines chaînes comme nickelodeon alors quelles sont incluses dans mon abo,2025-11-03 15:52:31
1855037554191380771,2024-11-09 00:59:52 +01:00,Loud_Darkman,Jai essayé tous @bouyguestelecom @SFR @orange les pires des pires reste @free avec leur boxe de merde la ultra ne prenez jamais une box chez eux jamais,jai essayé tous les pires des pires reste avec leur boxe de merde la ultra ne prenez jamais une box chez eux jamais,2025-11-03 15:52:31
1855046412603433000,2024-11-09 01:35:04 +01:00,ayclayl,@free j'ai demandé a resilier mon ancienne ligne vous avez resilié ma nouvelle qu'est cqui va pas chez vous ?,jai demandé a resilier mon ancienne ligne vous avez resilié ma nouvelle quest cqui va pas chez vous,2025-11-03 15:52:31
1855172196580147307,2024-11-09 09:54:53 +01:00,Pepsou_Breezy,"@Freebox cela fait des mois que je n’ai plus Internet avec 1, passage à la fibre catastrophique ou l’on me dit que l’on va me rappeler à chaque fois que j’ai une personne au téléphone. Si ça continue, je vais vraiment en parler sur des réseaux plus conséquent.",cela fait des mois que je nai plus internet avec 1 passage à la fibre catastrophique ou lon me dit que lon va me rappeler à chaque fois que jai une personne au téléphone si ça continue je vais vraiment en parler sur des réseaux plus conséquent,2025-11-03 15:52:31
1855184715663175991,2024-11-09 10:44:38 +01:00,AnnaCasella,"@free 14 jours sans box malgré les nombreux appels avec seulement 1 interlocuteur une fois,  ET AUCUN TECHNICIEN qui se déplace c'est normal pour @Freebox ?",14 jours sans box malgré les nombreux appels avec seulement 1 interlocuteur une fois et aucun technicien qui se déplace cest normal pour,2025-11-03 15:52:31
1855260848039530995,2024-11-09 15:47:09 +01:00,CtsNono,"2H que je me fais baladé de numéro en numéro @free personne pour m'aider à régler mon problème de box, ça se refile la patate chaude et me fait appeler des numéros surtaxés qui me disent d'appeller le 3244 (avec qui j'ai déjà était au telephone 1 (une) H....",2h que je me fais baladé de numéro en numéro personne pour maider à régler mon problème de box ça se refile la patate chaude et me fait appeler des numéros surtaxés qui me disent dappeller le 3244 avec qui jai déjà était au telephone 1 une h,2025-11-03 15:52:31
1855280451528577143,2024-11-09 17:05:03 +01:00,AngelCyrusLive,"@Freebox pas mal le service fibre, installation hier ne fonctionne déjà plus.\nc'est encore plus fun quand on es en télétravail et d'astreinte",pas mal le service fibre installation hier ne fonctionne déjà plusncest encore plus fun quand on es en télétravail et dastreinte,2025-11-03 15:52:31
1855293241601491342,2024-11-09 17:55:53 +01:00,UNDERTAKER2812,Bonjour @Freebox c'est normal de laisser vos clients sans internet ni solution tout ça parce que c'est un long week-end ? C'est tout simplement honteux !,bonjour cest normal de laisser vos clients sans internet ni solution tout ça parce que cest un long weekend cest tout simplement honteux,2025-11-03 15:52:31
1855306347580915884,2024-11-09 18:47:57 +01:00,Synken7,.@free c'est vrm la pire connexion toute les semaines j'ai des coupure d'internet 🤡,cest vrm la pire connexion toute les semaines jai des coupure dinternet,2025-11-03 15:52:31
1855541329314406613,2024-11-10 10:21:41 +01:00,Jewel9The,@free honteux !!!!\nJe suis client depuis des années. \nJ’ai la box delta. Ça fait maintenant 1 semaine que je n’ai + de connexion. \nJ’ai appelé l’assistance à plusieurs reprise. À ce jour tjrs rien !!!\nOn me considère tellement qu’on m’a pas envoyé de technicien. Free a fuire !,honteux nje suis client depuis des années njai la box delta ça fait maintenant 1 semaine que je nai de connexion njai appelé lassistance à plusieurs reprise à ce jour tjrs rien non me considère tellement quon ma pas envoyé de technicien free a fuire,2025-11-03 15:52:31
1855584579924439377,2024-11-10 13:13:33 +01:00,HaKao94_,"@Freebox \nBonjour ma box ultra est bloqué sur l’étape 3D, normal ?",nbonjour ma box ultra est bloqué sur létape 3d normal,2025-11-03 15:52:31
1855636144710422746,2024-11-10 16:38:27 +01:00,Hacktivate_,@GroupeSonatel \n@orange_sn \nFranchement c'est la galère depuis 3 mois on demande notre fibre leur seule réponse c'est les boitiers sont pleins si @free était actif 😭😭,n nfranchement cest la galère depuis 3 mois on demande notre fibre leur seule réponse cest les boitiers sont pleins si était actif,2025-11-03 15:52:31
1855667905938980919,2024-11-10 18:44:40 +01:00,Alexand40685534,"@free  Comment peut-on faire pour avoir la fibre dans son nouveau logement ? demande de déménagement de la ligne fin septembre, aujourd'hui 10 novembre, toujours rien ....",comment peuton faire pour avoir la fibre dans son nouveau logement demande de déménagement de la ligne fin septembre aujourdhui 10 novembre toujours rien,2025-11-03 15:52:31
1855904472607629382,2024-11-11 10:24:41 +01:00,MARTINS89310139,"@free Qui contacter pour proposer des améliorations du service TV avec le player TV. Y a 2, 3 petites choses qui ne marche pas bien et qui ne nécessite pas grand chose pour être résolue.",qui contacter pour proposer des améliorations du service tv avec le player tv y a 2 3 petites choses qui ne marche pas bien et qui ne nécessite pas grand chose pour être résolue,2025-11-03 15:52:31
1855904499623235909,2024-11-11 10:24:48 +01:00,Keria26358,@free @Freebox vous prenez vraiment vos abonnés pour des putains de pigeons?\nFreebox sans internet depuis le 14 août avec 3 fausses informations de rétablissement 2 rdv annulés. Pas moyen d'avoir une réponse par un de vos conseillers mal informés!,vous prenez vraiment vos abonnés pour des putains de pigeonsnfreebox sans internet depuis le 14 août avec 3 fausses informations de rétablissement 2 rdv annulés pas moyen davoir une réponse par un de vos conseillers mal informés,2025-11-03 15:52:31
1855942357000106041,2024-11-11 12:55:14 +01:00,un_cauchxmar,@free vous êtes le pire opérateur de France ! \nVotre réseau mobile est médiocre on capte rien nulle part mais parlons même pas de vos box. Ça fait depuis le premier novembre que j’ai plus de wifi et qu’on a aucune informations mais quand il s’agit de prélever le 5 vs êtes rapides,vous êtes le pire opérateur de france nvotre réseau mobile est médiocre on capte rien nulle part mais parlons même pas de vos box ça fait depuis le premier novembre que jai plus de wifi et quon a aucune informations mais quand il sagit de prélever le 5 vs êtes rapides,2025-11-03 15:52:31
1855971379515949096,2024-11-11 14:50:33 +01:00,MikeIAm8,@free Pourquoi MTV chaîne 84 est maintenant bloquée ???,pourquoi mtv chaîne 84 est maintenant bloquée,2025-11-03 15:52:31
1856049538186043521,2024-11-11 20:01:08 +01:00,Sparks5_,Hallucinant @Freebox ma box est plantée depuis 15h30 j’ai essayé d’appeler Free j’ai envoyé des messages et personnes ne répond à rien. J’ai un code erreur 80 je dois télétravailler et Free ne réponds pas #Free,hallucinant ma box est plantée depuis 15h30 jai essayé dappeler free jai envoyé des messages et personnes ne répond à rien jai un code erreur 80 je dois télétravailler et free ne réponds pas,2025-11-03 15:52:31
1856053134969233597,2024-11-11 20:15:25 +01:00,MmeGarrisson,"@free au secours, j'ai plus internet à la maison 🤧🤧",au secours jai plus internet à la maison,2025-11-03 15:52:31
1856209257961549962,2024-11-12 06:35:48 +01:00,KisakiLao,"HAHAHAHAHGAGAGGA \n\n40 EUROS CONSTRUCTION DE LIGNE MAIS JE PLEURE JE JURE LE TECHNICIEN IL EST VENU CHEZ MOI 5MN, IL A BU LE CAFÉ ET IL EST REPARTI\n\nET PRORATA MES COUILLES JE SUIS RESTÉE 1 MOIS SANS INTERNET J'AI DEMANDÉ LA FIBRE ILS ONT MIS L'ADSL \n\n@free VOUS ÊTES PAS PRETS https://t.co/pxxXwp20mi",hahahahahgagagga nn40 euros construction de ligne mais je pleure je jure le technicien il est venu chez moi 5mn il a bu le café et il est repartinnet prorata mes couilles je suis restée 1 mois sans internet jai demandé la fibre ils ont mis ladsl nn vous êtes pas prets,2025-11-03 15:52:31
1856270221473898853,2024-11-12 10:38:03 +01:00,floketekuqe,"Purée @free me faite pas regretter d’être venue chez vous, j’ai mm pas de 4g",purée me faite pas regretter dêtre venue chez vous jai mm pas de 4g,2025-11-03 15:52:31
1856306447694319937,2024-11-12 13:02:00 +01:00,Nounourrrs,Dites @free @freemobile vous pouvez dire à Maria du service commercial d'arrêter de me droper des msg sur répondeur non sollicités? Le #RGPD et le #consentement ça vous parle? #OptIn #OptOut,dites vous pouvez dire à maria du service commercial darrêter de me droper des msg sur répondeur non sollicités le et le ça vous parle,2025-11-03 15:52:31
1856319528998785074,2024-11-12 13:53:59 +01:00,Somyos7798,"@Xavier75 @free @Freebox\nBonjour je vous envoie ce message dans un élan de désespoir en sachant très bien que la probabilité que vous le voyez est nulle, \nJe possède actuellement un forfait mobile et un box chez free, ça fait 2 mois que j'ai déménagé et que je me bat au près de",nbonjour je vous envoie ce message dans un élan de désespoir en sachant très bien que la probabilité que vous le voyez est nulle nje possède actuellement un forfait mobile et un box chez free ça fait 2 mois que jai déménagé et que je me bat au près de,2025-11-03 15:52:31
1856344773151383566,2024-11-12 15:34:17 +01:00,faiza_madrid,@Freebox VOUS ÊTES LA PIRE PLATEFORME D’ASSISTANCE QUI EXISTE !!!!!!!,vous êtes la pire plateforme dassistance qui existe,2025-11-03 15:52:31
1856345509545288166,2024-11-12 15:37:13 +01:00,MarcTrob,"Franchement, le sav @free  ça devient n’importe quoi…  tu reçoit un message, demandant d’appeler le 3244 pour avoir un conseiller; mais sur ce même numéro, TOUT est fait pour ne pas réussir à joindre un humain. \nBox bloqué en étape 2 depuis vendredi sur Corbeil… @Free_1337 ?",franchement le sav ça devient nimporte quoi tu reçoit un message demandant dappeler le 3244 pour avoir un conseiller mais sur ce même numéro tout est fait pour ne pas réussir à joindre un humain nbox bloqué en étape 2 depuis vendredi sur corbeil,2025-11-03 15:52:31
1856361239015731327,2024-11-12 16:39:43 +01:00,JMB_74,"@free Bonjour,\nFree a bloqué mon adresse mail depuis samedi pour tentative de piratage et je n’arrive pas à la débloquer car je suis en vacances à l’étranger.\nJ’ai besoin d’y avoir accès urgemment car mon billet retour est dans ma boîte mail….",bonjournfree a bloqué mon adresse mail depuis samedi pour tentative de piratage et je narrive pas à la débloquer car je suis en vacances à létrangernjai besoin dy avoir accès urgemment car mon billet retour est dans ma boîte mail,2025-11-03 15:52:31
1856366849614565397,2024-11-12 17:02:01 +01:00,aColombani,"""Face à la Pure Fibre de @bouyguestelecom , la réponse timide de Free : une offre triple play sans révolution"", via @Frandroid #PureFibre\n\nhttps://t.co/jOBRIBbF8p",face à la pure fibre de la réponse timide de free une offre triple play sans révolution via nn,2025-11-03 15:52:31
1856408312184713368,2024-11-12 19:46:46 +01:00,Gevaudan43,"@Freebox bonjour, normal que vos conseillers soient injoignables quelle que soit l'heure?",bonjour normal que vos conseillers soient injoignables quelle que soit lheure,2025-11-03 15:52:31
1856595754959171837,2024-11-13 08:11:36 +01:00,taylo25729,C'est quoi le problème avec la @freebox depuis ce matin je bloque à l'étape deux !!!,cest quoi le problème avec la depuis ce matin je bloque à létape deux,2025-11-03 15:52:31
1856598126213378319,2024-11-13 08:21:01 +01:00,SamZirah,"Je suis dépité! Je regrette tellement d'avoir pris une boxe @free pour mes studios. Wifi instable et maintenant wifi en panne depuis hier, personne chez @Freebox n'est en mesure de lancer une intervention rapidement afin de régler le problème. Donc pas de live certainement ce soir. 😔",je suis dépité je regrette tellement davoir pris une boxe pour mes studios wifi instable et maintenant wifi en panne depuis hier personne chez nest en mesure de lancer une intervention rapidement afin de régler le problème donc pas de live certainement ce soir,2025-11-03 15:52:31
1856613868220432497,2024-11-13 09:23:35 +01:00,Azzenbil,@free ça fait 1 semaine j’attends votre signal dans mon immeuble ! Tous les autres opérateurs ont été réactifs !\nVous avez envoyé 5 techniciens dans un immeuble ! Quelle organisation dis donc \nJe comprends mieux pourquoi ça traine,ça fait 1 semaine jattends votre signal dans mon immeuble tous les autres opérateurs ont été réactifs nvous avez envoyé 5 techniciens dans un immeuble quelle organisation dis donc nje comprends mieux pourquoi ça traine,2025-11-03 15:52:31
1856621118708232483,2024-11-13 09:52:23 +01:00,Shanicebebe,@free Vous êtes TELLEMENT dingue de couper le réseau comme ça vous !!!!,vous êtes tellement dingue de couper le réseau comme ça vous,2025-11-03 15:52:31
1856630200135499998,2024-11-13 10:28:28 +01:00,Its_Me_Jay3,@Freebox @free bon vos techniciens incapable d'installer une prise fibre on fait comment du coup ??,bon vos techniciens incapable dinstaller une prise fibre on fait comment du coup,2025-11-03 15:52:31
1856637804324762070,2024-11-13 10:58:41 +01:00,JohnEMalm,@free on fait comment pour résilier chez vous pour la box ?,on fait comment pour résilier chez vous pour la box,2025-11-03 15:52:31
1856661924861104232,2024-11-13 12:34:32 +01:00,ThomassinMarti4,@free  problème  portables  et freebox\nDans le  93   ???,problème portables et freeboxndans le 93,2025-11-03 15:52:31
1856694276786192838,2024-11-13 14:43:05 +01:00,zoneadsl_panne,⚠#PANNE  FREEBOX EN COURS⚠\n 📡20 freenautes ont signalé des pannes #Internet dont 15 sur le réseau #fibre de #Free depuis 11h49\n🌍Ville concernée : Cavaillon (84300)\n⬇️⬇️⬇️\nhttps://t.co/5syXsuGnbR,freebox en coursn 20 freenautes ont signalé des pannes dont 15 sur le réseau de depuis 11h49nville concernée cavaillon 84300nn,2025-11-03 15:52:31
1856720945026678884,2024-11-13 16:29:04 +01:00,thomascbienmoi,@Xavier75 t’en pense quoi de ta connexion @free de merde,ten pense quoi de ta connexion de merde,2025-11-03 15:52:31
1856737058485907513,2024-11-13 17:33:05 +01:00,DatDraz,"@freemobile  @Freebox depuis ce matin 11h plus de réseau mobile et internet , je pense sérieusement à changé d’opérateur .",depuis ce matin 11h plus de réseau mobile et internet je pense sérieusement à changé dopérateur,2025-11-03 15:52:31
1856737978036732040,2024-11-13 17:36:45 +01:00,MlleSaf17,"@Freebox 1 fois par trimestre on se retrouve pendant quelque jours sans internet. Et constamment ont doit se retrouver à vous appeler, vous courir après pour des réparations ou de la maintenance. Ça devient épuisant ! La sensation de payer pour rien… y’en a qui sont en TT ici",1 fois par trimestre on se retrouve pendant quelque jours sans internet et constamment ont doit se retrouver à vous appeler vous courir après pour des réparations ou de la maintenance ça devient épuisant la sensation de payer pour rien yen a qui sont en tt ici,2025-11-03 15:52:31
1856739693158641930,2024-11-13 17:43:34 +01:00,Alejandro_TrPr,@free je n'arrive pas à vous contacter pour ma box internet,je narrive pas à vous contacter pour ma box internet,2025-11-03 15:52:31
1856743080520499460,2024-11-13 17:57:01 +01:00,ludovicle,"@Freebox @free \n29 jours à attendre l’installation de la fibre \nUne freebox toujours pas reçue? \nMais par contre, un premier prélèvement de fait? \nVous trouvez ça normal?",n29 jours à attendre linstallation de la fibre nune freebox toujours pas reçue nmais par contre un premier prélèvement de fait nvous trouvez ça normal,2025-11-03 15:52:31
1856751693418897712,2024-11-13 18:31:15 +01:00,Djeufuii,@free hey c’est normal que votre numéro de support client ne soit plus attribué? \nJ’ai plus d’internet depuis hier et impossible d’avoir quelqu’un en assistance…,hey cest normal que votre numéro de support client ne soit plus attribué njai plus dinternet depuis hier et impossible davoir quelquun en assistance,2025-11-03 15:52:31
1856757054406267291,2024-11-13 18:52:33 +01:00,zoneadsl_panne,"🚨#PANNE MAJEURE  FREEBOX EN COURS🚨\n 📡99 freenautes ont signalé des pannes #Internet dont 81 sur le réseau #fibre de #Free depuis 11h35\n🌍Villes concernées : Pertuis (84120), La Bastidonne (84120)\n⬇️⬇️⬇️\nhttps://t.co/5syXsuGnbR",majeure freebox en coursn 99 freenautes ont signalé des pannes dont 81 sur le réseau de depuis 11h35nvilles concernées pertuis 84120 la bastidonne 84120nn,2025-11-03 15:52:31
1856760598534787379,2024-11-13 19:06:38 +01:00,donmarco84370,Et sinon @Freebox tu comptes refonctionner aujourd'hui ?\nParce que bon en panne depuis ce midi ca commence à faire long ?\n#free #freebox #panne,et sinon tu comptes refonctionner aujourdhui nparce que bon en panne depuis ce midi ca commence à faire long n,2025-11-03 15:52:31
1856772151648321661,2024-11-13 19:52:32 +01:00,BraxoPasDjeuMot,@freemobile @Freebox @free  pouvons-nous savoir pourquoi et quand est-ce que ça va être résolu ??,pouvonsnous savoir pourquoi et quand estce que ça va être résolu,2025-11-03 15:52:31
1856778212946170248,2024-11-13 20:16:37 +01:00,Max95SLB,@Freebox @free ça fait 1 semaine j’ai pas internet vous comptez faire quelque chose ou faut que j’aille voir la concurrence ça commence à me monter en pression,ça fait 1 semaine jai pas internet vous comptez faire quelque chose ou faut que jaille voir la concurrence ça commence à me monter en pression,2025-11-03 15:52:31
1856778435055526199,2024-11-13 20:17:30 +01:00,milla___0,@free ça fait 4h que j’ai aucun réseau uniquement dans ma ville et 2 jours que ma box ne fonctionne plus ???? Rendez mes sous ???,ça fait 4h que jai aucun réseau uniquement dans ma ville et 2 jours que ma box ne fonctionne plus rendez mes sous,2025-11-03 15:52:31
1856809051658571798,2024-11-13 22:19:10 +01:00,kronnikeTV,Sinon @free @Freebox toujours vous écrivez des Tweets quand tout fonctionne mais là depuis 24h j’ai plus de co? On débat sur ça ou pas,sinon toujours vous écrivez des tweets quand tout fonctionne mais là depuis 24h jai plus de co on débat sur ça ou pas,2025-11-03 15:52:31
1856811531230482865,2024-11-13 22:29:01 +01:00,lilknww,on en a marre de payer la box + la fibre pour qu'au final le wifi marche pas c'est grave @free,on en a marre de payer la box la fibre pour quau final le wifi marche pas cest grave,2025-11-03 15:52:31
1856811943975133679,2024-11-13 22:30:39 +01:00,mdanslesang13,@free c’est quand vous voulez que vous remettez en service le web ?,cest quand vous voulez que vous remettez en service le web,2025-11-03 15:52:31
1856818409058832556,2024-11-13 22:56:21 +01:00,Ilkevv,@free  pas d’internet sur Livry Gargan. Je suis en télétravail et je n’ai pas pu travailler aujourd’hui. Comment je fais maintenant ? Je vous paye vous êtes censé me fournir internet,pas dinternet sur livry gargan je suis en télétravail et je nai pas pu travailler aujourdhui comment je fais maintenant je vous paye vous êtes censé me fournir internet,2025-11-03 15:52:31
1856865832946545117,2024-11-14 02:04:48 +01:00,jnnr243,"@free un jour on va en découdre je vous le jure, j’en ai plus qu’assez de vos incompétences",un jour on va en découdre je vous le jure jen ai plus quassez de vos incompétences,2025-11-03 15:52:31
1857044729491313100,2024-11-14 13:55:40 +01:00,ChooupsLulu,C’EST QUOI VOTRE PROBLÈME FREE ????! @free @Freebox \nJ’ai un problème avec ma box parce qu’il il y’a eu une mauvaise manipulation d’un technicien!!!! Et maintenant on me dit qu’on technicien dois passer SAMEDI c’est déjà bien loin mais ok j’ai pas le choix …1/2,cest quoi votre problème free njai un problème avec ma box parce quil il ya eu une mauvaise manipulation dun technicien et maintenant on me dit quon technicien dois passer samedi cest déjà bien loin mais ok jai pas le choix 12,2025-11-03 15:52:31
1857051465094778921,2024-11-14 14:22:26 +01:00,mistermatth93,@Freebox pas de news sur l'incident depuis mardi 18h!!!! Pas très commercial #livrygargan,pas de news sur lincident depuis mardi 18h pas très commercial,2025-11-03 15:52:31
1857069549767544955,2024-11-14 15:34:18 +01:00,chr1svtv,"ptn mais vraiment @free ça bouge pas c’est le pire FAI de france frère j’ai jamais vu ça, un mois sans internet mais tout est normal hein",ptn mais vraiment ça bouge pas cest le pire fai de france frère jai jamais vu ça un mois sans internet mais tout est normal hein,2025-11-03 15:52:31
1857135616925774108,2024-11-14 19:56:49 +01:00,noel_y_ne,Freebox Delta bloquée étape 2 depuis cet après-midi 😣 suis-je la seule en galère? @free @Freebox #freebox,freebox delta bloquée étape 2 depuis cet aprèsmidi suisje la seule en galère,2025-11-03 15:52:31
1857152503017623906,2024-11-14 21:03:55 +01:00,vezzen_,"help logement raccordable à la fibre, un technicien est venu il y a 6 mois disant que ce n’était pas possible et jamais eu de retour depuis.. à chaque fois que j’appelle je n’ai personne qui ne peut me renvoyer quelqu’un @free @Freebox @Xavier75 🙏🙏",help logement raccordable à la fibre un technicien est venu il y a 6 mois disant que ce nétait pas possible et jamais eu de retour depuis à chaque fois que jappelle je nai personne qui ne peut me renvoyer quelquun,2025-11-03 15:52:31
1857294801663582529,2024-11-15 06:29:22 +01:00,MayonnaiseCrabe,"@Freebox sympa vous m'avez deja coupé la connexion alors que j'avais demandé jusqu'à la fin du mois, du coup je suspend les paiements aussi non ?",sympa vous mavez deja coupé la connexion alors que javais demandé jusquà la fin du mois du coup je suspend les paiements aussi non,2025-11-03 15:52:31
1857375387401011634,2024-11-15 11:49:35 +01:00,j_capdevielle,"Donc chez @free , pour une personne malentendante, en aucune façon on ne peut joindre le service commercial ! le seul moyen est un numéro de téléphone !\n-ou comment @Orange_conseil va récupérer 2 lignes mobile et une ligne fixe !\n@Freebox",donc chez pour une personne malentendante en aucune façon on ne peut joindre le service commercial le seul moyen est un numéro de téléphone nou comment va récupérer 2 lignes mobile et une ligne fixe n,2025-11-03 15:52:31
1857423726494556339,2024-11-15 15:01:40 +01:00,RachidDerbel,@Freebox Gros souci avec ma wifi depuis 3 jours. Peut-être du à la dernière mise à jour de la box serveur ? Suis-je le seul dans ce cas-là. @free @freemobile,gros souci avec ma wifi depuis 3 jours peutêtre du à la dernière mise à jour de la box serveur suisje le seul dans ce caslà,2025-11-03 15:52:31
1857444418346762680,2024-11-15 16:23:53 +01:00,Ragonss4,"Bonjour @Xavier75 nous n'avons toujours pas la fibre dans mon lotissement à Givry (71640) ... 3j pour télécharger mes jeux, on est en 2012 ouuuu ? \nY'a moyen de faire quelque chose ? En échange de quelques bouteilles de Givry 1er Cru 👀 ... @free https://t.co/Pz4AQSmNlk",bonjour nous navons toujours pas la fibre dans mon lotissement à givry 71640 3j pour télécharger mes jeux on est en 2012 ouuuu nya moyen de faire quelque chose en échange de quelques bouteilles de givry 1er cru,2025-11-03 15:52:31
1857455162333290816,2024-11-15 17:06:35 +01:00,Louglo_Did,"@Xavier75  \n@free \n@freemobile \nChez Free depuis à peine plus d'un mois, que des problèmes. \nC'est peut être mieux chez Reef finalement. \n#panne \n#problème",n n nchez free depuis à peine plus dun mois que des problèmes ncest peut être mieux chez reef finalement n n,2025-11-03 15:52:31
1857456480737255922,2024-11-15 17:11:49 +01:00,lidlfrance,Faut venir récupérer le monsieur qui tweet depuis ce matin devant le magasin rue Sainte à Marseille svp,faut venir récupérer le monsieur qui tweet depuis ce matin devant le magasin rue sainte à marseille svp,2025-11-03 15:52:31
1857496690804003281,2024-11-15 19:51:36 +01:00,Marechal_YL,@free ça fait 3 jours que j’ai ni télé ni internet et personne au bout du fil. \nOn fait comment ?,ça fait 3 jours que jai ni télé ni internet et personne au bout du fil non fait comment,2025-11-03 15:52:31
1857733947305722162,2024-11-16 11:34:22 +01:00,ade_ntj,"@free  j’ai plus internet depuis lundi car quelqu’un a coupé volontairement mon fil fibre , on m’a dit qu’un technicien allait passé avant samedi , j’attend toujours ! En attendant je paye une box un abonnement etc alors que j’ai accès à rien ! Normal ?",jai plus internet depuis lundi car quelquun a coupé volontairement mon fil fibre on ma dit quun technicien allait passé avant samedi jattend toujours en attendant je paye une box un abonnement etc alors que jai accès à rien normal,2025-11-03 15:52:31
1857744449117303108,2024-11-16 12:16:06 +01:00,Loutcho77,@free a genre vous voulez pas répondre sur le 3244? Je vais appeler toute les boutiques,a genre vous voulez pas répondre sur le 3244 je vais appeler toute les boutiques,2025-11-03 15:52:31
1857747705822380332,2024-11-16 12:29:03 +01:00,Jeanfilaf,"@free Bonjour, suite à la résiliation de mon contrat chez vous, j’ai renvoyé tout le matériel il y a plus d’une semaine dans un point relais et je n’ai reçu aucune confirmation ni d’envoi ni de réception de votre part… pouvez-vous me confirmer que vous l’avez bien reçu ?",bonjour suite à la résiliation de mon contrat chez vous jai renvoyé tout le matériel il y a plus dune semaine dans un point relais et je nai reçu aucune confirmation ni denvoi ni de réception de votre part pouvezvous me confirmer que vous lavez bien reçu,2025-11-03 15:52:31
1857853493647671597,2024-11-16 19:29:24 +01:00,TunisienMesquin,"@free Ça fait depuis mardi que ma box est bloquée a l’étape 2 donc pas de wifi depuis presque une semaine et votre service client par téléphone fait mine de rien, il serait temps de régler le problème  car c’est archi pénible",ça fait depuis mardi que ma box est bloquée a létape 2 donc pas de wifi depuis presque une semaine et votre service client par téléphone fait mine de rien il serait temps de régler le problème car cest archi pénible,2025-11-03 15:52:31
1857878766405521804,2024-11-16 21:09:50 +01:00,BalaganToni,"@free bonjour, je suis  abonné free box et j'ai perdu mes identifiants.\nQuelle est la procédure pour les récupérer ?\nMerci",bonjour je suis abonné free box et jai perdu mes identifiantsnquelle est la procédure pour les récupérer nmerci,2025-11-03 15:52:31
1858030551296266281,2024-11-17 07:12:58 +01:00,RubenAl200,@Freebox @free @freemobile svp ou sont les replays de la chaine RTL9 ? La chaine n'est plus dans les replay depuis ce matin merci de votre aide,svp ou sont les replays de la chaine rtl9 la chaine nest plus dans les replay depuis ce matin merci de votre aide,2025-11-03 15:52:31
1858128012266360961,2024-11-17 13:40:15 +01:00,saucykatana,"@free @Freebox  Plusieurs jours que notre box reste bloquée à l'étape 2 sans que rien ne soit fait pour régler la situation. Vous trouvez ça normal ? Non parce que si nous on ne paye pas, notre accès à internet est directement coupé. Je pense que la résiliation va arriver",plusieurs jours que notre box reste bloquée à létape 2 sans que rien ne soit fait pour régler la situation vous trouvez ça normal non parce que si nous on ne paye pas notre accès à internet est directement coupé je pense que la résiliation va arriver,2025-11-03 15:52:31
1858132049023902130,2024-11-17 13:56:17 +01:00,denztv1,Donc moi je paie 40e par moi pour avoir ça comme débit ? @Freebox venez par là on a des trucs à se dire https://t.co/ZUNZfxkdS3,donc moi je paie 40e par moi pour avoir ça comme débit venez par là on a des trucs à se dire,2025-11-03 15:52:31
1858168629222662183,2024-11-17 16:21:38 +01:00,LulluBellule,"Hey @free , on vient d'installer la fibre dans mon immeuble. Quelles sont vos promos actuelles ? Et quels sont vos délais pour raccorder mon appartement à la fibre  et avoir accès à la fibre ?",hey on vient dinstaller la fibre dans mon immeuble quelles sont vos promos actuelles et quels sont vos délais pour raccorder mon appartement à la fibre et avoir accès à la fibre,2025-11-03 15:52:31
1858185842457768425,2024-11-17 17:30:02 +01:00,Zeltox1,Toujours bien de dire que j’ai toujours pas vu l’once d’un Go hein @Freebox rendez ma connexion pitié,toujours bien de dire que jai toujours pas vu lonce dun go hein rendez ma connexion pitié,2025-11-03 15:52:31
1858264809915260992,2024-11-17 22:43:50 +01:00,Fred_Dumoulin,"Bonjour @free, toujours pas de raccordement ok pour une demande faite le 31/08 et une adresse éligible depuis septembre. Loin de votre délai annoncé de 15 jours. Nos relances sont restées sans réponse ! Faut il s’adresser à vos concurrents pour bénéficier de la fibre ? @Xavier75",bonjour toujours pas de raccordement ok pour une demande faite le 3108 et une adresse éligible depuis septembre loin de votre délai annoncé de 15 jours nos relances sont restées sans réponse faut il sadresser à vos concurrents pour bénéficier de la fibre,2025-11-03 15:52:31
1858288503681081350,2024-11-18 00:17:59 +01:00,Ladyeleanne,@Freebox vous n'avez pas de solution pour un fidèle abonné qui n'a plus internet depuis le 24/10 ? Je n'en peux plus. Je vais devoir partir de chez vous... :-(,vous navez pas de solution pour un fidèle abonné qui na plus internet depuis le 2410 je nen peux plus je vais devoir partir de chez vous,2025-11-03 15:52:31
1858434600239821257,2024-11-18 09:58:31 +01:00,arnouvion,"Bonjour @Free et @Freebox , malgré mes relances, depuis 1 an, je n'ai toujours pas de technicien pour installer la fibre à mon bureau situé dans le 1er arrondissement de Paris. Pouvez-vous m'aider à résoudre ce problème rapidement ? Merci.",bonjour et malgré mes relances depuis 1 an je nai toujours pas de technicien pour installer la fibre à mon bureau situé dans le 1er arrondissement de paris pouvezvous maider à résoudre ce problème rapidement merci,2025-11-03 15:52:31
1858436229571711025,2024-11-18 10:04:59 +01:00,whymper_conseil,Incident Free réseau sur @aixlesbainsfr et #73100 ?\nIncident sur câble semble t'il ?\n@Free_1337 @Freebox,incident free réseau sur et nincident sur câble semble til n,2025-11-03 15:52:31
1858454566460694825,2024-11-18 11:17:51 +01:00,WalidzMomobami,"@free je vais vriller, ça fait des semaines ma connexion se coupe, votre service client inexistante, aussi vide que une game en ranked sur sparking zéro\n\noù sont votre assistance technique ?",je vais vriller ça fait des semaines ma connexion se coupe votre service client inexistante aussi vide que une game en ranked sur sparking zéronnoù sont votre assistance technique,2025-11-03 15:52:31
1858506088179507698,2024-11-18 14:42:35 +01:00,HasnaAtif,@free bonjour je veux migrer vers la fibre mais l’offre avec réduction n’est apparemment que pour les nouveaux clients. Donc pas d’autre choix que de partir chez la concurrence?pour être appelé après pour se voir offrir des reduc ou est la logique,bonjour je veux migrer vers la fibre mais loffre avec réduction nest apparemment que pour les nouveaux clients donc pas dautre choix que de partir chez la concurrencepour être appelé après pour se voir offrir des reduc ou est la logique,2025-11-03 15:52:31
1858534551611486392,2024-11-18 16:35:41 +01:00,raz3N,"@Xavier75 @free Indadmissible, 1 mois que j'ai déménagé et ma co internet est instable au maximum, des déco tout les jours, aléatoire et rien de fait, 5 techniciens sont passé et rien, un changement de box, rien non plus ! Jvous aime bien mais la jcommence à aimer Bouygues.",indadmissible 1 mois que jai déménagé et ma co internet est instable au maximum des déco tout les jours aléatoire et rien de fait 5 techniciens sont passé et rien un changement de box rien non plus jvous aime bien mais la jcommence à aimer bouygues,2025-11-03 15:52:31
1858549223144202659,2024-11-18 17:33:59 +01:00,beng75018,"@Freebox ""nous constatons qu'un ticket d'incident à été ouvert du 31/10 au 19/11 (17 jours)"" y a comme un problème de math non ?",nous constatons quun ticket dincident à été ouvert du 3110 au 1911 17 jours y a comme un problème de math non,2025-11-03 15:52:31
1858581385109291096,2024-11-18 19:41:47 +01:00,sg_mister,"@Freebox  Bonjour à vous alors voilà votre mail et je veux bien vous contacter au 3244 mais vous ne voulez pas, vu que je n'ai pas de code secret 😅 https://t.co/RNaqKWTEmV",bonjour à vous alors voilà votre mail et je veux bien vous contacter au 3244 mais vous ne voulez pas vu que je nai pas de code secret,2025-11-03 15:52:31
1858605846264967311,2024-11-18 21:18:59 +01:00,kebabsaucebiggy,@free @Freebox normal que je paie un abonnement 50 balles par mois pour avoir soit disant la meilleure fibre optique de France mais que ça dépasse pas les 10mb/s ?? Vous vous fouteriez pas un peu de notre gueule pr hasard ?,normal que je paie un abonnement 50 balles par mois pour avoir soit disant la meilleure fibre optique de france mais que ça dépasse pas les 10mbs vous vous fouteriez pas un peu de notre gueule pr hasard,2025-11-03 15:52:31
1858622733883449376,2024-11-18 22:26:05 +01:00,UnVisible_Of,"@InfoAbonneCanal  j'essaie de bénéficier de la nouvelle offre Family by canal offerte avec freebox, est-ce que c'est normal que mon compte mycanal ne me donne accès qu'au contenu gratuit habituel ? Rien à changé ?",jessaie de bénéficier de la nouvelle offre family by canal offerte avec freebox estce que cest normal que mon compte mycanal ne me donne accès quau contenu gratuit habituel rien à changé,2025-11-03 15:52:31
1858675544944169368,2024-11-19 01:55:57 +01:00,Haangladius,"Nous n’avons pas Internet pendant plus d’une heure, et la réception téléphonique non plus. ce qui se passe? \n@free",nous navons pas internet pendant plus dune heure et la réception téléphonique non plus ce qui se passe n,2025-11-03 15:52:31
1858806216119431366,2024-11-19 10:35:11 +01:00,Appelmoi_leDuc,"Chez @free @Xavier75 tu résilies ta box, ils te prélèvent encore le mois suivant. En +, le SAV coûte 0,45€/min car t’es plus abonné. 👍 !! 10 min d’attente pour rien, 4,5€ de perdu x2 + appels où je n’ai pas le temps d’attendre… Des génies ou des voleurs ?",chez tu résilies ta box ils te prélèvent encore le mois suivant en le sav coûte 045min car tes plus abonné 10 min dattente pour rien 45 de perdu x2 appels où je nai pas le temps dattendre des génies ou des voleurs,2025-11-03 15:52:31
1858816860986196184,2024-11-19 11:17:29 +01:00,CatelDebo,@free bonjour je suis abonné mobile catel François pourriez vous me joindre svp,bonjour je suis abonné mobile catel françois pourriez vous me joindre svp,2025-11-03 15:52:31
1858842390875848754,2024-11-19 12:58:56 +01:00,wikenH,Pourquoi je suis en débit réduit encore @free ?,pourquoi je suis en débit réduit encore,2025-11-03 15:52:31
1858848706264522830,2024-11-19 13:24:01 +01:00,Nathathoustra,"Depuis le 9 oct, fils arrachés, box qui ne fctne plus. 4 techniciens sont venus, pour dire qu'il fallait une nacelle, mais jamais de nacelle. Aucun contact possible hormis l'assistance de proximité qui ne fait rien. Un suivi nul. Je fais quoi ??! @free @Freebox @Xavier75 #freebox",depuis le 9 oct fils arrachés box qui ne fctne plus 4 techniciens sont venus pour dire quil fallait une nacelle mais jamais de nacelle aucun contact possible hormis lassistance de proximité qui ne fait rien un suivi nul je fais quoi,2025-11-03 15:52:31
1858865041031696752,2024-11-19 14:28:56 +01:00,juliem003,@free @Freebox pourquoi votre service réclamation n’est pas joignable par téléphone ? J’ai eu 3 semaines de coupures internet et faut encore que j’envoie un courrier pour être dédommagée ?,pourquoi votre service réclamation nest pas joignable par téléphone jai eu 3 semaines de coupures internet et faut encore que jenvoie un courrier pour être dédommagée,2025-11-03 15:52:31
1858865184296640772,2024-11-19 14:29:30 +01:00,tiger28officiel,Free je n'en reviens pas après l'orage plus de connexion c'est dingue apenne 2 semaine et déjà des problème 0 technicien \n@free @SFR,free je nen reviens pas après lorage plus de connexion cest dingue apenne 2 semaine et déjà des problème 0 technicien n,2025-11-03 15:52:31
1858921207229297052,2024-11-19 18:12:07 +01:00,oiseauduvent,@Freebox pourquoi me priver de services 3 jours avant la date de résiliation ???\nMerci de me répondre SVP,pourquoi me priver de services 3 jours avant la date de résiliation nmerci de me répondre svp,2025-11-03 15:52:31
1858926375526429176,2024-11-19 18:32:39 +01:00,Dypapopoulos,"@free vous venez de perdre un client, ciao.",vous venez de perdre un client ciao,2025-11-03 15:52:31
1858933673938362868,2024-11-19 19:01:39 +01:00,HD_Solution,@OQEEbyFree @free Bonjour je m'abonne à @beinsports_FR pour suivre la @daviscup  mais le stream est totalement boggué sur Android... il y a un décalage énorme entre le son et l'image.  Donc soit vous régler le problème soit vous me remboursez. Merci,bonjour je mabonne à pour suivre la mais le stream est totalement boggué sur android il y a un décalage énorme entre le son et limage donc soit vous régler le problème soit vous me remboursez merci,2025-11-03 15:52:31
1858958448056271017,2024-11-19 20:40:06 +01:00,Ladyeleanne,"@free est ce quelqu'un de chez vous peut m'aider. Free me laisse internet depuis le 24 octobre sans aucun suivi, aucune aide. Sachant que mon mobile ne capte pas sans la box. Fidèle cliente depuis le 1er abonnement free.. Pour rien",est ce quelquun de chez vous peut maider free me laisse internet depuis le 24 octobre sans aucun suivi aucune aide sachant que mon mobile ne capte pas sans la box fidèle cliente depuis le 1er abonnement free pour rien,2025-11-03 15:52:31
1858963702659072380,2024-11-19 21:00:59 +01:00,jujubilel,@free c possible de se parler en dm ?,c possible de se parler en dm,2025-11-03 15:52:31
1858982064235966864,2024-11-19 22:13:56 +01:00,mvto_vyu,Help @Freebox @free @Xavier75 https://t.co/XnTrQdNATZ,help,2025-11-03 15:52:31
1858995385911701760,2024-11-19 23:06:53 +01:00,Mehdiyeah,@free c’est quoi cette connerie ? On ne peut plus passer les pubs si on regarde en différé.\nEnlevez ça de suite ou je me désabonne !\n@Arcom_fr https://t.co/ebuCA75FYF,cest quoi cette connerie on ne peut plus passer les pubs si on regarde en différénenlevez ça de suite ou je me désabonne n,2025-11-03 15:52:31
1859030673774047254,2024-11-20 01:27:06 +01:00,JVTatsuyaGaming,@free @Freebox @freemobile @Xavier75\n\nY'a une Panne free à Fontaine dans le 71 ? 🤔,nnya une panne free à fontaine dans le 71,2025-11-03 15:52:31
1859151771496509822,2024-11-20 09:28:18 +01:00,mannschaft944,@free  c’est vraiment de la merde que des problèmes,cest vraiment de la merde que des problèmes,2025-11-03 15:52:31
1859191716168794570,2024-11-20 12:07:01 +01:00,Juste_Bebz,"PUTAIN @free, RAS LE FIACOS.\nJe me suis dis vas-y je vais stream un coup et après dodo, je peux même pas.\nJ'ai la FIBRE pourtant, je vois ping à 7 je me dis c'est bon ça passe, et ben NON. J'AI MÊME PAS 40 MÉGA BORDEL DE MERDE, COMMENT C'EST POSSIBLE D'AVOIR ÇA EN AYANT LA FIBRE. https://t.co/T83wEV0mep",putain ras le fiacosnje me suis dis vasy je vais stream un coup et après dodo je peux même pasnjai la fibre pourtant je vois ping à 7 je me dis cest bon ça passe et ben non jai même pas 40 méga bordel de merde comment cest possible davoir ça en ayant la fibre,2025-11-03 15:52:31
1859227157060309213,2024-11-20 14:27:51 +01:00,Elisaperei46275,@M6 pour info le replay de votre chaîne ne fonctionne plus chez @free. Message affiché : Contenu indisponible.,pour info le replay de votre chaîne ne fonctionne plus chez message affiché contenu indisponible,2025-11-03 15:52:31
1859240984174882920,2024-11-20 15:22:48 +01:00,Maya_RSJ,@free bonjour \nJ'ai un problème avec un nouveau contrat \nJ'attends le technicien depuis 3h. Toujours personne. Impossible de joindre quelqu'un \nImpossible de me connecter à mon compte \n\nEst-ce qu'on peut me rappeler ?,bonjour njai un problème avec un nouveau contrat njattends le technicien depuis 3h toujours personne impossible de joindre quelquun nimpossible de me connecter à mon compte nnestce quon peut me rappeler,2025-11-03 15:52:31
1859249510532178402,2024-11-20 15:56:41 +01:00,Delattre74Lolo,@free comme personne ne veux que je converse avec le service résiliation ne répond chez free il veulent sans doute que je parte à la concurrence comme on donne rien au abonnés actuel on fait marcher la concurrence,comme personne ne veux que je converse avec le service résiliation ne répond chez free il veulent sans doute que je parte à la concurrence comme on donne rien au abonnés actuel on fait marcher la concurrence,2025-11-03 15:52:31
1859267914731593745,2024-11-20 17:09:49 +01:00,AlexandreNamz,Coucou @Freebox  cela fais deux jours que je n’ai plus internet il serait possible de voir le problème avec vous ?,coucou cela fais deux jours que je nai plus internet il serait possible de voir le problème avec vous,2025-11-03 15:52:31
1859270112164872361,2024-11-20 17:18:32 +01:00,MMadjes,@free c’est quoi ce bordel ? Vous prenez l’argent des gens bien rapidement et en en échanges on a une connexion internet de merde ! Faut cessez l’abus là quand même !,cest quoi ce bordel vous prenez largent des gens bien rapidement et en en échanges on a une connexion internet de merde faut cessez labus là quand même,2025-11-03 15:52:31
1859275967941804407,2024-11-20 17:41:49 +01:00,ByMaxTalk,"2 semaine pour avoir un rendez vous installation \nLe colis indiqué livré dans ma boîte au lettre est absent \n\nTu commences bien @free, dire que j’avais le choix entre ça et @SFR je pensais pas trouver aussi pire que le démon rouge",2 semaine pour avoir un rendez vous installation nle colis indiqué livré dans ma boîte au lettre est absent nntu commences bien dire que javais le choix entre ça et je pensais pas trouver aussi pire que le démon rouge,2025-11-03 15:52:31
1859278084328804705,2024-11-20 17:50:13 +01:00,HawaDram9,@Freebox  problème de connexion. Sur ma box n’arrive pas à joindre service assistance,problème de connexion sur ma box narrive pas à joindre service assistance,2025-11-03 15:52:31
1859285988352184358,2024-11-20 18:21:38 +01:00,NAJJARIM,Bonsoir @free \nAvez vous une solution à proposer à un client fidèle depuis 20ans ?\n#free #fidelite #freebox,bonsoir navez vous une solution à proposer à un client fidèle depuis 20ans n,2025-11-03 15:52:31
1859312126982332457,2024-11-20 20:05:30 +01:00,phertzog,"@Freebox Bonsoir, depuis plusieurs jour service tv très dégradé. Un problème sur le secteur de Sélestat ?",bonsoir depuis plusieurs jour service tv très dégradé un problème sur le secteur de sélestat,2025-11-03 15:52:31
1859313040312696915,2024-11-20 20:09:07 +01:00,vainvain58,@free plus possible de zapper les pubs sur TMC quand on regarde un programme en décalé 😡.\nJ'espère que celà ne va pas se généraliser sur toute les chaînes 😡😡😡,plus possible de zapper les pubs sur tmc quand on regarde un programme en décalé njespère que celà ne va pas se généraliser sur toute les chaînes,2025-11-03 15:52:31
1859313533827285310,2024-11-20 20:11:05 +01:00,kay_xvr_,C'est une dinguerie j'ai pas de connexion avec free alors que je dois envoyer un devoir ce soir ??? @free,cest une dinguerie jai pas de connexion avec free alors que je dois envoyer un devoir ce soir,2025-11-03 15:52:31
1859320507721474208,2024-11-20 20:38:48 +01:00,Emre_wsh,Je peut avoir acces a Internet ouuuuu @Freebox,je peut avoir acces a internet ouuuuu,2025-11-03 15:52:31
1859348415450431494,2024-11-20 22:29:41 +01:00,BasstosAdrien,@free j’aimerais savoir ce que vous faites de vos journées sérieusement on passe plus de temps en ayant des pannes de réseau et d’Internet que le moment ça fonctionne bien évidemment on paye toujours le même prix…,jaimerais savoir ce que vous faites de vos journées sérieusement on passe plus de temps en ayant des pannes de réseau et dinternet que le moment ça fonctionne bien évidemment on paye toujours le même prix,2025-11-03 15:52:31
1859350785194328561,2024-11-20 22:39:06 +01:00,HLebontuillot,"Ma freebox tv bug tous les soirs vers 22h30 depuis 2 semaines. Ecran noir. Je suis obligé de faire un va-et-vient pour que ça refonctionne sur d’autres chaines, voire devoir redémarrer le décodeur tv. Que se passe t-il ?? @free @Xavier75 #freebox mini4k",ma freebox tv bug tous les soirs vers 22h30 depuis 2 semaines ecran noir je suis obligé de faire un vaetvient pour que ça refonctionne sur dautres chaines voire devoir redémarrer le décodeur tv que se passe til mini4k,2025-11-03 15:52:31
1859373392048038312,2024-11-21 00:08:56 +01:00,xZiqouille,"Je suis obligé de contacter @free toutes les 2 semaines depuis que je suis chez eux pour divers problèmes, encore ce soir j'ai des déconnexions en boucle pendant plusieurs heures mais vous inquiétez pas ils ont LA solution. J'enverrai la facture internet mobile à la fin du mois🤡 https://t.co/OEtZK17u1m",je suis obligé de contacter toutes les 2 semaines depuis que je suis chez eux pour divers problèmes encore ce soir jai des déconnexions en boucle pendant plusieurs heures mais vous inquiétez pas ils ont la solution jenverrai la facture internet mobile à la fin du mois,2025-11-03 15:52:31
1859384057647267915,2024-11-21 00:51:19 +01:00,ranPomm,La vie de ma mère @free jvais cabler srx ça pue la merde la co depuis 1 mois et j'ai la fibre jsp faites un effort nn ? en plus là c'est bloqué étape 6 ptn,la vie de ma mère jvais cabler srx ça pue la merde la co depuis 1 mois et jai la fibre jsp faites un effort nn en plus là cest bloqué étape 6 ptn,2025-11-03 15:52:31
1859384110357053725,2024-11-21 00:51:32 +01:00,loismarcin,@free il se passe quoi encore ? #free #down,il se passe quoi encore,2025-11-03 15:52:31
1859387092205244708,2024-11-21 01:03:23 +01:00,Gabydebur,"Coucou @free pb de connexion #pasdecalais dans pas de calais (62) depuis 5/10 minutes, #ultra led rouge allumée normal ? Merci pour votre réponse 😉 bon courage si c'est un PB sur le réseau 👍",coucou pb de connexion dans pas de calais 62 depuis 510 minutes led rouge allumée normal merci pour votre réponse bon courage si cest un pb sur le réseau,2025-11-03 15:52:31
1859387851734913362,2024-11-21 01:06:24 +01:00,RegniezTony,"Moi qui voulais lancer Cs2, quand la mise à jour s’arrête et je vois plus de réseau sur mon ordi et mon téléphone. Faite quelque chose @free laisser moi lancer ma Game",moi qui voulais lancer cs2 quand la mise à jour sarrête et je vois plus de réseau sur mon ordi et mon téléphone faite quelque chose laisser moi lancer ma game,2025-11-03 15:52:31
1859396832314445962,2024-11-21 01:42:05 +01:00,Hirowh_,@Freebox need help j'ai plus de co https://t.co/SyHfX0ypFJ,need help jai plus de co,2025-11-03 15:52:31
1859473400592314878,2024-11-21 06:46:20 +01:00,yannkervarec,Hey oh … @Freebox  @free  vous êtes où ? Plus d’internet !,hey oh vous êtes où plus dinternet,2025-11-03 15:52:31
1859526899459879117,2024-11-21 10:18:55 +01:00,kisskoul,"@Xavier75 je suis bloqué avec un opérateur éclaté au rez-de-chaussée encore 1 an car j'avais pas le choix, tu peux pas m'aider à m'en débarrasser pour passer chez @free \nJe paye plus cher et j'ai que Netflix Meskine 🙁",je suis bloqué avec un opérateur éclaté au rezdechaussée encore 1 an car javais pas le choix tu peux pas maider à men débarrasser pour passer chez nje paye plus cher et jai que netflix meskine,2025-11-03 15:52:31
1859553295393587537,2024-11-21 12:03:49 +01:00,r0uf0u,@Freebox possible d’avoir une assistance ou un retour sur la situation j’ai plus internet / tv depuis hier soir,possible davoir une assistance ou un retour sur la situation jai plus internet tv depuis hier soir,2025-11-03 15:52:31
1859587419491770432,2024-11-21 14:19:24 +01:00,VBPix84,Encore des soucis de connection chez @free ou je suis le seul ? Secteur Sorgues (84).,encore des soucis de connection chez ou je suis le seul secteur sorgues 84,2025-11-03 15:52:31
1859587650769846744,2024-11-21 14:20:20 +01:00,JTLCD59,"Bonjour @free pas de connexion télé internet téléphone, j’ai appelé laisser un message sur votre répondeur et un message écrit sur l’application pas de réponse (les 45 minutes sont dépassés) vous pouvez réagir ? C’est chez une personne âgé. Merci !",bonjour pas de connexion télé internet téléphone jai appelé laisser un message sur votre répondeur et un message écrit sur lapplication pas de réponse les 45 minutes sont dépassés vous pouvez réagir cest chez une personne âgé merci,2025-11-03 15:52:31
1859603343137526208,2024-11-21 15:22:41 +01:00,BruceWayne055,"Ma ligne @free qui retombe en panne, pas de technicien pour le diagnostic avant le 2 décembre, Orange m'installe la fibre dans 1 semaine pour moins cher, à dégager @free",ma ligne qui retombe en panne pas de technicien pour le diagnostic avant le 2 décembre orange minstalle la fibre dans 1 semaine pour moins cher à dégager,2025-11-03 15:52:31
1859609781427745223,2024-11-21 15:48:16 +01:00,Heuss_Ketama,@Freebox  interruption de service ( plus d’internet ) dans les zones d’evry courcouronnes ? Que faire?,interruption de service plus dinternet dans les zones devry courcouronnes que faire,2025-11-03 15:52:31
1859631232696361246,2024-11-21 17:13:30 +01:00,ricou44330,@free Vos serveurs de mail sont HS ?,vos serveurs de mail sont hs,2025-11-03 15:52:31
1859631625866264626,2024-11-21 17:15:04 +01:00,Emre_wsh,Ya moyen que je recupere ma co ouuu ? @free @Freebox,ya moyen que je recupere ma co ouuu,2025-11-03 15:52:31
1859634128980713566,2024-11-21 17:25:01 +01:00,manavaeva,Depuis que je suis chez @free j’ai tellement de bug 😟😱😱😱 putain les coupures de tv et internet c’est hallucinant ! Franchement c’est même pire que @SFR ! Et pour être pire que SFR c’est quelques chose.,depuis que je suis chez jai tellement de bug putain les coupures de tv et internet cest hallucinant franchement cest même pire que et pour être pire que sfr cest quelques chose,2025-11-03 15:52:31
1859666522685505769,2024-11-21 19:33:44 +01:00,AmiineHamrawa,"Le conseiller @Freebox me dit qu'il va gérer la résiliation de ma box red by sfr (mai 2023), sauf que non.\n\nEntrainant ainsi 18 mois d'abonnement chez les deux. 540 euros de perdu.\n\nJe résilie de suite.",le conseiller me dit quil va gérer la résiliation de ma box red by sfr mai 2023 sauf que nonnnentrainant ainsi 18 mois dabonnement chez les deux 540 euros de perdunnje résilie de suite,2025-11-03 15:52:31
1859678587336655279,2024-11-21 20:21:41 +01:00,S_H_Y_6913,Encore une panne depuis 11h30 aujourd’hui @free @Freebox !!! Devient lassant !!! 🙄 https://t.co/r7rRkR50bA,encore une panne depuis 11h30 aujourdhui devient lassant,2025-11-03 15:52:31
1859720941271691309,2024-11-21 23:09:59 +01:00,NoLpeYu,@free @Orange_France @SFR je sais pas qui contacter mais j’en ai ras le cul de jouer à 150 de Ping tout les jours elle arrive quand la fibre là ça fait 10 ans j’attends tout les villages du coin sont fibrés…  ça devient invivable aidez moi je suis à bout là,je sais pas qui contacter mais jen ai ras le cul de jouer à 150 de ping tout les jours elle arrive quand la fibre là ça fait 10 ans jattends tout les villages du coin sont fibrés ça devient invivable aidez moi je suis à bout là,2025-11-03 15:52:31
1859742391022072264,2024-11-22 00:35:13 +01:00,RigolTv,Sympa la VOST chez @free merci @Xavier75 https://t.co/vAqV5atz6D,sympa la vost chez merci,2025-11-03 15:52:31
1859774283373019385,2024-11-22 02:41:56 +01:00,serwalfang,"@Freebox j'ai toujourS deS problèmeS avec vouS, avec la "" révolution "" et même maintenant avec la "" delta "" j'ai deS erreurS de connexion le disant que je n'ai paS assez de débit et là maintenant j'ai encore le son qui est décalé de l'image, super pour voir leS programme télé",jai toujours des problèmes avec vous avec la révolution et même maintenant avec la delta jai des erreurs de connexion le disant que je nai pas assez de débit et là maintenant jai encore le son qui est décalé de limage super pour voir les programme télé,2025-11-03 15:52:31
1859853636920279201,2024-11-22 07:57:16 +01:00,YoannGillet30,"Bonjour @Xavier75,\nDepuis que j’ai souscrit à une offre @free pour ma permanence parlementaire, j’ai ""perdu"" mon numéro de téléphone. \nJe ne suis plus joignable et vos services me promettent chaque jour une solution rapide, sans résultat.\n\n@Freebox",bonjour ndepuis que jai souscrit à une offre pour ma permanence parlementaire jai perdu mon numéro de téléphone nje ne suis plus joignable et vos services me promettent chaque jour une solution rapide sans résultatnn,2025-11-03 15:52:31
1859881222048293155,2024-11-22 09:46:52 +01:00,lemykillmistrss,@Sosh_fr @Freebox vous allez vous renvoyer la balle combien de temps ? C’est qui le stagiaire qui a pas fait son boulot de résiliation ?,vous allez vous renvoyer la balle combien de temps cest qui le stagiaire qui a pas fait son boulot de résiliation,2025-11-03 15:52:31
1859888058373743066,2024-11-22 10:14:02 +01:00,un_cauchxmar,"Vraiment j’espère que free va quitter le marché. Depuis le 30/10 j’ai pas de wifi et je n’ai que peu de 4G chez moi (mon téléphone aussi est chez free) je fais un examen blanc en distanciel actu mais j’ai PAS DE CONNEXION POUR L’ENVOYER \n@free si je valide pas, vous allez payer https://t.co/dEzEKpym53",vraiment jespère que free va quitter le marché depuis le 3010 jai pas de wifi et je nai que peu de 4g chez moi mon téléphone aussi est chez free je fais un examen blanc en distanciel actu mais jai pas de connexion pour lenvoyer n si je valide pas vous allez payer,2025-11-03 15:52:31
1859934957101269355,2024-11-22 13:20:24 +01:00,Tifosi62,"@free bonjour,\nJe ne peux pas débloquer mon adresse mail Free suite à une possible utilisation malveillante. Le service recupcompte n’est plus disponible, est-ce normal ?",bonjournje ne peux pas débloquer mon adresse mail free suite à une possible utilisation malveillante le service recupcompte nest plus disponible estce normal,2025-11-03 15:52:31
1859945051998306624,2024-11-22 14:00:31 +01:00,ImmigreParisien,"Les gars est ce que quelqu’un travail chez @Orange_France (dans le nord) c’est une dinguerie, problème de fibre (que chez moi les voisins 0 problemes) et les chiens au téléphone me donne 0 solution et je dois attendre jusqu’à MARDI mdrrrrrrrr et j’boss comment ??",les gars est ce que quelquun travail chez dans le nord cest une dinguerie problème de fibre que chez moi les voisins 0 problemes et les chiens au téléphone me donne 0 solution et je dois attendre jusquà mardi mdrrrrrrrr et jboss comment,2025-11-03 15:52:31
1859989948277067831,2024-11-22 16:58:55 +01:00,Verdicts1,"Petit échange avec le Service Free, pour avoir un geste commercial, suite à ma fidélité à @free .\nJe pense que @Xavier75 appréciera comment ses conseillers proposent à ses fidèles clients de résilier leur contrat, pour avoir un geste commercial. https://t.co/cUdlobZbPx",petit échange avec le service free pour avoir un geste commercial suite à ma fidélité à nje pense que appréciera comment ses conseillers proposent à ses fidèles clients de résilier leur contrat pour avoir un geste commercial,2025-11-03 15:52:31
1859991605488623905,2024-11-22 17:05:30 +01:00,MargotWarrior,"Bonjour @free comment on fait quand un sous-traitant nous débranche la fibre pour brancher quelqu’un d’autre (notre voisin), l’admet clairement, mais remet la faute sur vous ? Au final ni notre voisin ni nous n’avons la fibre maintenant 👍 @Free_1337 @Xavier75 https://t.co/Mw5TEeFMxo",bonjour comment on fait quand un soustraitant nous débranche la fibre pour brancher quelquun dautre notre voisin ladmet clairement mais remet la faute sur vous au final ni notre voisin ni nous navons la fibre maintenant,2025-11-03 15:52:31
1860000388755390691,2024-11-22 17:40:24 +01:00,math_cheminais,"Sinon chez @free, vous avez pensé a réparer vos équipements pour assurer le service de vos clients au lieu de chercher la bagarre devant des supermarchés?",sinon chez vous avez pensé a réparer vos équipements pour assurer le service de vos clients au lieu de chercher la bagarre devant des supermarchés,2025-11-03 15:52:31
1860013045168377975,2024-11-22 18:30:41 +01:00,RemyTwitt83,@free bonjour \nJe ne retrouve plus mon mot de passe zimbra . Help!!!!!!!!!,bonjour nje ne retrouve plus mon mot de passe zimbra help,2025-11-03 15:52:31
1860036479864701021,2024-11-22 20:03:49 +01:00,DeepDarck_Arrow,@Freebox ma box est bloquer à l’étape 6 que puis je faire ?,ma box est bloquer à létape 6 que puis je faire,2025-11-03 15:52:31
1860042558258446639,2024-11-22 20:27:58 +01:00,Kro07543978,@free c est quoi ce réseau !!!!!! https://t.co/pE4jumzPmo,c est quoi ce réseau,2025-11-03 15:52:31
1860059156113232062,2024-11-22 21:33:55 +01:00,KitKatCaramiel,@free peut m'expliquer c'est quoi son délire à passer toutes les chaînes payantes !? Tu paies soit disant un abonnement internet + télé pour au final avoir que les chaînes de la TNT disponibles mais KOUNIA MANMAN ZOT !,peut mexpliquer cest quoi son délire à passer toutes les chaînes payantes tu paies soit disant un abonnement internet télé pour au final avoir que les chaînes de la tnt disponibles mais kounia manman zot,2025-11-03 15:52:31
1860068924886225060,2024-11-22 22:12:44 +01:00,zoneadsl_panne,⚠#PANNE  FREEBOX EN COURS⚠\n 📡20 freenautes ont signalé des pannes #Internet sur le réseau #fibre de #Free depuis 20h52\n🌍Ville concernée : Bussy-Saint-Georges (77600)\n⬇️⬇️⬇️\nhttps://t.co/5syXsuGnbR,freebox en coursn 20 freenautes ont signalé des pannes sur le réseau de depuis 20h52nville concernée bussysaintgeorges 77600nn,2025-11-03 15:52:31
1860069844055740817,2024-11-22 22:16:23 +01:00,istobe1,"C'est nouveau ça, lorsqu'on essaye de passer les pubs sur Free lors d'un visionnage  en différé : ""À la demande de tf1 cette action est bloquée""\nDu coup @free, à la demande de vos clients, vous pourriez aller vous faire 😡@€🤮%🤬!# ?? https://t.co/VhHEp8VEiP",cest nouveau ça lorsquon essaye de passer les pubs sur free lors dun visionnage en différé à la demande de tf1 cette action est bloquéendu coup à la demande de vos clients vous pourriez aller vous faire,2025-11-03 15:52:31
1860248655325782428,2024-11-23 10:06:55 +01:00,clippydaclip,Quand le sav de @free me dit que la fibre sera installée avant la fin de l'hiver promis même si on vous le dit tout les ans et qu'on fait rien.\nVous inquiéter pas  ! https://t.co/gk0bt5eFo5,quand le sav de me dit que la fibre sera installée avant la fin de lhiver promis même si on vous le dit tout les ans et quon fait riennvous inquiéter pas,2025-11-03 15:52:31
1860259963886522689,2024-11-23 10:51:52 +01:00,Chop19211,"@free Bonjour, je suis déjà client chez Free.\nJ’ai tenté de joindre vos services à plusieurs reprises sur Whatsapp pour une question sur le changement d’offre à la fibre Ultra. Pas de réponse depuis plus d’une semaine et 4 messages. Pouvez-vous me recontacter?Excellente journée",bonjour je suis déjà client chez freenjai tenté de joindre vos services à plusieurs reprises sur whatsapp pour une question sur le changement doffre à la fibre ultra pas de réponse depuis plus dune semaine et 4 messages pouvezvous me recontacterexcellente journée,2025-11-03 15:52:31
1860260334642057699,2024-11-23 10:53:20 +01:00,kevintsigbe,"Bonjour @free, panne depuis plus de 48h dans le secteur Vitry-sur-Seine/Villejuif (94) et aucune information de votre part malgré des mails et appels téléphoniques. Est-ce possible d'avoir un suivi de la situation svp ? Merci.",bonjour panne depuis plus de 48h dans le secteur vitrysurseinevillejuif 94 et aucune information de votre part malgré des mails et appels téléphoniques estce possible davoir un suivi de la situation svp merci,2025-11-03 15:52:31
1860265738293870982,2024-11-23 11:14:48 +01:00,Fionaadlg,"@free je profite de la visibilité lol, ça fait UNE semaine que j’ai plus de boxe internet non plus et ce tous les 2 mois 🥱🥱🥱 @Freebox ‼️‼️",je profite de la visibilité lol ça fait une semaine que jai plus de boxe internet non plus et ce tous les 2 mois,2025-11-03 15:52:31
1860350637348626937,2024-11-23 16:52:10 +01:00,christophe_PTS,"@Freebox j'ai actuellement un incident entre le PB et le PM dont le réseau est géré par @SFR qui ne semble pas pressé de réparer la rupture de fibre. Toutefois, sans connexion, impossible de démarrer la Delta. Une idée pour démarrer ma VM domotique dessus??? Prêt d'un backup 4G?",jai actuellement un incident entre le pb et le pm dont le réseau est géré par qui ne semble pas pressé de réparer la rupture de fibre toutefois sans connexion impossible de démarrer la delta une idée pour démarrer ma vm domotique dessus prêt dun backup 4g,2025-11-03 15:52:31
1860369636329419010,2024-11-23 18:07:39 +01:00,Cikfilasc7,"@Freebox  vous avez une idée de la résolution de votre panne vers Bussy tout mon quartier est impacté, je vous rappelle que je paye votre abonnement que je dois absolument travailler ça commence à faire long depuis hier soir plus de réseau. 💀",vous avez une idée de la résolution de votre panne vers bussy tout mon quartier est impacté je vous rappelle que je paye votre abonnement que je dois absolument travailler ça commence à faire long depuis hier soir plus de réseau,2025-11-03 15:52:31
1860373382694380008,2024-11-23 18:22:33 +01:00,balancetonehpad,"@NicolasBeck4 @free Jeudi au tel (box télé + 2 forfaits mobiles) pour se plaindre du prix hein, j'ai obtenu 7€ de moins sur un abonnement pendant 1 an. On va résilier hein  !!!",jeudi au tel box télé 2 forfaits mobiles pour se plaindre du prix hein jai obtenu 7 de moins sur un abonnement pendant 1 an on va résilier hein,2025-11-03 15:52:31
1860399906634047977,2024-11-23 20:07:56 +01:00,k_nji750,@free je vous aimes bien les gars mais les micro coupure de connexion internet c’est pq faire,je vous aimes bien les gars mais les micro coupure de connexion internet cest pq faire,2025-11-03 15:52:31
1860418142146551841,2024-11-23 21:20:24 +01:00,ina_gzii,@free c normal de pas avoir de wifi depuis mercredi mdr ? pas de wifi pas de télévision ?,c normal de pas avoir de wifi depuis mercredi mdr pas de wifi pas de télévision,2025-11-03 15:52:31
1860685640389562865,2024-11-24 15:03:21 +01:00,louixdks1,@free votre réseau wifi pu la merde,votre réseau wifi pu la merde,2025-11-03 15:52:31
1860702116756557882,2024-11-24 16:08:49 +01:00,herv964,@Freebox bonjour je n’ai plus d’internet 77860 et aucune réponse de l’assistance a priori je ne suis pas le seul sur mon secteur.,bonjour je nai plus dinternet 77860 et aucune réponse de lassistance a priori je ne suis pas le seul sur mon secteur,2025-11-03 15:52:31
1860708077416157565,2024-11-24 16:32:30 +01:00,ZakariaBekhtao4,@free svp faite quelque chose avec votre connexion psk même si c’est que 10€ par mois ya aucune connexion avec la pop zebi prenez exemple sur @Orange_France nan,svp faite quelque chose avec votre connexion psk même si cest que 10 par mois ya aucune connexion avec la pop zebi prenez exemple sur nan,2025-11-03 15:52:31
1860746559878553675,2024-11-24 19:05:25 +01:00,basher1822,@free je suis abasourdi de voir votre insistance et en plus me sortir que je vous quitte en 2024 alors je suis chez un nouvel opérateur depuis le 17/08/2023 et je dis bien 2023 mes factures faisant foi. Vous me demandez de vous rendre la box alors que je n'ai plus la box car après plusieurs appels de ma part vous ne m'avez pas répondu si je devais ou non vous la renvoyer. Si je reçois encore de votre par un mail ou autre je serais dans l'obligation de le faire part à mon conciliateur.,je suis abasourdi de voir votre insistance et en plus me sortir que je vous quitte en 2024 alors je suis chez un nouvel opérateur depuis le 17082023 et je dis bien 2023 mes factures faisant foi vous me demandez de vous rendre la box alors que je nai plus la box car après plusieurs appels de ma part vous ne mavez pas répondu si je devais ou non vous la renvoyer si je reçois encore de votre par un mail ou autre je serais dans lobligation de le faire part à mon conciliateur,2025-11-03 15:52:31
1860763277875179837,2024-11-24 20:11:51 +01:00,kilian_dubot,@free Impossible de passer de l’offre Freebox révolution à l’offre light ? J’ai une connexion de bouseux dans ma petite campagne et donc prendre l’offre light me reviendrais moins chère pour le même résultat… Mais on me dit qu’il faut résilier et me réabonner donc 49€ + 49€…,impossible de passer de loffre freebox révolution à loffre light jai une connexion de bouseux dans ma petite campagne et donc prendre loffre light me reviendrais moins chère pour le même résultat mais on me dit quil faut résilier et me réabonner donc 49 49,2025-11-03 15:52:31
1860772998317285782,2024-11-24 20:50:28 +01:00,Tiimera_,@free depuis se matin ma freebox ne fonctionne pas. J’aimerai des explications.,depuis se matin ma freebox ne fonctionne pas jaimerai des explications,2025-11-03 15:52:31
1860796629432893648,2024-11-24 22:24:23 +01:00,alessio_alpha,"@Xavier75 Bonsoir Monsieur,\nPlus de 2 mois que j’ai souscrit à la fibre chez @free et toujours pas raccordé. Honteux. Je vais aller chez Reef moi vous allez voir 😡 #PasContent",bonsoir monsieurnplus de 2 mois que jai souscrit à la fibre chez et toujours pas raccordé honteux je vais aller chez reef moi vous allez voir,2025-11-03 15:52:31
1860952691544920356,2024-11-25 08:44:31 +01:00,gargouilleland,@Freebox  SFR refait la fibre dans mon bâtiment et depuis plus de fibre...service proxy me dit qu'ils ne peuvent pas intervenir parce que incident collectif et a côté de ça des voisins se font raccordé par free.  C'est quoi ce bordel? On cherche à me faire partir ?,sfr refait la fibre dans mon bâtiment et depuis plus de fibreservice proxy me dit quils ne peuvent pas intervenir parce que incident collectif et a côté de ça des voisins se font raccordé par free cest quoi ce bordel on cherche à me faire partir,2025-11-03 15:52:31
1860959019449331894,2024-11-25 09:09:39 +01:00,BanDy_CoD,@free Je me casse des chez vous. Je vais rejoindre la @Orange_France,je me casse des chez vous je vais rejoindre la,2025-11-03 15:52:31
1860961026705117368,2024-11-25 09:17:38 +01:00,GeekFamilyCorp,@Freebox \nBonjour\n\nCela fait maintenant 3 jours que nous n’avons plus internet (77)\nD’après certains sites c’est notre zone car il y a plus de 300 signalements. \nAvez vous une estimations de la reprise ?\n\nMerci.,nbonjournncela fait maintenant 3 jours que nous navons plus internet 77ndaprès certains sites cest notre zone car il y a plus de 300 signalements navez vous une estimations de la reprise nnmerci,2025-11-03 15:52:31
1860987373468684469,2024-11-25 11:02:19 +01:00,Mohamed46435314,Free box c'est de n'importe quoi depuis plus d'un mois on a pas ni d'internet ni tv dans la maison et quand vous les appelez jamais de réponse c'est de n'importe quoi \n@free à fuir sont pas de tout sérieux vivement @bouyguestelecom,free box cest de nimporte quoi depuis plus dun mois on a pas ni dinternet ni tv dans la maison et quand vous les appelez jamais de réponse cest de nimporte quoi n à fuir sont pas de tout sérieux vivement,2025-11-03 15:52:31
1860996343453434154,2024-11-25 11:37:58 +01:00,olivier_bro,Et c’est parti pour troisième panne générale de #Free @free sur mon département en 6 mois environ. Avec le piratage de mes données perso je vais commencer à chercher un nouvel FAI. https://t.co/kvUFerjJez,et cest parti pour troisième panne générale de sur mon département en 6 mois environ avec le piratage de mes données perso je vais commencer à chercher un nouvel fai,2025-11-03 15:52:31
1861007707571900526,2024-11-25 12:23:07 +01:00,mathildecmra,"J’avais pas le choix que d’aller chez @free pour mon emménagement et c’est le pire. \n\nJ’ai pas internet depuis 2 semaines, et je suis en TT 3 fois dans la semaine… \n\nFranchement 0 @Freebox \nGo voir pour changer d’opérateur",javais pas le choix que daller chez pour mon emménagement et cest le pire nnjai pas internet depuis 2 semaines et je suis en tt 3 fois dans la semaine nnfranchement 0 ngo voir pour changer dopérateur,2025-11-03 15:52:31
1861033873028575639,2024-11-25 14:07:06 +01:00,KasojW,"@free \nBonjour Free \nPlus d’internet depuis 3 semaines et toujours pas de nouvelles, aucune information, la freebox adsl tourne dans le vide \nJe sens que je vais aller voir ailleurs !",nbonjour free nplus dinternet depuis 3 semaines et toujours pas de nouvelles aucune information la freebox adsl tourne dans le vide nje sens que je vais aller voir ailleurs,2025-11-03 15:52:31
1861036937693245607,2024-11-25 14:19:16 +01:00,ShootNet,Désormais 6 semaines avec la fibre coupée. @orange\net @Freebox\nsemblent dans l'incapacité de traiter cet incident sur l'infrastructure gérée par #orange #fibre et un jeu de ping-pong s'est installé. La blague c'est jusqu'à quand ?\ncc @Arcep @free\n@UFCquechoisir @Xavier75,désormais 6 semaines avec la fibre coupée net nsemblent dans lincapacité de traiter cet incident sur linfrastructure gérée par et un jeu de pingpong sest installé la blague cest jusquà quand ncc n,2025-11-03 15:52:31
1861044228459032996,2024-11-25 14:48:15 +01:00,oceceThePooh,La chaîne MTV qui et  devenue payante Prcs elle appartient à canal+ niquer bien vos mere !!! Je payerai pas votre abonnement flemme et @free  jvai également me casser 40 balle la boxe pour avoirs les 3/4 des chez payante flemme #MTV #Canal+ #Free,la chaîne mtv qui et devenue payante prcs elle appartient à canal niquer bien vos mere je payerai pas votre abonnement flemme et jvai également me casser 40 balle la boxe pour avoirs les 34 des chez payante flemme,2025-11-03 15:52:31
1861055775122030896,2024-11-25 15:34:08 +01:00,Givrol,Visiblement j'ai l'air de faire chier la conseillère téléphonique de @free puisqu'elle m'appelle pour changer ma box et elle me raccroche à la gueule en me faisant croire qu'elle va me passer quelqu'un d'autre.,visiblement jai lair de faire chier la conseillère téléphonique de puisquelle mappelle pour changer ma box et elle me raccroche à la gueule en me faisant croire quelle va me passer quelquun dautre,2025-11-03 15:52:31
1861082170359505130,2024-11-25 17:19:01 +01:00,sandromichel19,@free \nGrosse dégradation sav free pas habitué à çà depuis +de 20 ans à FREE!,ngrosse dégradation sav free pas habitué à çà depuis de 20 ans à free,2025-11-03 15:52:31
1861121127801639169,2024-11-25 19:53:49 +01:00,PaulMoreiraPLTV,"1) Petit aperçu de la coulisse de @Free , pourvoyeur d'internet proposé par @xavier75 aka Xavier Niel. Notre agence Premières Lignes a souscrit un contrat pro chez eux. Malheureusement, ça tombe en panne. Plus d'internet... Au début, ils interviennent en 24 heures, puis 48h...",1 petit aperçu de la coulisse de pourvoyeur dinternet proposé par aka xavier niel notre agence premières lignes a souscrit un contrat pro chez eux malheureusement ça tombe en panne plus dinternet au début ils interviennent en 24 heures puis 48h,2025-11-03 15:52:31
1861140419666473403,2024-11-25 21:10:29 +01:00,faresrma_,w’ الله Free c’est une dinguerie comment sa pue smr y coupe la co chaque semaine 1 journée entière sans wifi @free,w الله free cest une dinguerie comment sa pue smr y coupe la co chaque semaine 1 journée entière sans wifi,2025-11-03 15:52:31
1861148413003198965,2024-11-25 21:42:14 +01:00,stmanfr,@free \n\nBonsoir.\n\nDes cyber-criminels ont pris le pouvoir dans le firmware de ma freebox revolution et affichent des conneries qui n'ont rien à y faire sur son écran. Vos mises à jour incrémentales n'y changent rien. Comment reinstaller totalement le firmware pour virer ce truc ?,nnbonsoirnndes cybercriminels ont pris le pouvoir dans le firmware de ma freebox revolution et affichent des conneries qui nont rien à y faire sur son écran vos mises à jour incrémentales ny changent rien comment reinstaller totalement le firmware pour virer ce truc,2025-11-03 15:52:31
1861170051350417751,2024-11-25 23:08:13 +01:00,Eric_Vanwa,@free vous êtes vraiment des rats. Je vous appelle pour souscrire une offre fibre et je vois quelques heures après que vous m’avez mit sur une offre adsl. Demain j’annule tout et je peux vous dire que la publicité ne sera pas bonne!,vous êtes vraiment des rats je vous appelle pour souscrire une offre fibre et je vois quelques heures après que vous mavez mit sur une offre adsl demain jannule tout et je peux vous dire que la publicité ne sera pas bonne,2025-11-03 15:52:31
1861181485908124070,2024-11-25 23:53:39 +01:00,Driwx_,@Freebox J’ai plus de co À L’AIDEEEEE,jai plus de co à laideeeee,2025-11-03 15:52:31
1861216014358175999,2024-11-26 02:10:52 +01:00,Nawmfell1,@free demain vous perdez 5 clients à cause de vos pannes de réseau,demain vous perdez 5 clients à cause de vos pannes de réseau,2025-11-03 15:52:31
1861255349551911167,2024-11-26 04:47:10 +01:00,tounsi91111,@free faite un effort merde j’étaie entrain de regardé blacklist la https://t.co/pDSaHcALso,faite un effort merde jétaie entrain de regardé blacklist la,2025-11-03 15:52:31
1861277865603428435,2024-11-26 06:16:38 +01:00,petitelili69,4 semaines sans internet et plus de gigas dans mon forfait mobile.. pff merci @free  et merci #iserefibre,4 semaines sans internet et plus de gigas dans mon forfait mobile pff merci et merci,2025-11-03 15:52:31
1861360188034302055,2024-11-26 11:43:45 +01:00,PierrickRenoult,Le service mail @free est en panne ?\nJe n’arrive pas à me connecter…,le service mail est en panne nje narrive pas à me connecter,2025-11-03 15:52:31
1861372062616506624,2024-11-26 12:30:57 +01:00,yasssinesss,Ma Freebox est bloquée à l’étape 4 😠 @free @Freebox,ma freebox est bloquée à létape 4,2025-11-03 15:52:31
1861380914149720127,2024-11-26 13:06:07 +01:00,LvP,"Cher @free @Freebox , après plus de 20 ans de vie commune, je suis au regret de t'annoncer que je vais partir, depuis 18 mois, tu es incapable de me fournir une ligne fibre stable, j'enchaîne les connexions et ton indifférence, et tu es incapable de résoudre le problème #Etape3…",cher après plus de 20 ans de vie commune je suis au regret de tannoncer que je vais partir depuis 18 mois tu es incapable de me fournir une ligne fibre stable jenchaîne les connexions et ton indifférence et tu es incapable de résoudre le problème,2025-11-03 15:52:31
1861388167045165311,2024-11-26 13:34:56 +01:00,UnVisible_Of,"Merci @free pour la publicité mensongère, vous diffusez partout des CP à tous les médias qui font croire qu'on à desormais accès à My Canal gratuitement mais c'est juste faux... la @dgccrf est elle au courant ? https://t.co/G28KkI708b",merci pour la publicité mensongère vous diffusez partout des cp à tous les médias qui font croire quon à desormais accès à my canal gratuitement mais cest juste faux la est elle au courant,2025-11-03 15:52:31
1861396940451131400,2024-11-26 14:09:48 +01:00,Nizardisabelle,@free @Xavier75 comment en une journée impossible d’accéder à mes mail depuis 14 jours ??,comment en une journée impossible daccéder à mes mail depuis 14 jours,2025-11-03 15:52:31
1861410966333743224,2024-11-26 15:05:32 +01:00,julienthemonkey,"@free @Freebox Est-ce que je suis le seul à avoir ce problème ? J'ai contacté l'assistance, qui devait me rappeler, mais cela fait une semaine et toujours rien. C’est prévu pour l’année prochaine ? (J'ai demandé un changement de box.) https://t.co/h5FQZj6XOC",estce que je suis le seul à avoir ce problème jai contacté lassistance qui devait me rappeler mais cela fait une semaine et toujours rien cest prévu pour lannée prochaine jai demandé un changement de box,2025-11-03 15:52:31
1861445864184508743,2024-11-26 17:24:12 +01:00,Angela_flr,Si riot games me ban car déconnexion en pleine game je me désabonne de chez @bouyguestelecom \nDonc si @free ou autre ont un meilleur prix/qualité faite moi savoir :D,si riot games me ban car déconnexion en pleine game je me désabonne de chez ndonc si ou autre ont un meilleur prixqualité faite moi savoir d,2025-11-03 15:52:31
1861449822328303886,2024-11-26 17:39:56 +01:00,raydl_,@free @Xavier75 @Freebox remettez moi mon wifi svp,remettez moi mon wifi svp,2025-11-03 15:52:31
1861466969423118404,2024-11-26 18:48:04 +01:00,GFdj201770157,"@free Salut free, possible de passer en DM? J'ai résilié mon abonnement mais je cherche à vous contacter! Merci",salut free possible de passer en dm jai résilié mon abonnement mais je cherche à vous contacter merci,2025-11-03 15:52:31
1861476713089151219,2024-11-26 19:26:47 +01:00,AmineHafrit,10j sans internet en France en 2024 c’est un SCANDALE @free,10j sans internet en france en 2024 cest un scandale,2025-11-03 15:52:31
1861504780121657809,2024-11-26 21:18:19 +01:00,pauline_loicia,@free votre réseau internet qui coupe tout le temps on a beau redémarrer la box plusieurs fois rien n’y fait et bien sûr impossible de joindre un conseiller car les services sont fermés https://t.co/QrXKE8TK8j,votre réseau internet qui coupe tout le temps on a beau redémarrer la box plusieurs fois rien ny fait et bien sûr impossible de joindre un conseiller car les services sont fermés,2025-11-03 15:52:31
1861534793659240757,2024-11-26 23:17:35 +01:00,sanga_kai,J’ai plus de télé!!!  T’as @free t’as juste rien compris!!! https://t.co/nsRLjJ31Ha,jai plus de télé tas tas juste rien compris,2025-11-03 15:52:31
1861556709673562259,2024-11-27 00:44:40 +01:00,Noumiyo_,@free c’est normal les coupures réseau + internet pendant 10 min ? Faut prévenir,cest normal les coupures réseau internet pendant 10 min faut prévenir,2025-11-03 15:52:31
1861705275482296791,2024-11-27 10:35:01 +01:00,BetweenTimein,"@free pas de service depuis deux semaines, manque de solution de votre part! Le service client est à pleurer!!!",pas de service depuis deux semaines manque de solution de votre part le service client est à pleurer,2025-11-03 15:52:31
1861716439901647306,2024-11-27 11:19:22 +01:00,KaTaNaCorleone,"@Freebox bonjour, mon rdv de ce matin a été pourquoi ?",bonjour mon rdv de ce matin a été pourquoi,2025-11-03 15:52:31
1861723748082090421,2024-11-27 11:48:25 +01:00,sandromichel19,"@free \nAttention à FREE le Sav en cas de panne est devenu pire que les autres : pas de technicien dispo, centre d appel incohérent sur les diagnostic , pas de délais de réparation. Bref depuis plus de 20 ans chez Free et vraiment gros déclin",nattention à free le sav en cas de panne est devenu pire que les autres pas de technicien dispo centre d appel incohérent sur les diagnostic pas de délais de réparation bref depuis plus de 20 ans chez free et vraiment gros déclin,2025-11-03 15:52:31
1861739364880924813,2024-11-27 12:50:28 +01:00,BlackPowder44,@Freebox vraiment de la merde free perte de connexion tous les jour pourtant en fibre ces pas cher m1is ces de la merde go résiliation,vraiment de la merde free perte de connexion tous les jour pourtant en fibre ces pas cher m1is ces de la merde go résiliation,2025-11-03 15:52:31
1861751173943857199,2024-11-27 13:37:24 +01:00,GurPier,"🤬🤬HONTE 🤬🤬Y a 10 jours @free me demande de confirmer ""ma demande d'écrasement de mon compte"" je reponds ne  pas en être l'origine, 3 jours après demande d'envoyer ma quittance de loyer pour  prouver ma ligne, á 7 jrs coupure qd même  rétablit dans 1 semaine SEULEMENT😡😡😡 https://t.co/BSZ6i1gHU1",honte y a 10 jours me demande de confirmer ma demande décrasement de mon compte je reponds ne pas en être lorigine 3 jours après demande denvoyer ma quittance de loyer pour prouver ma ligne á 7 jrs coupure qd même rétablit dans 1 semaine seulement,2025-11-03 15:52:31
1861767583269372228,2024-11-27 14:42:36 +01:00,UniversFreebox,#Brèves Player Freebox Pop et Ultra : lancement d’une nouvelle mise à jour d’Oqee pour résoudre un plantage gênant pour les abonnés https://t.co/Kgnjiu7jMX https://t.co/HRF3CrP6z7,player freebox pop et ultra lancement dune nouvelle mise à jour doqee pour résoudre un plantage gênant pour les abonnés,2025-11-03 15:52:31
1861848791919251807,2024-11-27 20:05:18 +01:00,Mrnlnl11,@free C’est quoi cette nouveauté on ne peut plus mettre en pause la télé et quand on reprend passer les publicités #free #televisionfrancaise #publicité,cest quoi cette nouveauté on ne peut plus mettre en pause la télé et quand on reprend passer les publicités,2025-11-03 15:52:31
1861861298058731641,2024-11-27 20:54:59 +01:00,NiK44fr,"@Free_1337 @Free_PaysLoire @free connection fibre HS erreur 2, proposition de dépannage dans 1 semaine @Xavier75  vos équipes sont restées sur 3615 ULLA ? Faut les passer à la fibre ! Enfin quand cela fonctionne… ma domotique full HS, merci , au niveau de @reef_telecom",connection fibre hs erreur 2 proposition de dépannage dans 1 semaine vos équipes sont restées sur 3615 ulla faut les passer à la fibre enfin quand cela fonctionne ma domotique full hs merci au niveau de,2025-11-03 15:52:31
1861867557042470922,2024-11-27 21:19:52 +01:00,el_manouch59,"Bonjour @Freebox depuis plusieurs semaine ma Freebox fait des siennes, elle se déconnecte sans arrêt, redémarre et reste bloquée à l’étape 2. Un redémarrage complet résout le problème pendant quelques jours et ça recommence. Un rdv avec un de vos techniciens était prévu et…",bonjour depuis plusieurs semaine ma freebox fait des siennes elle se déconnecte sans arrêt redémarre et reste bloquée à létape 2 un redémarrage complet résout le problème pendant quelques jours et ça recommence un rdv avec un de vos techniciens était prévu et,2025-11-03 15:52:31
1862078869517267327,2024-11-28 11:19:32 +01:00,EseOne92,@Freebox Vous avez trouvé le moyen de me facturer 49€ de résiliation suite à une résiliation demandée pour cause de décès de l'utilisateur à qui je payais l'abonnement depuis 10 ans car j'ai utilisé la box en étant de passage pour l'enterrement.\n\nBravo #freebox 👏 https://t.co/Advlq9afuI,vous avez trouvé le moyen de me facturer 49 de résiliation suite à une résiliation demandée pour cause de décès de lutilisateur à qui je payais labonnement depuis 10 ans car jai utilisé la box en étant de passage pour lenterrementnnbravo,2025-11-03 15:52:31
1862119869409325155,2024-11-28 14:02:28 +01:00,_Milazz,"Bonjour @free, @Freebox, @Free_1337 ainsi que @Xavier75.\n\nJuste un petit coucou pour vous rappeler que je vous déteste et que je déteste également l’étape 2 de vos Freebox qui a manifestement décidée d’être plus présente dans ma vie que mon père.",bonjour ainsi que nnjuste un petit coucou pour vous rappeler que je vous déteste et que je déteste également létape 2 de vos freebox qui a manifestement décidée dêtre plus présente dans ma vie que mon père,2025-11-03 15:52:31
1862125238844031131,2024-11-28 14:23:48 +01:00,invmorata,@free @Freebox c’est normal qu’on me douille depuis plusieurs mois sur les factures et que je n’arrive à joindre personne à ce sujet??,cest normal quon me douille depuis plusieurs mois sur les factures et que je narrive à joindre personne à ce sujet,2025-11-03 15:52:31
1862127001584218372,2024-11-28 14:30:48 +01:00,HistoireDaniel,@free bonjour j'ai un problème pour accéder à ma boîte de courriels \n\nErreur 302\n\nAvec cette fenêtre d'erreur \n\nSur PC et mobile pareil\n\nSi on clique sur here\nLa même page s'affiche en boucle\n\nY a-t-il un problème chez Free https://t.co/AjEPO11NZd,bonjour jai un problème pour accéder à ma boîte de courriels nnerreur 302nnavec cette fenêtre derreur nnsur pc et mobile pareilnnsi on clique sur herenla même page saffiche en bouclenny atil un problème chez free,2025-11-03 15:52:31
1862130273321725992,2024-11-28 14:43:48 +01:00,tayshin_n,"@Freebox bonjour free, j'essaye de vous contacter depuis 11h50 ce matin sur votre WhatsApp. Est-ce que la messagerie est off? Merci",bonjour free jessaye de vous contacter depuis 11h50 ce matin sur votre whatsapp estce que la messagerie est off merci,2025-11-03 15:52:31
1862139056382955978,2024-11-28 15:18:42 +01:00,Tinki_Winki237,Depuis 1 semaine qu’on doit raccorder ma ligne @free vous abusez,depuis 1 semaine quon doit raccorder ma ligne vous abusez,2025-11-03 15:52:31
1862191394015641913,2024-11-28 18:46:40 +01:00,fabrice78630,@Freebox il y a des pbs de streaming de certaines chaînes sur le réseau fibre en Normandie à partir de 18:45 tous les jours,il y a des pbs de streaming de certaines chaînes sur le réseau fibre en normandie à partir de 1845 tous les jours,2025-11-03 15:52:31
1862195330206269482,2024-11-28 19:02:19 +01:00,calimero76750,@free bonjour je rencontre un problème avec l une de mes adresse mail est il possible m aider merci,bonjour je rencontre un problème avec l une de mes adresse mail est il possible m aider merci,2025-11-03 15:52:31
1862247342772015395,2024-11-28 22:29:00 +01:00,SavastanoPepito,"Coup de gueule, payer 40€ d’abonnement de box internet pour souffrir merci @free \n\nPs: j’ai plus de beug que de connexion internet 🫠 #réseauxDeMerde",coup de gueule payer 40 dabonnement de box internet pour souffrir merci nnps jai plus de beug que de connexion internet,2025-11-03 15:52:31
1862287721563074698,2024-11-29 01:09:27 +01:00,zzzzzzzzzzzxd,MON RÉSEAU NE MARCHE PLUS @free BANDE D'INCAPABLES,mon réseau ne marche plus bande dincapables,2025-11-03 15:52:31
1862409088820195490,2024-11-29 09:11:43 +01:00,VinGasoil31,"@Freebox  c’est plus drôle la, à ce jour cela fait une semaine que j’ai pas internet chez moi, comment on fait maintenant ??🤬",cest plus drôle la à ce jour cela fait une semaine que jai pas internet chez moi comment on fait maintenant,2025-11-03 15:52:31
1862413732078346284,2024-11-29 09:30:10 +01:00,PriscaJufre,"@Freebox il faut changer votre système de suivi de ticket. Car il y a aucune info, aucune évolution sur le sujet du ticket. \nC’est frustrant pour nous utilisateurs de ne pas connaître l’avancement de notre problème.",il faut changer votre système de suivi de ticket car il y a aucune info aucune évolution sur le sujet du ticket ncest frustrant pour nous utilisateurs de ne pas connaître lavancement de notre problème,2025-11-03 15:52:31
1862427285325857016,2024-11-29 10:24:01 +01:00,asaron_,@free qui decide me couper internet et de me ghost sur l'assistance parce que j'ai demandé à changer de fai dans une semaine 👍,qui decide me couper internet et de me ghost sur lassistance parce que jai demandé à changer de fai dans une semaine,2025-11-03 15:52:31
1862430411327963556,2024-11-29 10:36:27 +01:00,dailychieuse,@Freebox il faut qu’on parle,il faut quon parle,2025-11-03 15:52:31
1862492441938420096,2024-11-29 14:42:56 +01:00,dil681,"@Freebox \nBonjour \nInternet qui tombe en panne tous les jours, ça s'arrête quand?",nbonjour ninternet qui tombe en panne tous les jours ça sarrête quand,2025-11-03 15:52:31
1862503344046006319,2024-11-29 15:26:15 +01:00,AnnoyedUsager,"Bonjour @free, @freemobile, est-ce possible svp de dire à votre service client D’ARRÊTER de m’appeler tous les jours pour me proposer offres de box, forfaits ou que sais-je ?? Ça fait 3 semaines que ça dure, c’est GONFLANT et ça va finir par faire fuir un client fidèle…",bonjour estce possible svp de dire à votre service client darrêter de mappeler tous les jours pour me proposer offres de box forfaits ou que saisje ça fait 3 semaines que ça dure cest gonflant et ça va finir par faire fuir un client fidèle,2025-11-03 15:52:31
1862536905696461307,2024-11-29 17:39:37 +01:00,dutchindesign,@free panne de réseau fixe ou mobile qui dure depuis plusieurs heures a Saint Gély du fesc,panne de réseau fixe ou mobile qui dure depuis plusieurs heures a saint gély du fesc,2025-11-03 15:52:31
1862539919949791249,2024-11-29 17:51:35 +01:00,Chaacha_Psg,@free vos démarchages téléphoniques peuvent cesser ? Quand un client n'est pas intéressé le mardi il ne l'est toujours pas le jeudi et encore moins le vendredi après 4 appels.,vos démarchages téléphoniques peuvent cesser quand un client nest pas intéressé le mardi il ne lest toujours pas le jeudi et encore moins le vendredi après 4 appels,2025-11-03 15:52:31
1862542561052704846,2024-11-29 18:02:05 +01:00,w_Black_Brid_w,"@Freebox bonjour j'ai une Freebox révolution mon débit actuellement est de 100M, votre conseillé me demande d'investir dans des câbles ethernet de qualité au lieu de m'aider à résoudre le problème , j'ai besoin d'aide merci https://t.co/16o7b5Wzt0",bonjour jai une freebox révolution mon débit actuellement est de 100m votre conseillé me demande dinvestir dans des câbles ethernet de qualité au lieu de maider à résoudre le problème jai besoin daide merci,2025-11-03 15:52:31
1862544401253257348,2024-11-29 18:09:24 +01:00,goully63,"@Freebox hello,\nOn me facture 49€ si je suis absent à un rdv technicien, par contre vous me donnez combien pour un technicien qui ne vient pas sans prévenir? Et qui clôture le ticket alors que le problème persiste ?",hellonon me facture 49 si je suis absent à un rdv technicien par contre vous me donnez combien pour un technicien qui ne vient pas sans prévenir et qui clôture le ticket alors que le problème persiste,2025-11-03 15:52:31
1862556642815959467,2024-11-29 18:58:02 +01:00,lebinkz,@free Ça beugue free depuis hier non ?,ça beugue free depuis hier non,2025-11-03 15:52:31
1862564274259866078,2024-11-29 19:28:22 +01:00,NabilBenet,"@free \nFreebox HS forfait pas de connection internet service client injouable , envois 127 message identiques en 5min, tu appel le service client ils comprennent rien... @Xavier75 je suis pas chaud pour le rdv au lidl mais fais qqch bg",nfreebox hs forfait pas de connection internet service client injouable envois 127 message identiques en 5min tu appel le service client ils comprennent rien je suis pas chaud pour le rdv au lidl mais fais qqch bg,2025-11-03 15:52:31
1862570659559215113,2024-11-29 19:53:44 +01:00,g0lden92,Panne #free 92 blocage étape 2 merci @free @FreenewsActu,panne 92 blocage étape 2 merci,2025-11-03 15:52:31
1862572262739558508,2024-11-29 20:00:07 +01:00,milkarat,@Freebox qu'on m'explique le principe de l'assistance qui pose une question à laquelle on ne peut pas répondre parce que le chat est grisé. Problème de player depuis 4 jours impossible d'avoir une solution c'est lourd!,quon mexplique le principe de lassistance qui pose une question à laquelle on ne peut pas répondre parce que le chat est grisé problème de player depuis 4 jours impossible davoir une solution cest lourd,2025-11-03 15:52:31
1862805647311491182,2024-11-30 11:27:30 +01:00,olloudios,"@Freebox bonjour, un moyen de connecter les appareils wifi, imprimante télé a la freebox ultra ? le ssid est detecter mais a cause du niveau de sécurité impossible de connecter ces appareils. Une manip pour récuperer ?",bonjour un moyen de connecter les appareils wifi imprimante télé a la freebox ultra le ssid est detecter mais a cause du niveau de sécurité impossible de connecter ces appareils une manip pour récuperer,2025-11-03 15:52:31
1862807229679747505,2024-11-30 11:33:47 +01:00,WalidNEHAL,On en parle du niveau du service client de @free @Freebox qui est de plus en plus médiocre 🤦‍♂️😡\n4 jours sans internet et aucune information fournie à part « incident collectif »\nOn dirait je suis abonné à @REDbySFR 🤦‍♂️🤦‍♂️🤦‍♂️,on en parle du niveau du service client de qui est de plus en plus médiocre n4 jours sans internet et aucune information fournie à part incident collectif non dirait je suis abonné à,2025-11-03 15:52:31
1862811734781632684,2024-11-30 11:51:41 +01:00,MrExalight,"Hey @Freebox,\n\nSerait-il possible de faire passer quelqu'un dans notre immeuble pour réparer ce boîtier svp ? https://t.co/mqRqkvFRtr",hey nnseraitil possible de faire passer quelquun dans notre immeuble pour réparer ce boîtier svp,2025-11-03 15:52:31
1862836375063605645,2024-11-30 13:29:36 +01:00,osarrouy,@Freebox pas de connexion sur Kerlaz (29) depuis deux jours et aucune réponse sur le WhatsApp d’assistance … Ça commence à être chiant.,pas de connexion sur kerlaz 29 depuis deux jours et aucune réponse sur le whatsapp dassistance ça commence à être chiant,2025-11-03 15:52:31
1862861093195882700,2024-11-30 15:07:49 +01:00,jerome_anjou,"Technicien @free doit installer la #fibre, repart sans rien faire,  démonte le tableau élec et s'en va comme ça, emportant avec lui mes vis du tableau! Technicien se justifie de ne pas prendre en considération un client parce qu'il ""ne fait pas partie du service client ""!!! Honte https://t.co/X4tIROBR6q",technicien doit installer la repart sans rien faire démonte le tableau élec et sen va comme ça emportant avec lui mes vis du tableau technicien se justifie de ne pas prendre en considération un client parce quil ne fait pas partie du service client honte,2025-11-03 15:52:31
1862880026993016861,2024-11-30 16:23:03 +01:00,PiinkGurlz,"@Freebox Bonjour, est normal que vos conseillers se permettent de mal parlé à vos clients au téléphone alors que nous sommes sans services depuis plus d’un mois et que vos services techniques ne font rien pour y remédier. Par contre pour prélever sur mon compte c’est très rapide",bonjour est normal que vos conseillers se permettent de mal parlé à vos clients au téléphone alors que nous sommes sans services depuis plus dun mois et que vos services techniques ne font rien pour y remédier par contre pour prélever sur mon compte cest très rapide,2025-11-03 15:52:31
1862893383716344260,2024-11-30 17:16:08 +01:00,bvgoat2,@free 1 semaine sans wifi je peux parler a un vrai assistant pour regler mon problème plutôt que parler a un bot ?,1 semaine sans wifi je peux parler a un vrai assistant pour regler mon problème plutôt que parler a un bot,2025-11-03 15:52:31
1862919699400433870,2024-11-30 19:00:42 +01:00,IsmahaneBen,@Freebox bonjour @free je vous contacte depuis plusieurs jours au sujet d’un problème de télécommande sur ma freebox et c’est impossible de vous joindre que ce soit whatsapp ou au 3244! C’est inadmissible !,bonjour je vous contacte depuis plusieurs jours au sujet dun problème de télécommande sur ma freebox et cest impossible de vous joindre que ce soit whatsapp ou au 3244 cest inadmissible,2025-11-03 15:52:31
1862944807171084761,2024-11-30 20:40:28 +01:00,Valoupeentn,@free aled pitié pq ma co est en pls comme alors que je suis en fibre + filaire même le wifi bug,aled pitié pq ma co est en pls comme alors que je suis en fibre filaire même le wifi bug,2025-11-03 15:52:31
1862947168681611563,2024-11-30 20:49:51 +01:00,Maths78jl,@Freebox ma mère uma une Freebox révolution et au passage a oqee tous les enregistrements ont disparus c'est normal?,ma mère uma une freebox révolution et au passage a oqee tous les enregistrements ont disparus cest normal,2025-11-03 15:52:31
1862948821656809925,2024-11-30 20:56:25 +01:00,Christ_off_vin,"@Free_1337 @free @Xavier75 Il y a visiblement un problème avec la MAJ 4.8.16. Je suis en SFP+ et depuis que j'ai fait la maj ce matin, mon débit a été divisé par 10 (sur Freebox Delta R1) https://t.co/5by5oljl6M",il y a visiblement un problème avec la maj 4816 je suis en sfp et depuis que jai fait la maj ce matin mon débit a été divisé par 10 sur freebox delta r1,2025-11-03 15:52:31
1862957305802747935,2024-11-30 21:30:08 +01:00,BusyspiderFr,"Suite MAJ de votre @Freebox Player Révolution,  il est désormais possible de gérer au mieux vos supports de lecture et d'enregistrements TV @Free avec @OQEEbyFree  Je vous propose en images et sur ce TUTO de voir en détails à quoi cela correspond. 🕷️\n\nhttps://t.co/y1Jg7fOtAu https://t.co/c12no7DLfX",suite maj de votre player révolution il est désormais possible de gérer au mieux vos supports de lecture et denregistrements tv avec je vous propose en images et sur ce tuto de voir en détails à quoi cela correspond nn,2025-11-03 15:52:31
1863185446869533047,2024-12-01 12:36:41 +01:00,TiinoX83,Freebox Ultra Édition Limitée (?)  \n\nFree nous donne rendez-vous le 3 décembre ! https://t.co/NKp2eK0Teu,freebox ultra édition limitée nnfree nous donne rendezvous le 3 décembre,2025-11-03 15:52:31
1863222336171675800,2024-12-01 15:03:16 +01:00,Zmlolz,@Freebox @free plus d’internet depuis le 13 novembre… faut peut-être bouger un peu…,plus dinternet depuis le 13 novembre faut peutêtre bouger un peu,2025-11-03 15:52:31
1863232761152033233,2024-12-01 15:44:42 +01:00,franckfu,"Vous joindre par message aujourd'hui dimanche à 15h43, faut cliquer et... Bah nan c'est fermé ! #merciFree @UniversFreebox @free @free https://t.co/INLnSXRzx5",vous joindre par message aujourdhui dimanche à 15h43 faut cliquer et bah nan cest fermé,2025-11-03 15:52:31
1863278624859656449,2024-12-01 18:46:56 +01:00,frnckwnnts,"@free “@Freebox Très mauvaise expérience pour mes débuts chez vous : 5 jours de retard pour la livraison Freebox avec @Chronopost, aucune info, un livreur insultant et menaçant à l’arrivée. Est-ce à cette image que vous voulez associer vos services ? J’attends des explications.”",très mauvaise expérience pour mes débuts chez vous 5 jours de retard pour la livraison freebox avec aucune info un livreur insultant et menaçant à larrivée estce à cette image que vous voulez associer vos services jattends des explications,2025-11-03 15:52:31
1863301167838601499,2024-12-01 20:16:31 +01:00,FanPeltier,@free Fortement déçu des services de free puisque incapables de rétablir notre connexion internet depuis déjà + de 10 jours! Nous sommes balades de service en service sans avoir de réponses. Y'a t'il un vrai service commercial pour nous rappeler et donner des infos?!,fortement déçu des services de free puisque incapables de rétablir notre connexion internet depuis déjà de 10 jours nous sommes balades de service en service sans avoir de réponses ya til un vrai service commercial pour nous rappeler et donner des infos,2025-11-03 15:52:31
1863306279235539004,2024-12-01 20:36:50 +01:00,pierrelezan,"Bon @free je vous aime bien, mais le prix  de l'abonnement Delta S n'a plus vraiment de sens aujourd'hui, est-ce que je passe chez Bouygues maintenant où il faut que j'attende le 3 au cas où ?",bon je vous aime bien mais le prix de labonnement delta s na plus vraiment de sens aujourdhui estce que je passe chez bouygues maintenant où il faut que jattende le 3 au cas où,2025-11-03 15:52:31
1863475136797565235,2024-12-02 07:47:48 +01:00,Cdrx06,@Freebox interruption de service a 7H35 sur Marseille aujourd'hui. Freebox bloquée a l'étape 3. Signal fibre PON detecté.\nComment régler le soucis ?,interruption de service a 7h35 sur marseille aujourdhui freebox bloquée a létape 3 signal fibre pon detecténcomment régler le soucis,2025-11-03 15:52:31
1863563682485096725,2024-12-02 13:39:39 +01:00,ShootNet,"Merci @Freebox et @orange, déjà 7 sem. soit 49 j d'indispo de la fibre. L'incapacité à maintenir un rzo fibre pr ts les abonnés est un réel sujet ds la 7è éco mondiale. Et toujours pas de dialogue entre eux... @Arcep @UFCquechoisir @Xavier75 #FibreOptique #Internet #LaWifi",merci et déjà 7 sem soit 49 j dindispo de la fibre lincapacité à maintenir un rzo fibre pr ts les abonnés est un réel sujet ds la 7è éco mondiale et toujours pas de dialogue entre eux,2025-11-03 15:52:31
1863593044655923625,2024-12-02 15:36:20 +01:00,LetypoMkiii,"@Freebox plus d'internet sur ma box dans le 78, (bloqué étape 2) c'est normal ?",plus dinternet sur ma box dans le 78 bloqué étape 2 cest normal,2025-11-03 15:52:31
1863647318081163669,2024-12-02 19:12:00 +01:00,zhappyng,"Franchement @Xavier75 la qualité du support @Freebox est pas loin d’être scandaleuse. Plus de ligne depuis vendredi matin et au support le 1er créneau qu’on me propose c’est mardi soir. En attendant, plus Internet alors qu’en Télétravail, plus de TV. C’est pas sérieux !!! 😠😠😠",franchement la qualité du support est pas loin dêtre scandaleuse plus de ligne depuis vendredi matin et au support le 1er créneau quon me propose cest mardi soir en attendant plus internet alors quen télétravail plus de tv cest pas sérieux,2025-11-03 15:52:31
1863659286229913706,2024-12-02 19:59:33 +01:00,SadRaven,"Bonjour @freemobile ,Quelque chose de prévu pour ça ? https://t.co/Fgm038bAab",bonjour quelque chose de prévu pour ça,2025-11-03 15:52:31
1863661274359275586,2024-12-02 20:07:27 +01:00,Graaaalexdrinho,Bonsoir @bouyguestelecom Es ce que c’est normal ce débit avec la fibre de chez  @Freebox @free ? \nJe sais que vous faite la fibre aussi dans ma ville vous pouvez me fournir plus ? Par ce que chez eux obligé d’appeler tout les mois par ce que je passe de 350/400 mega à ça https://t.co/4L1d1zeCcC,bonsoir es ce que cest normal ce débit avec la fibre de chez nje sais que vous faite la fibre aussi dans ma ville vous pouvez me fournir plus par ce que chez eux obligé dappeler tout les mois par ce que je passe de 350400 mega à ça,2025-11-03 15:52:31
1863673641415664001,2024-12-02 20:56:36 +01:00,simflorian,"@Xavier75  @free  est-il normal que depuis plus de trois jours, nous sommes sans service et la seule réponse apportée est que nous savons patient technique sur votre secteur, aucune réponse sur le retour des services prévus",estil normal que depuis plus de trois jours nous sommes sans service et la seule réponse apportée est que nous savons patient technique sur votre secteur aucune réponse sur le retour des services prévus,2025-11-03 15:52:31
1863680778162352606,2024-12-02 21:24:57 +01:00,ozofozneod,"Ouais @free vous avez un service incompétent de fou, c’est la période des partiels les gens doivent bosser avec internet et vous êtes incapables d’envoyer un technicien ALORS QUIL DEVAIT PASSER AUJD ??? C vous vous payez ma 4g ?",ouais vous avez un service incompétent de fou cest la période des partiels les gens doivent bosser avec internet et vous êtes incapables denvoyer un technicien alors quil devait passer aujd c vous vous payez ma 4g,2025-11-03 15:52:31
1863686726876606834,2024-12-02 21:48:35 +01:00,MagJuYT,"@SFR Y'a pas à avoir une box qui se deco toute les 5 minutes, j'ai appelé votre sav 6 fois en 3 jours j'pense que je vais vite décaler chez @free",ya pas à avoir une box qui se deco toute les 5 minutes jai appelé votre sav 6 fois en 3 jours jpense que je vais vite décaler chez,2025-11-03 15:52:31
1863848893097578677,2024-12-03 08:32:59 +01:00,VoltingRadio,https://t.co/jij7OimnjN\n\nLa free box ultra qui clignote vive les surprises claquer au sol de @free,free box ultra qui clignote vive les surprises claquer au sol de,2025-11-03 15:52:31
1863873370858700948,2024-12-03 10:10:15 +01:00,VideauKyllian,"@Freebox On fait comment pour avoir la connexion chez vous ? Des coupures quasi toutes les semaines, sans plus d’explications !",on fait comment pour avoir la connexion chez vous des coupures quasi toutes les semaines sans plus dexplications,2025-11-03 15:52:31
1863885978298970340,2024-12-03 11:00:21 +01:00,peterkeates,"Rarement vu un service après vente aussi lent et mauvais chez @Freebox @free Plus d'internet depuis le 19 novembre, là seule réponse est ne vous inquiétez pas on s'en charge #Support #Mauvais #ExperienceClient #JequitteFree",rarement vu un service après vente aussi lent et mauvais chez plus dinternet depuis le 19 novembre là seule réponse est ne vous inquiétez pas on sen charge,2025-11-03 15:52:31
1863893214320627870,2024-12-03 11:29:06 +01:00,Beluga3131A,@Freebox bonjour j’habite a vitry secteur Edouard Tremblay. J’ai plus internet en ayant redémarrer la freebox. Y a t’il un soucis dans le coin?,bonjour jhabite a vitry secteur edouard tremblay jai plus internet en ayant redémarrer la freebox y a til un soucis dans le coin,2025-11-03 15:52:31
1863903755806114158,2024-12-03 12:10:59 +01:00,rico4942,"bonjour @free \nj'ai un commercial qui doit m'appeler tout à l'heure , et je préfére poser la question au cas ou j'oublie mais l'installation de la fibre peut ce faire maintenant et débuter le contrat en janvier?",bonjour njai un commercial qui doit mappeler tout à lheure et je préfére poser la question au cas ou joublie mais linstallation de la fibre peut ce faire maintenant et débuter le contrat en janvier,2025-11-03 15:52:31
1863962962999873968,2024-12-03 16:06:15 +01:00,4xanaa_,"@Freebox Bonsoir j’ai des questions sur ma souscription freebox et vous n’êtes joignable sur aucun support sans passez par un robot ?Mon colis free a été voler et mis en anomalie, je n’ai toujours pas reçu de nouveau lien de suivie de commande concernant l’envoie du nouveau colis",bonsoir jai des questions sur ma souscription freebox et vous nêtes joignable sur aucun support sans passez par un robot mon colis free a été voler et mis en anomalie je nai toujours pas reçu de nouveau lien de suivie de commande concernant lenvoie du nouveau colis,2025-11-03 15:52:31
1863992452551524825,2024-12-03 18:03:26 +01:00,shaneedlin,@Freebox my internet is down.  Can I get help please.,my internet is down can i get help please,2025-11-03 15:52:31
1863993173690761395,2024-12-03 18:06:18 +01:00,Tiffany_Bgl,@free vous trouvez ça normal de ne plus avoir de wifi depuis + d’1 mois et de faire tourner en rond vos clients ? Un service client tellement médiocre !,vous trouvez ça normal de ne plus avoir de wifi depuis d1 mois et de faire tourner en rond vos clients un service client tellement médiocre,2025-11-03 15:52:31
1864009869436522521,2024-12-03 19:12:39 +01:00,adou281,"Bravo @Free, opérateur lamentable : vos propres techniciens n’ont pas pu raccorder la fibre et m’ont conseillé d’aller chez un autre opérateur. Pourtant, vous refusez toujours de résilier malgré mes appels et messages. Silence radio. Quel service client ! 👏",bravo opérateur lamentable vos propres techniciens nont pas pu raccorder la fibre et mont conseillé daller chez un autre opérateur pourtant vous refusez toujours de résilier malgré mes appels et messages silence radio quel service client,2025-11-03 15:52:31
1864011304609939952,2024-12-03 19:18:21 +01:00,Tiffany_Bgl,@Freebox c’est normal de ne plus avoir de wifi depuis plus d’un mois et que votre service client pitoyable nous fait tourner en rond ?!,cest normal de ne plus avoir de wifi depuis plus dun mois et que votre service client pitoyable nous fait tourner en rond,2025-11-03 15:52:31
1864024526322831402,2024-12-03 20:10:53 +01:00,RomainMad,"Dites @free , ça vous embêtes pas de vendre un contrôle du direct que l'on ne peut pas contrôler parce que TF1 paye pour m'imposer ses pubs ?? #blackmirror @Freebox",dites ça vous embêtes pas de vendre un contrôle du direct que lon ne peut pas contrôler parce que tf1 paye pour mimposer ses pubs,2025-11-03 15:52:31
1864025296569053229,2024-12-03 20:13:57 +01:00,Ratsrod,"@free @canalplus Salut,si nous prenons l'offre a 7€ @Freebox pour les abonnés est-ce qu'on retrouve la chaîne canal plus après résiliation ?? Merci 😊",salutsi nous prenons loffre a 7 pour les abonnés estce quon retrouve la chaîne canal plus après résiliation merci,2025-11-03 15:52:31
1864026782426403275,2024-12-03 20:19:51 +01:00,Ph_Mazen,@free @Xavier75 j’attends depuis vendredi un courrier postal pour pouvoir reprendre le contrôle de ma boîte mail Free. \nSans blaguer y a pas plus moderne comme méthode ?,jattends depuis vendredi un courrier postal pour pouvoir reprendre le contrôle de ma boîte mail free nsans blaguer y a pas plus moderne comme méthode,2025-11-03 15:52:31
1864031124126617741,2024-12-03 20:37:06 +01:00,Jeje57100,@Xavier75 pourquoi je ne peux pas souscrire à l’offre Freebox dans mon nouveau lotissement (Chieulles) alors que l’offre fibre est dispo chez @Orange_France @bouyguestelecom et @SFR 😭\nJe veux venir chez @free moi !,pourquoi je ne peux pas souscrire à loffre freebox dans mon nouveau lotissement chieulles alors que loffre fibre est dispo chez et nje veux venir chez moi,2025-11-03 15:52:31
1864037345885859955,2024-12-03 21:01:50 +01:00,yano2306,"@free bonjour, aura t on la chance de profiter de la bande 6Ghz sur Freebox Pop? Car pour moi pas de changement de débit de wifi6 à wifi7 et donc déçu.. 🥹 Seul possibilité, faire profiter de la bande 6Ghz ..SVP.",bonjour aura t on la chance de profiter de la bande 6ghz sur freebox pop car pour moi pas de changement de débit de wifi6 à wifi7 et donc déçu seul possibilité faire profiter de la bande 6ghz svp,2025-11-03 15:52:31
1864104296796532935,2024-12-04 01:27:52 +01:00,Peter_Burger_,@Free c'est quoi ce bordel pourquoi j'ai plus internet ni de réseau mobile d'un coup là (2x en 1h ?????),cest quoi ce bordel pourquoi jai plus internet ni de réseau mobile dun coup là 2x en 1h,2025-11-03 15:52:31
1864116581053136957,2024-12-04 02:16:41 +01:00,Wsyy__,Ma play du coup c’est limite impossible d’y jouer jvais serre ça fait au moins 2h que je me bat y’a rien @free @PlayStation  https://t.co/BbGYLMWPwR,ma play du coup cest limite impossible dy jouer jvais serre ça fait au moins 2h que je me bat ya rien,2025-11-03 15:52:31
1864207110772269200,2024-12-04 08:16:25 +01:00,d2risto,"bonjour @Freebox tous les enregistrements de vidéos dans l'onglet ""mes enregistrements"" ont disparu ! vide !\nune solution pour les récupérer ?\nMerci",bonjour tous les enregistrements de vidéos dans longlet mes enregistrements ont disparu vide nune solution pour les récupérer nmerci,2025-11-03 15:52:31
1864220192122798506,2024-12-04 09:08:23 +01:00,Scarlett_JDR,C'est trop frère 160 de ping on a la FIBRE ca fait 2 jours @free faite quelque chose https://t.co/N72THNYSQR,cest trop frère 160 de ping on a la fibre ca fait 2 jours faite quelque chose,2025-11-03 15:52:31
1864244446616797307,2024-12-04 10:44:46 +01:00,Stephanek51,"Depuis quelques jours avec l’Apple TV\nEt l’application  @OQEEbyFree  lorsque je demande de mettre une chaîne mais la chaîne l’Apple TV indique, je regrette, je ne trouve aucun résultat correspondant\nEt vous \n\n@UniversFreebox @Free_1337  @FreenewsActu @free  @Freebox",depuis quelques jours avec lapple tvnet lapplication lorsque je demande de mettre une chaîne mais la chaîne lapple tv indique je regrette je ne trouve aucun résultat correspondantnet vous nn,2025-11-03 15:52:31
1864248804137902565,2024-12-04 11:02:05 +01:00,ilias_asma,"Bonjour @free , conaissez vous le problème qu'il y a depuis hier midi sur #bruz 35170?",bonjour conaissez vous le problème quil y a depuis hier midi sur 35170,2025-11-03 15:52:31
1864261513193603114,2024-12-04 11:52:35 +01:00,TiinoX83,"Bonne nouvelle, Free offre également Universal+ gratuitement aux abonnés Freebox Delta !\n\nNews de @BusyspiderFr : https://t.co/jJ9rKDi4mj https://t.co/hpRRu8BG6u",bonne nouvelle free offre également universal gratuitement aux abonnés freebox delta nnnews de,2025-11-03 15:52:31
1864280934461137017,2024-12-04 13:09:46 +01:00,DampsTiti6146,@Freebox la mère n a plus  internet depuis un mois . Qu est ce que vous faites comme. @MairieAcheres\n@free,la mère n a plus internet depuis un mois qu est ce que vous faites comme n,2025-11-03 15:52:31
1864283612943683903,2024-12-04 13:20:24 +01:00,OxygenClaw,"@Freebox Vous commencez a rendre fou , vous etes en panne vous répondez à personne , aucune offre proposée rien du tout . Et quand on vous appelle , le répondeur dit que vous alliez envoyer un mail quand la panne sera réparer ? Vous prenez vrm les gens pour des cons en vrai vous",vous commencez a rendre fou vous etes en panne vous répondez à personne aucune offre proposée rien du tout et quand on vous appelle le répondeur dit que vous alliez envoyer un mail quand la panne sera réparer vous prenez vrm les gens pour des cons en vrai vous,2025-11-03 15:52:31
1864288486477508806,2024-12-04 13:39:46 +01:00,CC91564,"@free 4 semaines depuis la souscription de mon abonnement Freebox : Toujours pas d'activation de la ligne malgré toutes mes relances et colères, et aucun rendez-vous avec le technicien n'est planifié... Le laxisme et l'incompétence sont désormais la règle chez Free...",4 semaines depuis la souscription de mon abonnement freebox toujours pas dactivation de la ligne malgré toutes mes relances et colères et aucun rendezvous avec le technicien nest planifié le laxisme et lincompétence sont désormais la règle chez free,2025-11-03 15:52:31
1864290481166774628,2024-12-04 13:47:42 +01:00,UnRoumainCPE,@Freebox j'attend toujours l'appel de votre service commercial! Cela fait maintenant 6 jours que vous m'avez coupe de ma connexion internet or je suis censé faire prospérer mon entreprise! Sans internet c'est compliqué et je perds potentiellement des clients... Donc de l'argent,jattend toujours lappel de votre service commercial cela fait maintenant 6 jours que vous mavez coupe de ma connexion internet or je suis censé faire prospérer mon entreprise sans internet cest compliqué et je perds potentiellement des clients donc de largent,2025-11-03 15:52:31
1864298648772677917,2024-12-04 14:20:09 +01:00,Sophie01371,@free  que doit on renvoyer comme cordon lors d'une résiliation ? impossible de trouver l'info,que doit on renvoyer comme cordon lors dune résiliation impossible de trouver linfo,2025-11-03 15:52:31
1864303362969145575,2024-12-04 14:38:53 +01:00,GuillaumeVlt1,Bonjour @free \nAuriez-Vous vous la possibilité de me donner en mp un numéro de téléphone ou un mail qui pourrait régler mon problème avec votre sous traitant qui installe la fibre ? \nPar avance merci,bonjour nauriezvous vous la possibilité de me donner en mp un numéro de téléphone ou un mail qui pourrait régler mon problème avec votre sous traitant qui installe la fibre npar avance merci,2025-11-03 15:52:31
1864340975545364510,2024-12-04 17:08:21 +01:00,mariebvlt,"@Freebox y a pas moyen de les avoir au tel ça va me rendre dingue, 3 semaines que j’essaye de résilier mon abonnement on me répond jamais au téléphone !",y a pas moyen de les avoir au tel ça va me rendre dingue 3 semaines que jessaye de résilier mon abonnement on me répond jamais au téléphone,2025-11-03 15:52:31
1864343328654811553,2024-12-04 17:17:42 +01:00,Magali_L_,"Le technicien de Free Réseau qui me dit que je ne suis pas branché sur un armoire fibre optique et que je dois attendre qu'orange me raccorde....Euh, comment dire j'ai eu le fibre @free de février à début novembre 2024 donc le branchement existe. Qu'en pensez-vous @Freebox ?",le technicien de free réseau qui me dit que je ne suis pas branché sur un armoire fibre optique et que je dois attendre quorange me raccordeeuh comment dire jai eu le fibre de février à début novembre 2024 donc le branchement existe quen pensezvous,2025-11-03 15:52:31
1864345365903712503,2024-12-04 17:25:47 +01:00,Moi2507Toi,"@Freebox IL VA FALLOIR M'EXPLIQUER POURQUOI MA FACTURE INTERNET AUGMENTE HORS QUE CA FAIT PLUS 2 MOIS QUE JE NE ME SERT PLUS DU TELEPHONE FIXE, NI MÊME DE BOX TV !!! AH ET AUSSI RÉPONDRE À MON COURRIER RECOMMANDÉ EN VOUS PROUVANT QUE VOUS ÊTES RADIÉ DEPUIS 03/02/2012 !! VOLEUR !",il va falloir mexpliquer pourquoi ma facture internet augmente hors que ca fait plus 2 mois que je ne me sert plus du telephone fixe ni même de box tv ah et aussi répondre à mon courrier recommandé en vous prouvant que vous êtes radié depuis 03022012 voleur,2025-11-03 15:52:31
1864348327698936309,2024-12-04 17:37:33 +01:00,jaxhampton,"@free @Freebox \n\nVous m’avez prélevé 39,99€ pourtant on a résilié chez Free, et je ne peux plus me connecter sur votre site .. comment procéder ..?",nnvous mavez prélevé 3999 pourtant on a résilié chez free et je ne peux plus me connecter sur votre site comment procéder,2025-11-03 15:52:31
1864350049913729366,2024-12-04 17:44:24 +01:00,Titisimoff,"@Freebox bonjour free, ce matin j'ai fait la mise à jour de la freebox révolution car l'appareil me le demander et depuis cette mise à jour, j'ai perdu tous mes enregistrements et je n'ai plus la possibilité d'enregistrer... Merci de votre aide.",bonjour free ce matin jai fait la mise à jour de la freebox révolution car lappareil me le demander et depuis cette mise à jour jai perdu tous mes enregistrements et je nai plus la possibilité denregistrer merci de votre aide,2025-11-03 15:52:31
1864373275393950016,2024-12-04 19:16:41 +01:00,Max_Marty,"@free et  @Xavier75 le pire du pire dinternet !!\nApplication qui marche jamais, internet qui ne marche jamais \nPutain 57€ pour leur box de mes couilles ?!\nMais allez ça dégage \nJ’ai jamais pu regarder la télé depuis 2 mois !!\nC’est normal @Freebox  ?!!",et le pire du pire dinternet napplication qui marche jamais internet qui ne marche jamais nputain 57 pour leur box de mes couilles nmais allez ça dégage njai jamais pu regarder la télé depuis 2 mois ncest normal,2025-11-03 15:52:31
1864377190307045594,2024-12-04 19:32:15 +01:00,maeva_liars,@free vous êtes le pire opérateur \nPas joignable !!!,vous êtes le pire opérateur npas joignable,2025-11-03 15:52:31
1864378254481613114,2024-12-04 19:36:28 +01:00,HD_Solution,@Freebox @free  Gros problème avec le freebox player revolution ! Impossible d'ajouter des enregistrements depuis la box. Aussi les enregistrements du DD passés n'apparaissent plus. Bref heureusement qu'avec l'app OQQE j'ai pu ajouter des enregistrements.,gros problème avec le freebox player revolution impossible dajouter des enregistrements depuis la box aussi les enregistrements du dd passés napparaissent plus bref heureusement quavec lapp oqqe jai pu ajouter des enregistrements,2025-11-03 15:52:31
1864387192245604779,2024-12-04 20:11:59 +01:00,AshleyMagnusAM,"D'habitude je prône la bienveillance mais comme ça fait 42 jours que @free me laisse sans internet, sans nouvelles, dans la merde pour le travail, si vous avez quelque chose à leur dire lâchez-vous sous ce post ✌️",dhabitude je prône la bienveillance mais comme ça fait 42 jours que me laisse sans internet sans nouvelles dans la merde pour le travail si vous avez quelque chose à leur dire lâchezvous sous ce post,2025-11-03 15:52:31
1864400555533123664,2024-12-04 21:05:05 +01:00,ReneMatzuzzi,Dis donc @Freebox je viens de prendre la Freebox ultra et je n'ai pas le wifi 7 comment cela se fait ?,dis donc je viens de prendre la freebox ultra et je nai pas le wifi 7 comment cela se fait,2025-11-03 15:52:31
1864440631281561738,2024-12-04 23:44:20 +01:00,okcestrigolo,@free 45€ par mois vous avez pas l’impression d’être des voleurs avec votre connexion qui marchent pas là tin,45 par mois vous avez pas limpression dêtre des voleurs avec votre connexion qui marchent pas là tin,2025-11-03 15:52:31
1864442885606637785,2024-12-04 23:53:18 +01:00,malovavanou,@free  j’ai un problème je veux changer ma box on me demande de renvoyer l’ancienne avec la télécommande ( que je n’ai plus ça fait plus de 10 ans que je suis chez vous ) je fais comment 😭😭😭,jai un problème je veux changer ma box on me demande de renvoyer lancienne avec la télécommande que je nai plus ça fait plus de 10 ans que je suis chez vous je fais comment,2025-11-03 15:52:31
1864454349172179454,2024-12-05 00:38:51 +01:00,kerntwit,@free Scandaleux : Free facture des frais d’installation et d’abonnement pour une Freebox non déballée (ligne téléphonique non opérationnelle)\nDe drôles de méthodes condamnables,scandaleux free facture des frais dinstallation et dabonnement pour une freebox non déballée ligne téléphonique non opérationnellende drôles de méthodes condamnables,2025-11-03 15:52:31
1864553458885439860,2024-12-05 07:12:40 +01:00,mimilapraline,Depuis le 20/11 mes parents de 84 ans n’ont plus de connexion internet et surtout téléphone et @free nous balade et les laisse sans pouvoir être joints et sans expliquer ce qu’il se passe!Je n’ai jamais vu ça!Tout se passe par écrit donc c’est facile on subit et rien ne se passe,depuis le 2011 mes parents de 84 ans nont plus de connexion internet et surtout téléphone et nous balade et les laisse sans pouvoir être joints et sans expliquer ce quil se passeje nai jamais vu çatout se passe par écrit donc cest facile on subit et rien ne se passe,2025-11-03 15:52:31
1864570388304306438,2024-12-05 08:19:57 +01:00,deubeuliouuu6,@free vous vraiment je vous déteste,vous vraiment je vous déteste,2025-11-03 15:52:31
1864581983218614583,2024-12-05 09:06:01 +01:00,Baled2020,"@Freebox bonjour qui c est fait arnaquer avec le soit disant max gratuit pendant 1 mois reçu mail le 9 novembre inscrit dans la foulée et payer 5,99€",bonjour qui c est fait arnaquer avec le soit disant max gratuit pendant 1 mois reçu mail le 9 novembre inscrit dans la foulée et payer 599,2025-11-03 15:52:31
1864596001413017908,2024-12-05 10:01:43 +01:00,SchlegelSy65026,@Freebox pourquoi personne n est capable de remettre la fibre chez ma fille en’panne depuis la semaine dernière lundi déjà 10 jours on aimerait bien une réponse,pourquoi personne n est capable de remettre la fibre chez ma fille enpanne depuis la semaine dernière lundi déjà 10 jours on aimerait bien une réponse,2025-11-03 15:52:31
1864596264429523439,2024-12-05 10:02:46 +01:00,SchlegelSy65026,@free hello ya quelqu'un pour réparer une box après 10 jours de panne,hello ya quelquun pour réparer une box après 10 jours de panne,2025-11-03 15:52:31
1864617469303750849,2024-12-05 11:27:02 +01:00,Soinsuke,@free mon abonnement que j'ai résilié en septembre ne s'est en réalité pas résilier et je paye 45 € par mois depuis septembre et votre service est injoignable c'est normal ? Faut en parler 2 minutes là,mon abonnement que jai résilié en septembre ne sest en réalité pas résilier et je paye 45 par mois depuis septembre et votre service est injoignable cest normal faut en parler 2 minutes là,2025-11-03 15:52:31
1864657954936348757,2024-12-05 14:07:54 +01:00,smmmkan,@Freebox la wifi qui marche pas depuis deux jours c’est quoi?,la wifi qui marche pas depuis deux jours cest quoi,2025-11-03 15:52:31
1864658235266892076,2024-12-05 14:09:01 +01:00,Omwami_Muteshi,"@free C'est maintenant trois mois que je me suis désabonné de vos services de box Wi-Fi et que j'ai retourné tous les articles, y compris les routeurs et la box Wi-Fi. Vous continuez à prélever de l'argent sur mon compte malgré le fait que je sois venu dans vos bureaux et que j'ai effectué toutes les démarches nécessaires. Quelle est la solution à cela ?",cest maintenant trois mois que je me suis désabonné de vos services de box wifi et que jai retourné tous les articles y compris les routeurs et la box wifi vous continuez à prélever de largent sur mon compte malgré le fait que je sois venu dans vos bureaux et que jai effectué toutes les démarches nécessaires quelle est la solution à cela,2025-11-03 15:52:31
1864666497521439105,2024-12-05 14:41:51 +01:00,Patricia117863,@Freebox \nbonjour \nJ’ai besoin de vous joindre à titre personnel mais impossible le 1044 et 3244 ne correspondent pas à ma demande et j’ai t’entends l’assistance il n’on pas accès au service commercial \nDite moi svp comment vous joindre \nMerci d’avance,nbonjour njai besoin de vous joindre à titre personnel mais impossible le 1044 et 3244 ne correspondent pas à ma demande et jai tentends lassistance il non pas accès au service commercial ndite moi svp comment vous joindre nmerci davance,2025-11-03 15:52:31
1864666589611561358,2024-12-05 14:42:13 +01:00,Path80s,@free Bonjour j'ai été prélevé d'une somme alors que je ne suis même plus chez vous. Puis-je avoir qqn de compétent pour régler ça au plus vite? Merci bien,bonjour jai été prélevé dune somme alors que je ne suis même plus chez vous puisje avoir qqn de compétent pour régler ça au plus vite merci bien,2025-11-03 15:52:31
1864667487079424076,2024-12-05 14:45:47 +01:00,Grosminet57,Elle est là 😍😍😍🚀🚀🚀 #FreeboxUltraEditionLimitee25Ans Merci @free @Xavier75 https://t.co/r0DiLziizj,elle est là merci,2025-11-03 15:52:31
1864696119860588784,2024-12-05 16:39:34 +01:00,cedric_du_33,@Freebox @free \nIl se passe quoi là ? https://t.co/XGEJUJHZFf,nil se passe quoi là,2025-11-03 15:52:31
1864700573951344876,2024-12-05 16:57:15 +01:00,alcla,"@free Plus d'internet depuis deux jours. Je l'ai signalé, réponse: nous informons l'operateur historique"" depuis plus de nouvelle et surtout IMPOSSIBLE DE VOUS JOINDRE ni de joindre cet operateur historique!  Comment je fais pour bosser??????  Aucun suivi SAV!!! #Free #iliad",plus dinternet depuis deux jours je lai signalé réponse nous informons loperateur historique depuis plus de nouvelle et surtout impossible de vous joindre ni de joindre cet operateur historique comment je fais pour bosser aucun suivi sav,2025-11-03 15:52:31
1864701033177378871,2024-12-05 16:59:05 +01:00,Alefamora,@free @AssistanceFree les mails ne fonctionnent pas depuis ce matin. On peut avoir des infos ?,les mails ne fonctionnent pas depuis ce matin on peut avoir des infos,2025-11-03 15:52:31
1864708493170573445,2024-12-05 17:28:44 +01:00,CShabyne,je commence en avoir marre . J'ai un problème avec ma box je prends rendez-vous ce samedi et c'est annuler . Par contre pour joindre un conseiller impossible.  Je vais quitter FREE @free @Freebox  pourquoi annuler mon rendez-vous ? C'est pas bien de laisser les gens. #Free https://t.co/VqccEjXrrq,je commence en avoir marre jai un problème avec ma box je prends rendezvous ce samedi et cest annuler par contre pour joindre un conseiller impossible je vais quitter free pourquoi annuler mon rendezvous cest pas bien de laisser les gens,2025-11-03 15:52:31
1864716763960623363,2024-12-05 18:01:35 +01:00,fabron01,"@free bonjour,\nOn doit m’installer ma box demain, mais elle ne m’a pas été livrée 😡",bonjournon doit minstaller ma box demain mais elle ne ma pas été livrée,2025-11-03 15:52:31
1864720599660089351,2024-12-05 18:16:50 +01:00,blhuillier,"Bon... @free, je ne sais plus quoi faire... J'ai pris il y a 2 mois un abonnement free fibre pop. 3 techniciens sont intervenus chez nous, en plein Paris, ds un immeuble où il y a déjà des abonnés Free. Ils ont été incapables de nous brancher à la fibre Free. Pire...",bon je ne sais plus quoi faire jai pris il y a 2 mois un abonnement free fibre pop 3 techniciens sont intervenus chez nous en plein paris ds un immeuble où il y a déjà des abonnés free ils ont été incapables de nous brancher à la fibre free pire,2025-11-03 15:52:31
1864725207644057647,2024-12-05 18:35:09 +01:00,StarMageAhmed,"@free , vrai foutage de gueule, comment ça je ne peux plus avoir de conseiller directement au 3244?!",vrai foutage de gueule comment ça je ne peux plus avoir de conseiller directement au 3244,2025-11-03 15:52:31
1864726281880789157,2024-12-05 18:39:25 +01:00,remx59,@Free_1337 normal que la box Freeze sur le bandeau ? 🤷‍♀️😱 https://t.co/or0ecObUTr,normal que la box freeze sur le bandeau,2025-11-03 15:52:31
1864763299201458212,2024-12-05 21:06:30 +01:00,ludivincent76,"@free Un seul mot: inadmissible !!! Chez vous depuis mi-septembre et déjà plus que déçu...! 48h que nous n'avons plus d'internet à la maison sans solution, sans information, sans aide. Nous allons résilier. Aberrant de voir un tel service et que dire du service client/assistance",un seul mot inadmissible chez vous depuis miseptembre et déjà plus que déçu 48h que nous navons plus dinternet à la maison sans solution sans information sans aide nous allons résilier aberrant de voir un tel service et que dire du service clientassistance,2025-11-03 15:52:31
1864766982501077251,2024-12-05 21:21:08 +01:00,OlivierHirsch,J'aimerais bien :-) J'ai une demande de raccordement fibre en cours depuis le 31 juillet. Un cauchemard. Vous pouvez m'aider @free ?,jaimerais bien jai une demande de raccordement fibre en cours depuis le 31 juillet un cauchemard vous pouvez maider,2025-11-03 15:52:31
1864772283488690316,2024-12-05 21:42:12 +01:00,VenomSnake1001,Ils ont quoi @free à bug comme ça,ils ont quoi à bug comme ça,2025-11-03 15:52:31
1864772297271165252,2024-12-05 21:42:16 +01:00,pakoyoung67,"@free  Merci de m'avoir coupé internet suite à un retard de 1, https://t.co/QTlSZKiFWn vous rappel que on n'es pas tous  payés  le 31 ou le premier du mois. Moi j'en n'es ma claque. De free. Je vais résilié le contrat et allé. Chez Bouygues  comme ça je pourrais",merci de mavoir coupé internet suite à un retard de 1 vous rappel que on nes pas tous payés le 31 ou le premier du mois moi jen nes ma claque de free je vais résilié le contrat et allé chez bouygues comme ça je pourrais,2025-11-03 15:52:31
1864924890882580869,2024-12-06 07:48:37 +01:00,Tubbydev,"@Xavier75 @franceculture comique de parler de ""bien faire son travail"" quand @free passé son temps à percer des murs sans autorisation pour installer sa fibre",comique de parler de bien faire son travail quand passé son temps à percer des murs sans autorisation pour installer sa fibre,2025-11-03 15:52:31
1864958469230473490,2024-12-06 10:02:02 +01:00,morandiniblog,"Face aux ""décisions fiscales et pénalisantes"" et face à l'ARCOM qui supprime C8, la décision du Groupe Canal de se retirer de la TNT va avoir de très grosses conséquences sur le PAF https://t.co/dXa9sDOWrZ",face aux décisions fiscales et pénalisantes et face à larcom qui supprime c8 la décision du groupe canal de se retirer de la tnt va avoir de très grosses conséquences sur le paf,2025-11-03 15:52:31
1864965536523649082,2024-12-06 10:30:07 +01:00,PhBAUDOT,@Freebox la chaîne Fox news présente 1 décalage d'environ 7secondes entre image et son,la chaîne fox news présente 1 décalage denviron 7secondes entre image et son,2025-11-03 15:52:31
1864968477846433967,2024-12-06 10:41:49 +01:00,vilfeu2,"@Freebox bonjour, impossible de supprimer un abonnement MAX depuis mon compte Freebox (alors que je suis bien débité par Free pour cela). Il est noté sur mon compte que je n’ai aucun abonnement en cours",bonjour impossible de supprimer un abonnement max depuis mon compte freebox alors que je suis bien débité par free pour cela il est noté sur mon compte que je nai aucun abonnement en cours,2025-11-03 15:52:31
1864969786968388038,2024-12-06 10:47:01 +01:00,Bahathot,@Freebox @freemobile @free c'est quoi le problème chez vous ? On n'arrive pas à vous joindre. Par aucun moyen de communication que vous mettez en place. Des que ça parle de facturation plus personne ça fait un an que je signale un souci tarifaire sans réponse !  20ans de fidélité,cest quoi le problème chez vous on narrive pas à vous joindre par aucun moyen de communication que vous mettez en place des que ça parle de facturation plus personne ça fait un an que je signale un souci tarifaire sans réponse 20ans de fidélité,2025-11-03 15:52:31
1864981110360301606,2024-12-06 11:32:01 +01:00,Chris466684,"Client chez @free en vdsl, j’ai demandé il y a 3 jours pour basculer à la fibre et 3 jours qu’ils me répondent que l’offre est en étude. Du coup signature chez @Orange_France … apparement les employés free n’ont pas tout compris.",client chez en vdsl jai demandé il y a 3 jours pour basculer à la fibre et 3 jours quils me répondent que loffre est en étude du coup signature chez apparement les employés free nont pas tout compris,2025-11-03 15:52:31
1865002626426818758,2024-12-06 12:57:30 +01:00,mrsdiarra_,- votre câble fibre est abîmé \n- quand est ce que ça pourra être réparé ? \n- je ne sais pas \n- comment je fais pour avoir internet en attendant ?\n- je ne sais pas \n@free vous pensez que je paye pour ça ? c’est mieux vous trouvez une solution rapidement,votre câble fibre est abîmé n quand est ce que ça pourra être réparé n je ne sais pas n comment je fais pour avoir internet en attendant n je ne sais pas n vous pensez que je paye pour ça cest mieux vous trouvez une solution rapidement,2025-11-03 15:52:31
1865004088447914049,2024-12-06 13:03:19 +01:00,Gwn_aL,"Vous me rendez fou @free ! C’est devenu compliqué de vous joindre, j’envoie un message sur messenger, ça me dit qu’un conseiller me recontactera pendant les heures prévues et depuis lundi aucune réponse ! Je tente de relancer une réponse et rien, je parle dans le vide",vous me rendez fou cest devenu compliqué de vous joindre jenvoie un message sur messenger ça me dit quun conseiller me recontactera pendant les heures prévues et depuis lundi aucune réponse je tente de relancer une réponse et rien je parle dans le vide,2025-11-03 15:52:31
1865034412263358974,2024-12-06 15:03:49 +01:00,justemejohanna,Pourquoi on a pleins de chaines qui fonctionne plus depuis ce matin @UniversFreebox.,pourquoi on a pleins de chaines qui fonctionne plus depuis ce matin,2025-11-03 15:52:31
1865042774690533720,2024-12-06 15:37:02 +01:00,AkumaFr13,@Freebox @Free_1337 c'est marrant 5 minutes votre panne general sur les box mais j'ai aucun réseau mobile ni fibre moi maintenant ...,cest marrant 5 minutes votre panne general sur les box mais jai aucun réseau mobile ni fibre moi maintenant,2025-11-03 15:52:31
1865043271367463291,2024-12-06 15:39:01 +01:00,jim_mi2fois,"@Freebox bonjour, actuellement en télétravail ma connexion vient de sauter. J'ai contacté l'assistance qui n'en est plus une, pour me faire entendre dire que des tests sont en cours à l'extérieur sans plus d'informations. Impossible de reprendre mon activité.",bonjour actuellement en télétravail ma connexion vient de sauter jai contacté lassistance qui nen est plus une pour me faire entendre dire que des tests sont en cours à lextérieur sans plus dinformations impossible de reprendre mon activité,2025-11-03 15:52:31
1865057166689702362,2024-12-06 16:34:14 +01:00,Otm923,@free ce n’est vraiment pas acceptable de votre part de laisser les habitants de la ville d’Argenteuil sans internet depuis plus d’un mois 0/5 ⭐️,ce nest vraiment pas acceptable de votre part de laisser les habitants de la ville dargenteuil sans internet depuis plus dun mois 05,2025-11-03 15:52:31
1865066909558862208,2024-12-06 17:12:57 +01:00,cortesccd,"Plus aucun service @free. Des semaines d attente et toujours aucun signe d un rdv, aucun délai... Un boîtier 4G qui sert à rien. Envie d aller voir ailleurs 😤 @Freebox",plus aucun service des semaines d attente et toujours aucun signe d un rdv aucun délai un boîtier 4g qui sert à rien envie d aller voir ailleurs,2025-11-03 15:52:31
1865077948438446253,2024-12-06 17:56:49 +01:00,ChristianS14090,"@Freebox Plus de réseau téléphonique sur Mont de Marsan (Landes) ni d'internet depuis 15 h, grosse panne qui touche toute la ville et ses alentours, savez-vous pourquoi? Merci",plus de réseau téléphonique sur mont de marsan landes ni dinternet depuis 15 h grosse panne qui touche toute la ville et ses alentours savezvous pourquoi merci,2025-11-03 15:52:31
1865082787247612216,2024-12-06 18:16:02 +01:00,MilooGlt,"@Freebox une fois de plus depuis bientôt + 2h ns n'avons plus d réseau, plus d'internet.... En fin d compte vous êtes pire q ""REEF"" y en a marre... 😡 J vais résilier.",une fois de plus depuis bientôt 2h ns navons plus d réseau plus dinternet en fin d compte vous êtes pire q reef y en a marre j vais résilier,2025-11-03 15:52:31
1865087034127167534,2024-12-06 18:32:55 +01:00,SonYouni58O3,@Free_1337 @Freebox @free Est ce qu’on peut discuter pour savoir si il y’a possibilité d’avoir l’édition limitée svp,est ce quon peut discuter pour savoir si il ya possibilité davoir lédition limitée svp,2025-11-03 15:52:31
1865098187565892092,2024-12-06 19:17:14 +01:00,libert_rodrigue,"@Freebox vous pouvez svp m’expliquer pour je suis sans cesse déconnecté sur l’Apple TV ? Sur la même vidéo, deux déconnections, les autres sévices fonctionnent",vous pouvez svp mexpliquer pour je suis sans cesse déconnecté sur lapple tv sur la même vidéo deux déconnections les autres sévices fonctionnent,2025-11-03 15:52:31
1865104879963783614,2024-12-06 19:43:50 +01:00,SirobTar,"Hey! @free malgré plusieurs tentatives via Messenger, nous n’avons pas eu de retour concernant notre problème de chaîne TV qui freeze ou qui saccadent depuis plusieurs jours, voir semaines.\nMerci de nous répondre sur Messenger ou nous contacter par téléphone 😉",hey malgré plusieurs tentatives via messenger nous navons pas eu de retour concernant notre problème de chaîne tv qui freeze ou qui saccadent depuis plusieurs jours voir semainesnmerci de nous répondre sur messenger ou nous contacter par téléphone,2025-11-03 15:52:31
1865124052030922775,2024-12-06 21:00:00 +01:00,Mahzeuh,"@Xavier75 @Freebox\nUn ""technicien"" qui me propose un répéteur wifi pour des coupure d'internet... Aucune solution temporaire à mes problèmes. C'est limite si on me traite de menteur car ""j'ai rien de mon coté"" au téléphone.\nJuste déçu.\nUn technicien compétent pourrait m'aider ?",nun technicien qui me propose un répéteur wifi pour des coupure dinternet aucune solution temporaire à mes problèmes cest limite si on me traite de menteur car jai rien de mon coté au téléphonenjuste déçunun technicien compétent pourrait maider,2025-11-03 15:52:31
1865140002658636264,2024-12-06 22:03:23 +01:00,bvgoat2,1 semaine d’interruption d’internet pour travaux qui se transforment en 1 mois et demi j’vous deteste @free,1 semaine dinterruption dinternet pour travaux qui se transforment en 1 mois et demi jvous deteste,2025-11-03 15:52:31
1865334730943553914,2024-12-07 10:57:10 +01:00,EmmanuelBarthy,"Bonjour @Xavier75, tu veux pas faire activer les fréquences 3500 5G SA des antennes autour du Château de la Piscine à Montpellier. (Capture d’écran de l’antenne sur laquelle je suis branché)\n\nJ’ai même pas eu le temps de profiter de mon Ultra EL 1 jour avant de subir un débranchement sauvage 😭.\n\nEn attendant qu’un technicien vienne lundi, ça serait l’occasion de tester votre 5G SA 🙏❤️\n\n@Freebox @freemobile @GroupeIliad @TomReynaud1789",bonjour tu veux pas faire activer les fréquences 3500 5g sa des antennes autour du château de la piscine à montpellier capture décran de lantenne sur laquelle je suis branchénnjai même pas eu le temps de profiter de mon ultra el 1 jour avant de subir un débranchement sauvage nnen attendant quun technicien vienne lundi ça serait loccasion de tester votre 5g sa nn,2025-11-03 15:52:31
1865369755827236937,2024-12-07 13:16:21 +01:00,monsieurnaudin,3j en étape 2. En 2028 @free me fournira internet normalement… 🙄\n@Xavier75 je paye 100k pour savoir pourquoi 2 câbles connectés donnent se résultat 😂 https://t.co/kfiRRspAqL,3j en étape 2 en 2028 me fournira internet normalement n je paye 100k pour savoir pourquoi 2 câbles connectés donnent se résultat,2025-11-03 15:52:31
1865405791701757991,2024-12-07 15:39:32 +01:00,Chleove,"Bonjour @UPS pour @free, combien de fois doit-on demander un report de livraison pour avoir une confirmation de livraison à la date demandée ?",bonjour pour combien de fois doiton demander un report de livraison pour avoir une confirmation de livraison à la date demandée,2025-11-03 15:52:31
1865438485324169503,2024-12-07 17:49:27 +01:00,diablot1n,"@Freebox , comment fait on, quand étend ancien client Delta devialet, que nous n'avons plus accès à l'espace mon compte (sauf pour consulter les factures), afin d'aller dans l'onglet boutique, acheter une nouvelle télécommande ou un nouveau freeplug si ceux ci sont endommagés ?",comment fait on quand étend ancien client delta devialet que nous navons plus accès à lespace mon compte sauf pour consulter les factures afin daller dans longlet boutique acheter une nouvelle télécommande ou un nouveau freeplug si ceux ci sont endommagés,2025-11-03 15:52:31
1865486156105687528,2024-12-07 20:58:53 +01:00,MELODIEMOUTOUV2,@Freebox bonjour je n’ai plus de wifi et la box est bloqué sur étape 3D. Qu’est-ce que je peux faire ? Merci,bonjour je nai plus de wifi et la box est bloqué sur étape 3d questce que je peux faire merci,2025-11-03 15:52:31
1865696414187065518,2024-12-08 10:54:22 +01:00,SuGe_SNCF,"@Freebox c'est en passe étape 2 depuis hier soir, galère dans le 94 ?",cest en passe étape 2 depuis hier soir galère dans le 94,2025-11-03 15:52:31
1865712676099252592,2024-12-08 11:58:59 +01:00,sinishajm,Il boycotte un mec juste parce qu’il est fier d’être français : on appelle ça comment déjà ? 🧐,il boycotte un mec juste parce quil est fier dêtre français on appelle ça comment déjà,2025-11-03 15:52:31
1865715019398164554,2024-12-08 12:08:18 +01:00,cyko_niko,@free vous me prélevez une option que je n'ai jamais souscrite @dgccrf,vous me prélevez une option que je nai jamais souscrite,2025-11-03 15:52:31
1865717788846809122,2024-12-08 12:19:18 +01:00,guerin_morel,"@M6plusofficiel @Freebox @free pourquoi ne peut-on tout simplement pas ce connecter avec ces identifiants ? J'ai un compte Premium et impossible à synchroniser sur ma Delta Devialet, cette histoire de code dans l'appli sa marche pas. Voir photo jointe.. 😭 https://t.co/XOrm6NMul7",pourquoi ne peuton tout simplement pas ce connecter avec ces identifiants jai un compte premium et impossible à synchroniser sur ma delta devialet cette histoire de code dans lappli sa marche pas voir photo jointe,2025-11-03 15:52:31
1865802600358027631,2024-12-08 17:56:19 +01:00,sebngaz,@free suite à mes déconnexions répétitive et votre SAV lamentable je suis en train de chiffrer ma migration vers un autre opérateur..bye bye free apres 20 ans,suite à mes déconnexions répétitive et votre sav lamentable je suis en train de chiffrer ma migration vers un autre opérateurbye bye free apres 20 ans,2025-11-03 15:52:31
1865835950800089221,2024-12-08 20:08:50 +01:00,swx7ch,"@free bouteille à la mer, un rdv pour qu'un technicien passe chez moi brancher la fibre, c'est possible ou non ? ça fait 1 mois que j'essaye tout ce qui est possible pour vous avoir :)",bouteille à la mer un rdv pour quun technicien passe chez moi brancher la fibre cest possible ou non ça fait 1 mois que jessaye tout ce qui est possible pour vous avoir,2025-11-03 15:52:31
1866012827502133648,2024-12-09 07:51:41 +01:00,ARomain2,Qui d'autre est sans internet depuis plus de 24h sur freebox au Pays-Basque ? @free @Xavier75,qui dautre est sans internet depuis plus de 24h sur freebox au paysbasque,2025-11-03 15:52:31
1866062727732428848,2024-12-09 11:09:58 +01:00,EliteStrasbourg,"Nous sommes un magasin de cuisines équipée qui fonctionne depuis 7 ans à Strasbourg. Tout a commencé il y a à peu près 3 mois, lorsqu'un commercial de Free m'a démarché pour remplacer mon abonnement professionnel chez Orange. C'était le début d'un cauchemar. @Xavier75 @Freebox https://t.co/w3MOVMNtH2",nous sommes un magasin de cuisines équipée qui fonctionne depuis 7 ans à strasbourg tout a commencé il y a à peu près 3 mois lorsquun commercial de free ma démarché pour remplacer mon abonnement professionnel chez orange cétait le début dun cauchemar,2025-11-03 15:52:31
1866065153021591965,2024-12-09 11:19:36 +01:00,60BL,"@free , on fait comment pour vous joindre quand il n'existe pas de tel pour vos agences ?",on fait comment pour vous joindre quand il nexiste pas de tel pour vos agences,2025-11-03 15:52:31
1866071538333819110,2024-12-09 11:44:59 +01:00,LaigleAuri46437,@Freebox   vraiment déçu de la dégradation de l'assistance Freebox dans le 78. Intervention du technicien entre 8h et 11h. On m'appelle pour me dire qu'il a du retard il vient à 10h. Il est 11h43. Si moi je suis présente on va me foutre une pénalité de 49 euros.,vraiment déçu de la dégradation de lassistance freebox dans le 78 intervention du technicien entre 8h et 11h on mappelle pour me dire quil a du retard il vient à 10h il est 11h43 si moi je suis présente on va me foutre une pénalité de 49 euros,2025-11-03 15:52:31
1866091330444648841,2024-12-09 13:03:38 +01:00,Lamk68,"@free @Xavier75 Gros dysfonctionnements chez Free : depuis le 21/11 toujours aucun raccordement à la fibre. \nOn me balade de conseiller en conseiller, des rdv tech non honorés, et la facturation des frais d'installation et d'abonnement est déclenchée... On marche sur la tête !",gros dysfonctionnements chez free depuis le 2111 toujours aucun raccordement à la fibre non me balade de conseiller en conseiller des rdv tech non honorés et la facturation des frais dinstallation et dabonnement est déclenchée on marche sur la tête,2025-11-03 15:52:31
1866098909052875012,2024-12-09 13:33:45 +01:00,_Slippery_59,"Bonjour @reef_telecom .\nÉtant donné que @Freebox ou @free ne me propose aucune solution de dépannage, vous n'êtes pas loin de les rattraper niveau service client...",bonjour nétant donné que ou ne me propose aucune solution de dépannage vous nêtes pas loin de les rattraper niveau service client,2025-11-03 15:52:31
1866130894467092589,2024-12-09 15:40:50 +01:00,JulienGr1,"@Freebox @free 1,5 mois d indisponibilité totale adsl et Fix a cesson 77240 et rien de chez rien n est fait, et ça facture tranquillement en attendant….",15 mois d indisponibilité totale adsl et fix a cesson 77240 et rien de chez rien n est fait et ça facture tranquillement en attendant,2025-11-03 15:52:31
1866167863490367955,2024-12-09 18:07:45 +01:00,Nico83210,@Freebox bonjour c’est normal que votre technicien s’amuse à débrancher et dit que c’est pour être payé plus . Il est intervenu sur gareoult aujourd’hui . Du coup j’ai encore plus internet que faire svp? C’est urgent et comme d’hab ça ne répond pas . @Xavier75,bonjour cest normal que votre technicien samuse à débrancher et dit que cest pour être payé plus il est intervenu sur gareoult aujourdhui du coup jai encore plus internet que faire svp cest urgent et comme dhab ça ne répond pas,2025-11-03 15:52:31
1866174311179964795,2024-12-09 18:33:22 +01:00,_MR_P7,@free  comment on fait pour vous contacter maintenant ? C’est devenu une galère j’aimerais juste renvoyer mon matériel après une migration…,comment on fait pour vous contacter maintenant cest devenu une galère jaimerais juste renvoyer mon matériel après une migration,2025-11-03 15:52:31
1866267383524188448,2024-12-10 00:43:12 +01:00,_whyousad,@free c'est normal que ma wifi s'est arrêté ma box veut rien savoir?,cest normal que ma wifi sest arrêté ma box veut rien savoir,2025-11-03 15:52:31
1866377180105805850,2024-12-10 07:59:30 +01:00,Fahi974,Bonjour @Freebox. La #freebox #Delta est bloquée sur l'étape 2 depuis hier soir vers 23h40. Depuis plus rien malgré le redémarrage de la box. Savez-vous ce qui se passe dans le secteur de Lomener à Ploemeur ?,bonjour la est bloquée sur létape 2 depuis hier soir vers 23h40 depuis plus rien malgré le redémarrage de la box savezvous ce qui se passe dans le secteur de lomener à ploemeur,2025-11-03 15:52:31
1866378723525795956,2024-12-10 08:05:37 +01:00,ARomain2,48h sans internet 😤 @Freebox,48h sans internet,2025-11-03 15:52:31
1866402803498762373,2024-12-10 09:41:19 +01:00,Berzekiel,"@Freebox Bonjour, je souhaiterais annuler mon inscription Freebox car je déménage dans une semaine et je n’ai toujours pas de rendez-vous…\nJ’appelle le 1044 et le 3244 mais aucune réponse",bonjour je souhaiterais annuler mon inscription freebox car je déménage dans une semaine et je nai toujours pas de rendezvousnjappelle le 1044 et le 3244 mais aucune réponse,2025-11-03 15:52:31
1866410933771538843,2024-12-10 10:13:37 +01:00,g_station,"@Freebox Bonjour l’équipe Free \nJe n’ai plus de connexion depuis ma FreeBox Crystal depuis qq jours. J’ai vérifié tout le câblage et rebooté plusieurs fois : j’ai toujours le rectangle qui tourne dans le sens des aiguilles d’une montre, pas très rapide.",bonjour léquipe free nje nai plus de connexion depuis ma freebox crystal depuis qq jours jai vérifié tout le câblage et rebooté plusieurs fois jai toujours le rectangle qui tourne dans le sens des aiguilles dune montre pas très rapide,2025-11-03 15:52:31
1866416293865242943,2024-12-10 10:34:55 +01:00,sesng_,@Freebox @free on paye la fibre pour avoir une co comme ça ??,on paye la fibre pour avoir une co comme ça,2025-11-03 15:52:31
1866424799154647350,2024-12-10 11:08:43 +01:00,Dywen83446558,@free ton assistante sur whatsapp c'est de la grosse merde.\n*on vous répond dès que possible *\n5j plus tard : *oups on vous a pas répondu si vous n'avez pas trouver le réponse passez un message *\nJ'ai pas la réponse : *merci de confirmer votre identité *\n🤬,ton assistante sur whatsapp cest de la grosse merdenon vous répond dès que possible n5j plus tard oups on vous a pas répondu si vous navez pas trouver le réponse passez un message njai pas la réponse merci de confirmer votre identité n,2025-11-03 15:52:31
1866431365392269591,2024-12-10 11:34:48 +01:00,lezebracademy,"@Freebox \n\nBonjour, \n\nJe reste dans l'attente de la réponse d'un être humain via l'assistance WhatsApp depuis plusieurs jours... (sic).\n\nJ'ai question sur une double facturation.",nnbonjour nnje reste dans lattente de la réponse dun être humain via lassistance whatsapp depuis plusieurs jours sicnnjai question sur une double facturation,2025-11-03 15:52:31
1866453229363413361,2024-12-10 13:01:41 +01:00,Baron_de_la_cot,"@Freebox @Xavier75 #1 bonjour, ça fait 20 ans presque que je suis free, vous proposez la fibre, je dis ok, vous envoyez une 10zaine de personnes pour constater que la gaine est bouchée, je dis ok!",bonjour ça fait 20 ans presque que je suis free vous proposez la fibre je dis ok vous envoyez une 10zaine de personnes pour constater que la gaine est bouchée je dis ok,2025-11-03 15:52:31
1866459180447768814,2024-12-10 13:25:20 +01:00,JeanHlib,Merci de RT \n\nJ'ai FreeboxUltra depuis ce matin 11h\n\nDeux soucis : mes speedtest bloquent à 900mbps malgré que j'ai une carte réseau 10Go. Sur Freebox OS je vois Débit max 8Go puis entre parenthèses (1Go)\n\nje suis toujours bloqué à l'étape 4 sur le site malgré que j'ai du reseau,merci de rt nnjai freeboxultra depuis ce matin 11hnndeux soucis mes speedtest bloquent à 900mbps malgré que jai une carte réseau 10go sur freebox os je vois débit max 8go puis entre parenthèses 1gonnje suis toujours bloqué à létape 4 sur le site malgré que jai du reseau,2025-11-03 15:52:31
1866468689509314733,2024-12-10 14:03:07 +01:00,blavier86,"@Freebox J' en ai plein le cul de Free, j'enregistre des films et 3 jours après les films ont été effacés. Payer 40€ par mois pour une merde pareille c'est chiant. Je comprends qu' il y en ait qui prennent des boitiers IPTV.",j en ai plein le cul de free jenregistre des films et 3 jours après les films ont été effacés payer 40 par mois pour une merde pareille cest chiant je comprends qu il y en ait qui prennent des boitiers iptv,2025-11-03 15:52:31
1866484026300854691,2024-12-10 15:04:04 +01:00,TheFarmingGuru,@free vous êtes toujours en activité ? Car ça fait 3 semaines que vous avez essayé de faire un trou dans mon mur pour faire passer la fibre sans réussir et depuis plus personne ne me répond ou ne me contacte... Comment faire pour réussir à avoir internet avec vous ?,vous êtes toujours en activité car ça fait 3 semaines que vous avez essayé de faire un trou dans mon mur pour faire passer la fibre sans réussir et depuis plus personne ne me répond ou ne me contacte comment faire pour réussir à avoir internet avec vous,2025-11-03 15:52:31
1866499565588988104,2024-12-10 16:05:48 +01:00,Joesterya2b,"@Freebox Bonjour,\nJe vous contacte ici car impossible de joindre votre service par téléphone : \nJ'ai résilié mon abonnement freebox en septembre, puis renvoyé mon matériel par relais colis (comme indiqué dans vos procédure)",bonjournje vous contacte ici car impossible de joindre votre service par téléphone njai résilié mon abonnement freebox en septembre puis renvoyé mon matériel par relais colis comme indiqué dans vos procédure,2025-11-03 15:52:31
1866530946867925093,2024-12-10 18:10:30 +01:00,antunes_philipp,@Freebox c'est quand que vous répondez à vos clients....\n20 minutes d'attente et vous raccrochez....!!!\nC'est quand que vous remettez la fibre à Scionzier?\nÇa fait 2 jours!!!,cest quand que vous répondez à vos clientsn20 minutes dattente et vous raccrochezncest quand que vous remettez la fibre à scionziernça fait 2 jours,2025-11-03 15:52:31
1866544280925319465,2024-12-10 19:03:29 +01:00,tr1shxz,@Xavier75 @Freebox \n\nPossible d'avoir internet ou je dois encore attendre 1 mois et demi de plus pour un rdv technicien ? Ça fait long la.,nnpossible davoir internet ou je dois encore attendre 1 mois et demi de plus pour un rdv technicien ça fait long la,2025-11-03 15:52:31
1866586431264620873,2024-12-10 21:50:59 +01:00,ftayac,@Freebox j’aimerais parler à un conseiller,jaimerais parler à un conseiller,2025-11-03 15:52:31
1866591971222999205,2024-12-10 22:13:00 +01:00,Juliendu75,@free bonjour \n\nJ'ai un souci avec ma box qui se coupe a Étape 2\nMerci,bonjour nnjai un souci avec ma box qui se coupe a étape 2nmerci,2025-11-03 15:52:31
1866595640194527701,2024-12-10 22:27:34 +01:00,Habib_Potter,"@Freebox bonsoir j’suis bloqué en étape 3d suite à une histoire d’écrasement de fibre, et ce sans prévenir \nDes infos ?\nDois-je résilier et passer à plus fiable ?",bonsoir jsuis bloqué en étape 3d suite à une histoire décrasement de fibre et ce sans prévenir ndes infos ndoisje résilier et passer à plus fiable,2025-11-03 15:52:31
1866630888202834238,2024-12-11 00:47:38 +01:00,BqrnedW3B,remet internet @Freebox,remet internet,2025-11-03 15:52:31
1866729522520826016,2024-12-11 07:19:34 +01:00,BusyspiderFr,Inédit : Bonne nouvelle avec un beau cadeau sur la migration @Freebox Révolution vers Freebox Ultra et certains abonnés @free qui peuvent en bénéficier. Faîtes vous partie des chanceux ? 🥰Comment le savoir ? Simple Tuto à lire pour avoir la réponse.🕷️\n\nhttps://t.co/ChhzIAtAJf https://t.co/S9HGMoKZls,inédit bonne nouvelle avec un beau cadeau sur la migration révolution vers freebox ultra et certains abonnés qui peuvent en bénéficier faîtes vous partie des chanceux comment le savoir simple tuto à lire pour avoir la réponsenn,2025-11-03 15:52:31
1866768698981470255,2024-12-11 09:55:15 +01:00,sul_tan000,Mais @free c’est trop !!! Tous les mois j’ai une coupure internet,mais cest trop tous les mois jai une coupure internet,2025-11-03 15:52:31
1866785139755507883,2024-12-11 11:00:35 +01:00,MizianRabeel,"@DPD_Fr @free\nBonjour,\nJe souscris un abonnement chez free. Je suis sensé recevoir la box le 10 décembre (SMS reçu).\nPas de colis, par téléphone une personne me répond comme un robot. \nJe n'ai plus internet pendant 24/48h et on me dit ""soyez patient""... \nMerci @free et @DPD_Fr",nbonjournje souscris un abonnement chez free je suis sensé recevoir la box le 10 décembre sms reçunpas de colis par téléphone une personne me répond comme un robot nje nai plus internet pendant 2448h et on me dit soyez patient nmerci et,2025-11-03 15:52:31
1866792291572371473,2024-12-11 11:29:00 +01:00,buroo95,Des incapables @Freebox,des incapables,2025-11-03 15:52:31
1866826501498286317,2024-12-11 13:44:56 +01:00,CryptoKeuf,@free Le seul FAI ou ont peut pas se connecter sur le jeu @DOFUSfr FF Je change d'opérateur,le seul fai ou ont peut pas se connecter sur le jeu ff je change dopérateur,2025-11-03 15:52:31
1866831685678932110,2024-12-11 14:05:32 +01:00,LeGeraldine,@Freebox on fait comment quand personne nous recontacte ? Ticket incident ouvert depuis 1 sem. Client pro !!,on fait comment quand personne nous recontacte ticket incident ouvert depuis 1 sem client pro,2025-11-03 15:52:31
1866849874630578302,2024-12-11 15:17:49 +01:00,GuillaumePorti2,@free tjs pas d’internet de tv rien ! On prend des rdv mais les techniciens n’appellent que moi qui suis au travail et pas là 2eme ligne de portable que nous avons chez eux de mon conjoint qui lui était à la maison pour eux…,tjs pas dinternet de tv rien on prend des rdv mais les techniciens nappellent que moi qui suis au travail et pas là 2eme ligne de portable que nous avons chez eux de mon conjoint qui lui était à la maison pour eux,2025-11-03 15:52:31
1866862975505797563,2024-12-11 16:09:52 +01:00,HebusDe,"Bonjour @free . J'ai un abonnement à 9.99€ à vie (si si), je voudrais savoir si je peux avoir de la 5G pour le même prix sans perdre cette offre commerciale ?",bonjour jai un abonnement à 999 à vie si si je voudrais savoir si je peux avoir de la 5g pour le même prix sans perdre cette offre commerciale,2025-11-03 15:52:31
1866866037880242217,2024-12-11 16:22:02 +01:00,Savage_Poultry,@free  Bonjour on a installer la fibre dans mon immeuble. C’est quand vous voulez ( ps je vis avec un débit de 20Mb/s ) \nMerci,bonjour on a installer la fibre dans mon immeuble cest quand vous voulez ps je vis avec un débit de 20mbs nmerci,2025-11-03 15:52:31
1866889299561681334,2024-12-11 17:54:28 +01:00,dlang57500,@Freebox quand allez vous enfin régler le problème du #wifi 2.4 ghz. Dommage ça fonctionnait avant la dernière mise à jour\nRappel l'essentiel de la domotique est en 2.4 ghz 😡😡😡 https://t.co/pebsWQXqb7,quand allez vous enfin régler le problème du 24 ghz dommage ça fonctionnait avant la dernière mise à journrappel lessentiel de la domotique est en 24 ghz,2025-11-03 15:52:31
1866893558579605574,2024-12-11 18:11:24 +01:00,Mathiasavec1t,Mais c’est insupportable !!! Impossibilité de prendre la fibre en plein #Paris ! Et pas de possibilité avant 10/25 ! Et là @free ne veut pas me vendre la #box5gFree mais seulement l’ADSL en 2024 ! Incroyable ! @Xavier75 🥺🥺🥺,mais cest insupportable impossibilité de prendre la fibre en plein et pas de possibilité avant 1025 et là ne veut pas me vendre la mais seulement ladsl en 2024 incroyable,2025-11-03 15:52:31
1866931956467867966,2024-12-11 20:43:58 +01:00,sylvielarminie1,@Freebox Suite à une résiliation du 9 octobre j'ai rendu le matériel dans le Relais Colis préconisé par FREE le 12 octobre et depuis ils me harcèlent et menacent de me faire payer le materiel alors que j'ai déjà répondu 3 fois à leur mail en joignant le justificatif de dépôt .,suite à une résiliation du 9 octobre jai rendu le matériel dans le relais colis préconisé par free le 12 octobre et depuis ils me harcèlent et menacent de me faire payer le materiel alors que jai déjà répondu 3 fois à leur mail en joignant le justificatif de dépôt,2025-11-03 15:52:31
1866954209960116573,2024-12-11 22:12:24 +01:00,Delamar7Laurent,@free 10 jours maintenant que ma ligne freebox fonctionne plus l assistance me répond dans 72h maximum votre ligne sera réparée j ai obtenu un rendez-vous avec un technicien pour vendredi matin  aucun technicien c es présenté et je reste en panne et sans réponse de free c nul,10 jours maintenant que ma ligne freebox fonctionne plus l assistance me répond dans 72h maximum votre ligne sera réparée j ai obtenu un rendezvous avec un technicien pour vendredi matin aucun technicien c es présenté et je reste en panne et sans réponse de free c nul,2025-11-03 15:52:31
1866959724123439129,2024-12-11 22:34:19 +01:00,becanenY,Qui a connu ça ici https://t.co/YquVvtogay,qui a connu ça ici,2025-11-03 15:52:31
1867091476926407026,2024-12-12 07:17:51 +01:00,hookidoki,"Chez @free avec leur abonnement c’est retour dans le passé ,comme quand on avait msn émule etc \nLa je veux juste faire une mise à jour et j’ai 3h d’attente avant de pouvoir commencé à bossé du coup , et je paye plein pot! et ne mon jamais proposé la fibre , c’est pas beau ça ? https://t.co/Z00bRIq2gY",chez avec leur abonnement cest retour dans le passé comme quand on avait msn émule etc nla je veux juste faire une mise à jour et jai 3h dattente avant de pouvoir commencé à bossé du coup et je paye plein pot et ne mon jamais proposé la fibre cest pas beau ça,2025-11-03 15:52:31
1867120843047817290,2024-12-12 09:14:33 +01:00,FMarcOlivier,"Bonjour @Xavier75 et la team @free, je souhaite passer la Freebox révolution que j’ai depuis plus de 10 ans à la #freeboxultra. Pour #noel2024, pourriez-vous m’offrir les frais depuis migration?\nMerci",bonjour et la team je souhaite passer la freebox révolution que jai depuis plus de 10 ans à la pour pourriezvous moffrir les frais depuis migrationnmerci,2025-11-03 15:52:31
1867147172635971705,2024-12-12 10:59:10 +01:00,DDDGrrrrrrr,"Bonjour @Xavier75 @free je viens de me rendre compte que vous me voler 9,99€ par mois depuis 5 mois grâce à une offre que vous mettez sans le consentement du client et qui reste à sa propre vigilance de résilier?\n\nC’est du vol \n\nFaites attention à vos factures!!!!",bonjour je viens de me rendre compte que vous me voler 999 par mois depuis 5 mois grâce à une offre que vous mettez sans le consentement du client et qui reste à sa propre vigilance de résiliernncest du vol nnfaites attention à vos factures,2025-11-03 15:52:31
1867164028486787562,2024-12-12 12:06:09 +01:00,Cyril2nd,Je suis le seul à avoir ma box free bloqué à l'étape 6 ??? #freebox #free #panne,je suis le seul à avoir ma box free bloqué à létape 6,2025-11-03 15:52:31
1867221589831348230,2024-12-12 15:54:52 +01:00,SuperCyprien,"Dites, @Free_1337, @Freebox, c'est quoi le problème actuellement dans l'Oise ?\nUne résolution prochaine est-elle programmée ?",dites cest quoi le problème actuellement dans loise nune résolution prochaine estelle programmée,2025-11-03 15:52:31
1867282291992789232,2024-12-12 19:56:05 +01:00,SnowCosplay,"@Freebox @free @altitude_infra Je croyais qu’il n’était pas possible de connaitre nos références &amp; emplacements sur l’armoire. Mais visiblement c’est pas trop le cas. Sérieusement, c’est le même problème plusieurs fois par an.\nVotre rôle est-il de satisfaire vos clients ?\n🤬🤬🤬 https://t.co/8cPpQjSqZd",je croyais quil nétait pas possible de connaitre nos références amp emplacements sur larmoire mais visiblement cest pas trop le cas sérieusement cest le même problème plusieurs fois par annvotre rôle estil de satisfaire vos clients n,2025-11-03 15:52:31
1867288437759656244,2024-12-12 20:20:30 +01:00,mcrafteur68,@free  comment avoir des infos free sur X? \nMerci,comment avoir des infos free sur x nmerci,2025-11-03 15:52:31
1867291784415490300,2024-12-12 20:33:48 +01:00,InatowKuuuun,"Jeudi, 12 décembre, 2024, 20h33min50sec.\nBon moment pour rappeler que free même avec la fibre c'est de la grosse merde n'allez jamais chez @free",jeudi 12 décembre 2024 20h33min50secnbon moment pour rappeler que free même avec la fibre cest de la grosse merde nallez jamais chez,2025-11-03 15:52:31
1867291855844442599,2024-12-12 20:34:05 +01:00,pierreboucard,"Bonsoir @Xavier75, Je viens d'écouter ton itw sur @franceculture où tu parles de l'échec de la Delta-Devialet pour cause d'embourgeoisement. Alors quand @free va-il répondre à BT et proposer une box ""fibre seule"" ? A moins que @free soit bloqué à vie sur des offres tripleplay...",bonsoir je viens découter ton itw sur où tu parles de léchec de la deltadevialet pour cause dembourgeoisement alors quand vail répondre à bt et proposer une box fibre seule a moins que soit bloqué à vie sur des offres tripleplay,2025-11-03 15:52:31
1867298645399269409,2024-12-12 21:01:04 +01:00,Petite_Tulipe_,"@free @Freebox Plus de connexion internet, plus de télé depuis plusieurs heures et aucune communication. Vous trouvez ça normal ? A quand le rétablissement du réseau ???? Marre de vos pannes à répétition !",plus de connexion internet plus de télé depuis plusieurs heures et aucune communication vous trouvez ça normal a quand le rétablissement du réseau marre de vos pannes à répétition,2025-11-03 15:52:31
1867301749783994501,2024-12-12 21:13:24 +01:00,AhlBaTaaaaard,"@free Dans les choux ce soir. Pas d'internet, un gros soucis avec vos Dns?",dans les choux ce soir pas dinternet un gros soucis avec vos dns,2025-11-03 15:52:31
1867303659903824244,2024-12-12 21:21:00 +01:00,LeVraiBaptyel,"Merci @free d'avoir laissé le stagiaire touché a votre réseau, j'ai plus d'internet chez moi😡\n\nJe prend sur ma 4G de Bouygues (300 Go ca va hein) mais bon c'est pas une vitesse fibre mdr😅",merci davoir laissé le stagiaire touché a votre réseau jai plus dinternet chez moinnje prend sur ma 4g de bouygues 300 go ca va hein mais bon cest pas une vitesse fibre mdr,2025-11-03 15:52:31
1867309361129042244,2024-12-12 21:43:39 +01:00,lebinkz,@Freebox il ce passe asse quoi ?,il ce passe asse quoi,2025-11-03 15:52:31
1867347822141747583,2024-12-13 00:16:29 +01:00,SavennWriter,"@free @Freebox :\nVous serait-il possible de cesser de nous couper Internet après 23h30, svp ?!\n\nD'abord parce que je paye pour ce service, toujours, sans aucun retard\net ensuite\nPARCE QU'IL  EXISTE  DES  GENS  AUTRES  QUE  LES  GRANDES  ENTREPRISES\nQUI  BOSSENT\nLA  NUIT.\n__",nvous seraitil possible de cesser de nous couper internet après 23h30 svp nndabord parce que je paye pour ce service toujours sans aucun retardnet ensuitenparce quil existe des gens autres que les grandes entreprisesnqui bossentnla nuitn__,2025-11-03 15:52:31
1867362234722398317,2024-12-13 01:13:45 +01:00,sanakro,"Salut @Freebox , petite question : à ma nouvelle adresse, la fibre est dispo partout autour et mon immeuble est ""en cours d'étude"". Ms pas moyen d'accéder au formulaire d'intérêt et le débit ADSL est vrt moisi... https://t.co/s5IkT2a5y4",salut petite question à ma nouvelle adresse la fibre est dispo partout autour et mon immeuble est en cours détude ms pas moyen daccéder au formulaire dintérêt et le débit adsl est vrt moisi,2025-11-03 15:52:31
1867519041323380935,2024-12-13 11:36:50 +01:00,KareemDerouich,@free  alors il faut appeler chaque deux semaines le service client pour ce débit ? Puis tomber sur des conseillers qui n’ont pas envie d’aider et te disent librement tu peux voir ailleurs.\nLe débit est catastrophique en plein 94.\n\n#freebox https://t.co/V0mIQdJAnM,alors il faut appeler chaque deux semaines le service client pour ce débit puis tomber sur des conseillers qui nont pas envie daider et te disent librement tu peux voir ailleursnle débit est catastrophique en plein 94nn,2025-11-03 15:52:31
1868986654708686879,2024-12-17 12:48:37 +01:00,clembarbaray,"@free @Xavier75 une vraie galère de prendre un abonnement chez vous. Bientôt en 2025, un abonnement prit depuis le 3 décembre et toujours pas internet, les techniciens ne savent pas quoi faire en arrivant à la maison et à chaque fois on me dit d’attendre 72h avant que 1/2",une vraie galère de prendre un abonnement chez vous bientôt en 2025 un abonnement prit depuis le 3 décembre et toujours pas internet les techniciens ne savent pas quoi faire en arrivant à la maison et à chaque fois on me dit dattendre 72h avant que 12,2025-11-03 15:52:31
1869001562405978461,2024-12-17 13:47:51 +01:00,neilgnali,@free médiocre la qualité du service.,médiocre la qualité du service,2025-11-03 15:52:31
1869362558404276295,2024-12-18 13:42:19 +01:00,sarkasme76,"@free , abonné fibre avec une box Delta, vous voulez me faire payer 49 € pour passer à une box ultra. Vous offrez la mutation vers ultra pour les  box moins performantes Dois dois passer en box inférieure 1 mois  puis aller sur Ultra pour pas avoir l'impression d'être volé?",abonné fibre avec une box delta vous voulez me faire payer 49 pour passer à une box ultra vous offrez la mutation vers ultra pour les box moins performantes dois dois passer en box inférieure 1 mois puis aller sur ultra pour pas avoir limpression dêtre volé,2025-11-03 15:52:31
1869394093652300170,2024-12-18 15:47:38 +01:00,Rgbag16,"@Xavier75 @free je suis passé a la fibre y a même pas deux mois, c'est déjà en panne avec un technicien programmé pour dans deux jours. Quitter @Starlink était une grosse connerie, jamais eu de pannes de plus de 30 min en deux ans",je suis passé a la fibre y a même pas deux mois cest déjà en panne avec un technicien programmé pour dans deux jours quitter était une grosse connerie jamais eu de pannes de plus de 30 min en deux ans,2025-11-03 15:52:31
1870904516507279473,2024-12-22 19:49:31 +01:00,petitpoulet93,@free merci 15 jours sans internet et des rendez-vous toujours reportés alors que nous sommes en grande agglomération !!! \nQuand le correspondant internet vous répond d’être patient chaque jour c’est USANT !!!,merci 15 jours sans internet et des rendezvous toujours reportés alors que nous sommes en grande agglomération nquand le correspondant internet vous répond dêtre patient chaque jour cest usant,2025-11-03 15:52:31
1870920409782308953,2024-12-22 20:52:40 +01:00,jossie298,@Freebox bonsoir. Pourquoi le ss titrage n'est pas possible sur JT de TF1??,bonsoir pourquoi le ss titrage nest pas possible sur jt de tf1,2025-11-03 15:52:31
1870945565397352534,2024-12-22 22:32:37 +01:00,e_c3m,"@free bonjour, j’ai renvoyé mes équipements, mais vous me dites que je dois les renvoyer. Que fait on ?",bonjour jai renvoyé mes équipements mais vous me dites que je dois les renvoyer que fait on,2025-11-03 15:52:31
1873803097023406520,2024-12-30 19:47:26 +01:00,johan38000,@Freebox bjr\nJ’ai un soucis avec vos services.\nJe vous ai retourné une box y a deux semaines et j’ai la preuve de dépôt .\nVous m’informez n’avoir rien reçu,bjrnjai un soucis avec vos servicesnje vous ai retourné une box y a deux semaines et jai la preuve de dépôt nvous minformez navoir rien reçu,2025-11-03 15:52:31
1874134570687439104,2024-12-31 17:44:36 +01:00,DespretzC,"Bon @free ça va faire 1 mois qu'on a plus de fibre, donc plus internet/telephone/tv... c'est la 2eme fois qu'on nous décommande le rdv poser pour cette fois si comme raison une panne free générale 🤨 sachant qu'on doit intervenir sur le fil extérieur car c'est là le pb",bon ça va faire 1 mois quon a plus de fibre donc plus internettelephonetv cest la 2eme fois quon nous décommande le rdv poser pour cette fois si comme raison une panne free générale sachant quon doit intervenir sur le fil extérieur car cest là le pb,2025-11-03 15:52:31
1874439333283074051,2025-01-01 13:55:37 +01:00,euskadi31,"Hey @free, ma Freebox Ultra reste bloqué sur l’étape 3d, une idée ? Votre service client est off aujourd’hui…",hey ma freebox ultra reste bloqué sur létape 3d une idée votre service client est off aujourdhui,2025-11-03 15:52:31
1874767194292461692,2025-01-02 11:38:25 +01:00,kmidupon,@free étant donné qu'après presque 2 mois sans internet toujours rien n'est fait je me demandais qui est ce que vous conseillez entre un FAI de la ffdn ou orange ? J'aimerai bien avoir un FAI compétent m'voyez,étant donné quaprès presque 2 mois sans internet toujours rien nest fait je me demandais qui est ce que vous conseillez entre un fai de la ffdn ou orange jaimerai bien avoir un fai compétent mvoyez,2025-11-03 15:52:31
1876599350111191519,2025-01-07 12:58:45 +01:00,MatthieuGariel,"Passage d’un technicien @Freebox pour la 4e fois en 9 jours.\n\nPar contre, débrancher la fibre et la rebrancher dans l’immeuble, je peux le faire aussi.\n\n@free peut-être pourriez-vous corriger les problèmes sur votre infra plutôt que faire courir vos techniciens inutilement ?",passage dun technicien pour la 4e fois en 9 joursnnpar contre débrancher la fibre et la rebrancher dans limmeuble je peux le faire aussinn peutêtre pourriezvous corriger les problèmes sur votre infra plutôt que faire courir vos techniciens inutilement,2025-11-03 15:52:31
1876600901047333244,2025-01-07 13:04:55 +01:00,La_Mwk,Free qui me prélèvent par « erreur » en plus sur mon forfait et là qui me prélèvent en plus sur ma freebox ??? @free,free qui me prélèvent par erreur en plus sur mon forfait et là qui me prélèvent en plus sur ma freebox,2025-11-03 15:52:31
1876683594384699632,2025-01-07 18:33:30 +01:00,WeeDoWxl,@Freebox vous répondez au bout d'un moment sur vos service en ligne ou bien ?,vous répondez au bout dun moment sur vos service en ligne ou bien,2025-11-03 15:52:31
1889604656633946267,2025-02-12 10:17:11 +01:00,Bolovar_BooZ,"@free \n\nBonjour,\nMon compte mail semble bloqué.\nQuand je fais mot de passe oublié, le process est un envoi postal, or je n'habite plus à l'adresse que vous connaissez.\nPouvez-vous me proposer un autre moyen pour réinitialiser mon mot de passe ?",nnbonjournmon compte mail semble bloquénquand je fais mot de passe oublié le process est un envoi postal or je nhabite plus à ladresse que vous connaisseznpouvezvous me proposer un autre moyen pour réinitialiser mon mot de passe,2025-11-03 15:52:31
1891844208920576101,2025-02-18 14:36:22 +01:00,bonuxfontanet,"@Xavier75 @Freebox salut Xavier j'ai demandé la résiliation de ma box et sur la facture, on me colle un petit ""canal series"" what the...? https://t.co/zC8gGEkGoP",salut xavier jai demandé la résiliation de ma box et sur la facture on me colle un petit canal series what the,2025-11-03 15:52:31
1891854662971584972,2025-02-18 15:17:55 +01:00,Bricni57,"Bravo @free , boite mail soi-disant piratée, plus moyen de l'ouvrir. 1044 et boutique, à pars vouloir vendre, rien, Nada. Si, créer une nouvelle adresse... mes parents ont 85 ans, non, ils ne vont pas changer d'adresse mail! Une honte! Vive le progrès...",bravo boite mail soidisant piratée plus moyen de louvrir 1044 et boutique à pars vouloir vendre rien nada si créer une nouvelle adresse mes parents ont 85 ans non ils ne vont pas changer dadresse mail une honte vive le progrès,2025-11-03 15:52:31
1891898597945254321,2025-02-18 18:12:30 +01:00,AlexandreD5600,@free bonjour 👋 est-ce que le débit par les\nWifi est-ce que c'est respecter mieux que orange \nWifi 2Gbits par équipement ? Bien sûr en fonction d'un nombre Wifi 5 6 6e,bonjour estce que le débit par lesnwifi estce que cest respecter mieux que orange nwifi 2gbits par équipement bien sûr en fonction dun nombre wifi 5 6 6e,2025-11-03 15:52:31
1892005449756553264,2025-02-19 01:17:05 +01:00,Zqrr_692,@Xavier75 @free @Freebox  J’en peux plus 3h de téléchargement  pour 98GO fais quelque chose,jen peux plus 3h de téléchargement pour 98go fais quelque chose,2025-11-03 15:52:31
1892146617752400322,2025-02-19 10:38:02 +01:00,hypnotix_sh,@Xavier75 et @free \nVous pensez vraiment que l'on n'aura pas vu le design caché de la Freebox Ultra dans la pub de la Pop ? https://t.co/e1EqCn3Cqt,et nvous pensez vraiment que lon naura pas vu le design caché de la freebox ultra dans la pub de la pop,2025-11-03 15:52:31
1892152074332201439,2025-02-19 10:59:43 +01:00,KTskte,@free comment vs contacter quand vs êtes injoignable au tel ??!,comment vs contacter quand vs êtes injoignable au tel,2025-11-03 15:52:31
1892167295906017747,2025-02-19 12:00:12 +01:00,CarpisCecile,@Freebox trop longtemps que ça dure ça va faire 1 an qu'on ne peut plus passer ou recevoir d'appel quand on est à l'interieur de notre logement on fait rien.. Maintenant la box se Mets à mouliner n'importe quand pendant 1h le replay marche pas. On nous dit pas d'anomalies ?,trop longtemps que ça dure ça va faire 1 an quon ne peut plus passer ou recevoir dappel quand on est à linterieur de notre logement on fait rien maintenant la box se mets à mouliner nimporte quand pendant 1h le replay marche pas on nous dit pas danomalies,2025-11-03 15:52:31
1892321961180578065,2025-02-19 22:14:47 +01:00,Kamiza2033,Bjr @free pouvez vous m'expliquer pourquoi à chaque fois que je rentre chez mes parents la box tombe en panne ? Est-ce que vous me détestez ? Jpp je rentre trop heureuse d'avoir la fibre et de pouvoir jouer avec ma crush mais en fait non,bjr pouvez vous mexpliquer pourquoi à chaque fois que je rentre chez mes parents la box tombe en panne estce que vous me détestez jpp je rentre trop heureuse davoir la fibre et de pouvoir jouer avec ma crush mais en fait non,2025-11-03 15:52:31
1892567865061937212,2025-02-20 14:31:55 +01:00,xuoan,"Chère @Freebox,\n\nCela fait plus de 2 mois que vous promettez un raccordement à la fibre.\n\n- Un coup, le technicien a un câble trop court.\n\n- La fois d'après, les 2 techniciens oublient leur camion nacelle.\n\n- La 3ᵉ fois, le rendez-vous est annulé soi-disant à cause de la mairie.",chère nncela fait plus de 2 mois que vous promettez un raccordement à la fibrenn un coup le technicien a un câble trop courtnn la fois daprès les 2 techniciens oublient leur camion nacellenn la 3ᵉ fois le rendezvous est annulé soidisant à cause de la mairie,2025-11-03 15:52:31
1892893594907746414,2025-02-21 12:06:15 +01:00,C2LN3,"Bonjour @free j'ai initié  mon déménagement depuis le 22 janvier.\nCe matin 😁 ça devait être fait.\nLe technicien appelle, il n'est pas au bon endroit : bon nom, bon tél,  mais mauvaise adresse... à 500km de chez moi🤔😵‍💫🤬.\nT'as Free, t'as tout compris ????",bonjour jai initié mon déménagement depuis le 22 janviernce matin ça devait être faitnle technicien appelle il nest pas au bon endroit bon nom bon tél mais mauvaise adresse à 500km de chez mointas free tas tout compris,2025-11-03 15:52:31
1892925587473186828,2025-02-21 14:13:23 +01:00,cpa521,"@free @Freebox @Xavier75 Pas de fibre depuis le 14/01. Les équipes Free cherchent, soi disant, une nacelle pour réparer ma fibre aérienne à 2,5 m de hauteur. Une honte de service au clients.",pas de fibre depuis le 1401 les équipes free cherchent soi disant une nacelle pour réparer ma fibre aérienne à 25 m de hauteur une honte de service au clients,2025-11-03 15:52:31
1892961581257867422,2025-02-21 16:36:25 +01:00,nuitsoxygene,Toujours en attente depuis trois mois de la résolution de mon dossier de raccordement à la fibre optique \n@Free @Freemobile @Freebox. Service 3244 inefficace.,toujours en attente depuis trois mois de la résolution de mon dossier de raccordement à la fibre optique n service 3244 inefficace,2025-11-03 15:52:31
1892977970517627308,2025-02-21 17:41:32 +01:00,souley_chag,"@free faut aller se faire foutre avec votre service client à chier, votre wifi a chier, rien ne vous appartient vous vous faites du blé en louant les services des autres. Vous êtes honteux, une entreprise de cette envergure ne devrais pas avoir un service aussi excecrable.",faut aller se faire foutre avec votre service client à chier votre wifi a chier rien ne vous appartient vous vous faites du blé en louant les services des autres vous êtes honteux une entreprise de cette envergure ne devrais pas avoir un service aussi excecrable,2025-11-03 15:52:31
1893233466885443796,2025-02-22 10:36:47 +01:00,yepadenom,"5eme jour sans internet chez @free \nLa box est sur l’étape 2 depuis mardi, je n’en peux plus de cette étape 2!",5eme jour sans internet chez nla box est sur létape 2 depuis mardi je nen peux plus de cette étape 2,2025-11-03 15:52:31
1893240166929535058,2025-02-22 11:03:25 +01:00,Djnono49,Honte à @free car une panne fibre il mette 15 jours à venir dépanner alors que j’ai signalé que j’avais besoin du réseau pour les personnes atteint de maladie qui peuvent avoir besoin de moi! Et je reste injoignable. @Freebox 15 sans internet!! J’espère aussi un geste commercial,honte à car une panne fibre il mette 15 jours à venir dépanner alors que jai signalé que javais besoin du réseau pour les personnes atteint de maladie qui peuvent avoir besoin de moi et je reste injoignable 15 sans internet jespère aussi un geste commercial,2025-11-03 15:52:31
1893284009448268220,2025-02-22 13:57:38 +01:00,NadjiBoyy,"@free rendez-moi internet peut être nan ? \nÇa fait deux jours que j’appelle, avant hier on me dit X, hier Y, et la Z frr \nFaut pas prendre les gens pour des cons nn plus.",rendezmoi internet peut être nan nça fait deux jours que jappelle avant hier on me dit x hier y et la z frr nfaut pas prendre les gens pour des cons nn plus,2025-11-03 15:52:31
1893288969132994963,2025-02-22 14:17:20 +01:00,_angax,@free @Freebox BONJOUR\nMon chat a ouvert et a sectionné le fil rouge de mon boîtier fibre. HIER votre technicien est venu réparer et a fait ça avec .. DU SCOTCH ça n’a pas tenu et je suis en guerre avec votre assistance pour avoir un nv rdv mais je dois attendre que -,bonjournmon chat a ouvert et a sectionné le fil rouge de mon boîtier fibre hier votre technicien est venu réparer et a fait ça avec du scotch ça na pas tenu et je suis en guerre avec votre assistance pour avoir un nv rdv mais je dois attendre que,2025-11-03 15:52:31
1893692305552416904,2025-02-23 17:00:03 +01:00,florian_harris,"@free \nBonjour,\nJe vous ai écrit à 3 reprises par mail : inscription@freetelecom.f suite à vos relances concernant la restitution du matériel. \nJ'ai précisé le relais colis concerné ainsi que le bordereau !\nJamais eu de réponse.\nEt aujourd'hui je reçois la facture n°1350928431",nbonjournje vous ai écrit à 3 reprises par mail inscriptionf suite à vos relances concernant la restitution du matériel njai précisé le relais colis concerné ainsi que le bordereau njamais eu de réponsenet aujourdhui je reçois la facture n1350928431,2025-11-03 15:52:31
1893978033565909033,2025-02-24 11:55:26 +01:00,arnaudbasement,"Scandaleux ! J’ai souscrit à la fibre chez @Free, le technicien a coupé mon ancienne connexion @bouyguestelecom et maintenant je n’ai plus internet. Service client qui me balade, aucun rdv garanti, je suis bloqué. C’est ça l’accueil d’un nouveau client ? Urgent ! #Free #Freebox",scandaleux jai souscrit à la fibre chez le technicien a coupé mon ancienne connexion et maintenant je nai plus internet service client qui me balade aucun rdv garanti je suis bloqué cest ça laccueil dun nouveau client urgent,2025-11-03 15:52:31
1893986492210405582,2025-02-24 12:29:02 +01:00,Neo_Dessinator,@free : Hello ! Je souhaite passer à la fibre chez vous. Je suis sans engagement auprès d'un autre opérateur. comment procéder pour que vous preniez en charge le passage à la fibre et la résiliation de l'autre abonnement avec migration du numéro de téléphone fixe ?,hello je souhaite passer à la fibre chez vous je suis sans engagement auprès dun autre opérateur comment procéder pour que vous preniez en charge le passage à la fibre et la résiliation de lautre abonnement avec migration du numéro de téléphone fixe,2025-11-03 15:52:31
1894096818209763449,2025-02-24 19:47:26 +01:00,Darylia22,Bon @free c’est possible d’avoir internet ? Nan parce que j’veux bien j’ai changé d’offre je paie plus cher mais si c’est pour avoir la box qui redémarre en boucle c’est pas la peine,bon cest possible davoir internet nan parce que jveux bien jai changé doffre je paie plus cher mais si cest pour avoir la box qui redémarre en boucle cest pas la peine,2025-11-03 15:52:31
1894349889405898789,2025-02-25 12:33:03 +01:00,Rom1gmax,"@Xavier75, cela fait maintenant 20 ans que mes parents sont fidèles à vos services avec @free. Depuis maintenant 5 jours il n’ont plus d’internet et aucune solution n’est proposée par vos services pour envoyer un technicien. @free est en perte de professionnalisme…..",cela fait maintenant 20 ans que mes parents sont fidèles à vos services avec depuis maintenant 5 jours il nont plus dinternet et aucune solution nest proposée par vos services pour envoyer un technicien est en perte de professionnalisme,2025-11-03 15:52:31
1894384652229452060,2025-02-25 14:51:11 +01:00,Snoopbabas,@Freebox Impossible pour vos services de prendre en compte ma demande de résiliation... Cela traine et on ne revient pas vers moi...\nJe bloque les prélèvements le mois prochain et dépose ma delta devant votre boutique ?,impossible pour vos services de prendre en compte ma demande de résiliation cela traine et on ne revient pas vers moinje bloque les prélèvements le mois prochain et dépose ma delta devant votre boutique,2025-11-03 15:52:31
1894482892274700572,2025-02-25 21:21:33 +01:00,wa7chito_212,@free c’est quoi le but de payer une PUTAIN DE FIBRE ET AVOIR LA NOUVELLE FREEBOX DELTA SI CEST POUR BUG TOUS LES 2 MINUTES ET FREEZE CONSTAMMENT EN PLEINE GAME TOUTES LES 30 SECONDES,cest quoi le but de payer une putain de fibre et avoir la nouvelle freebox delta si cest pour bug tous les 2 minutes et freeze constamment en pleine game toutes les 30 secondes,2025-11-03 15:52:31
1894498510629654705,2025-02-25 22:23:37 +01:00,damien42123,"Wtf @tf1 @free \nOn peut plus mettre pause et avancer les pubs ? C’est un truc de fou comment la technologie régresse, ça fait 10 ans qu’on pouvait le faire.",wtf non peut plus mettre pause et avancer les pubs cest un truc de fou comment la technologie régresse ça fait 10 ans quon pouvait le faire,2025-11-03 15:52:31
1894721200129012015,2025-02-26 13:08:30 +01:00,Lasse60540931,"Possible d'avoir une information sur la panne Freebox a Epinay sur seine, du 17/02/2025 à 8h au 21/02/2025 à 18h \nNous sommes le 26/012/2025 toujours pas de connexion .\nLes rendez-vous téléphoniques pris en boutique , ne sont pas respectés c'est épuisant #freebox @free",possible davoir une information sur la panne freebox a epinay sur seine du 17022025 à 8h au 21022025 à 18h nnous sommes le 260122025 toujours pas de connexion nles rendezvous téléphoniques pris en boutique ne sont pas respectés cest épuisant,2025-11-03 15:52:31
1894843689123418306,2025-02-26 21:15:14 +01:00,Menulis___,"J’ai plus internet avec ma freebox,  @Freebox @Xavier75 AIDEZ MOIIIIII  j’en ai besoin pour travailler 😔",jai plus internet avec ma freebox aidez moiiiiii jen ai besoin pour travailler,2025-11-03 15:52:31
1894886009415889099,2025-02-27 00:03:24 +01:00,GamersLivePlus,"@free Bonsoir, j'essaie d'appeler le service client ce mercredi soir vers 19 h. Après plusieurs interlocuteurs, je n'ai toujours pas de réponse concernant ma demande de rétractation pour ma commande réalisée ce mardi. Je suis vraiment déçu et vraiment peur de perdre mes numéros.",bonsoir jessaie dappeler le service client ce mercredi soir vers 19 h après plusieurs interlocuteurs je nai toujours pas de réponse concernant ma demande de rétractation pour ma commande réalisée ce mardi je suis vraiment déçu et vraiment peur de perdre mes numéros,2025-11-03 15:52:31
1895292960826368084,2025-02-28 03:00:29 +01:00,Nathan378243,"@free la wifi qui marche pas, 4g qui marche pas, 5g qui marche pas y’en a marre !!!",la wifi qui marche pas 4g qui marche pas 5g qui marche pas yen a marre,2025-11-03 15:52:31
1895415688615076119,2025-02-28 11:08:09 +01:00,blackice747,@free bonjour je viens de commander une box free mais je me suis tromper de compte bancaire ?,bonjour je viens de commander une box free mais je me suis tromper de compte bancaire,2025-11-03 15:52:31
1895802554505904616,2025-03-01 12:45:25 +01:00,vincent_davy,@free Bonjour une question sur votre offre freebox pop : l'ONT est déportable ou c'est inclus forcement dans la box (PTO dans le garage...) ?  \nAutre question : le boitier TV est en wifi ou en CPL ?\nMerci et bonne journée,bonjour une question sur votre offre freebox pop lont est déportable ou cest inclus forcement dans la box pto dans le garage nautre question le boitier tv est en wifi ou en cpl nmerci et bonne journée,2025-11-03 15:52:31
1896163290499502341,2025-03-02 12:38:52 +01:00,Fourie_Brice,"@Freebox Salut, mes parents n'ont plus internet depuis Vendredi, impossible d'avoir quelqu'un au téléphone. Ce serait possible d'avoir de l'aide, sachant qu'ils sont abonnés chez vous depuis plus de 15 ans ? Merci",salut mes parents nont plus internet depuis vendredi impossible davoir quelquun au téléphone ce serait possible davoir de laide sachant quils sont abonnés chez vous depuis plus de 15 ans merci,2025-11-03 15:52:31
1896503249823568107,2025-03-03 11:09:44 +01:00,KireiYouss,Ne pas avoir internet et utiliser sa 5g à foison sans savoir quand est ce que j'aurais de nouveau du net est un peu chiant @Freebox y a moyen d'accélérer la procédure de déménagement ou pas mdr,ne pas avoir internet et utiliser sa 5g à foison sans savoir quand est ce que jaurais de nouveau du net est un peu chiant y a moyen daccélérer la procédure de déménagement ou pas mdr,2025-11-03 15:52:31
1896515083293036711,2025-03-03 11:56:46 +01:00,vincent_garin,"@free @Freebox Bonjour Free, 1 mois et demi que j'attends d'être raccordé et toujours impossible d'avoir un rendez vous. Et il parait que mon dossier est prioritaire depuis plus de 15 jours...",bonjour free 1 mois et demi que jattends dêtre raccordé et toujours impossible davoir un rendez vous et il parait que mon dossier est prioritaire depuis plus de 15 jours,2025-11-03 15:52:31
1896527580620365942,2025-03-03 12:46:25 +01:00,Ryyyyyyad,"Bonjour @free, pourquoi je n'arrive pas à joindre vos services ???\nJai accès qu'au service vocal qui ne répond pas à mes questions.",bonjour pourquoi je narrive pas à joindre vos services njai accès quau service vocal qui ne répond pas à mes questions,2025-11-03 15:52:31
1896567290294067549,2025-03-03 15:24:13 +01:00,pedro1807,"@Freebox bonjour, j'ai reçu un email que vous m'informiez que je n'ai retourné pas la free box. Mais j'avais les envoyés dedans le délai correct.",bonjour jai reçu un email que vous minformiez que je nai retourné pas la free box mais javais les envoyés dedans le délai correct,2025-11-03 15:52:31
1896576881581060443,2025-03-03 16:02:19 +01:00,Yvanleman,"Coucou! @Xavier75  @Freebox, 1\n semaine que nos salariés ne peuvent travailler à cause d’une panne Free. Plein de tickets ouverts, un technicien va passer mais ne passe pas… si jamais ça peut accélérer les choses y’a un @lidlfrance pas loin 😉",coucou 1n semaine que nos salariés ne peuvent travailler à cause dune panne free plein de tickets ouverts un technicien va passer mais ne passe pas si jamais ça peut accélérer les choses ya un pas loin,2025-11-03 15:52:31
1896947024895115718,2025-03-04 16:33:08 +01:00,DavidGaizord,@free comment avoir quelqu’un quand on veut passer à la fibre et avoir un installateur compétent ?,comment avoir quelquun quand on veut passer à la fibre et avoir un installateur compétent,2025-11-03 15:52:31
1897000114465726612,2025-03-04 20:04:06 +01:00,jeremyparayre,@Freebox @free j ai fait une demande de déménagement de mon abonnement mais visiblement vous avez compris que c’etait un nouvel abo avec livraison d’une box dans un appart où je ne suis pas encore. Help ! @Xavier75,j ai fait une demande de déménagement de mon abonnement mais visiblement vous avez compris que cetait un nouvel abo avec livraison dune box dans un appart où je ne suis pas encore help,2025-11-03 15:52:31
1897316045154607392,2025-03-05 16:59:30 +01:00,Traaanaelle,Yo @free y'a moyen de savoir pourquoi la vitesse de ma connexion a été divisée par 10 svp ?,yo ya moyen de savoir pourquoi la vitesse de ma connexion a été divisée par 10 svp,2025-11-03 15:52:31
1897342296137560280,2025-03-05 18:43:48 +01:00,CestLeR_,@Freebox s’agirait de se bouger pour remettre les services en place non ?,sagirait de se bouger pour remettre les services en place non,2025-11-03 15:52:31
1897383054479646885,2025-03-05 21:25:46 +01:00,gwynplainehugo,"@Freebox bonjour,\nMa box est bloquée à l’étape 4 depuis ce matin. Visiblement je dois prendre rdv avec un technicien mais impossible via mon espace abonné. Comment faire svp ?",bonjournma box est bloquée à létape 4 depuis ce matin visiblement je dois prendre rdv avec un technicien mais impossible via mon espace abonné comment faire svp,2025-11-03 15:52:31
1897712586734362845,2025-03-06 19:15:13 +01:00,camichtoo,"@Freebox Bonjour, cela fait un mois que nous avons souscrit à un abonnement Freebox. Le suivi de notre dossier est toujours bloqué à l’étape 1, nous n’avons toujours pas reçu la box. \nPourriez vous revenir vers nous afin d’apporter une solution à notre problème.",bonjour cela fait un mois que nous avons souscrit à un abonnement freebox le suivi de notre dossier est toujours bloqué à létape 1 nous navons toujours pas reçu la box npourriez vous revenir vers nous afin dapporter une solution à notre problème,2025-11-03 15:52:31
1898074508751208585,2025-03-07 19:13:22 +01:00,yshzr,@free @Xavier75 possible de discuter en dm d'un problème qui m'arrive chez vous dont j'arrive absolument pas à avoir d'informations svp ? 😪😮‍💨,possible de discuter en dm dun problème qui marrive chez vous dont jarrive absolument pas à avoir dinformations svp,2025-11-03 15:52:31
1899767694175457356,2025-03-12 11:21:28 +01:00,TandrayenS,"@Freebox bonjour, nous avons un rupture service internet fibre depuis 2 semaines La Garenne-Colombes et toujours zéro info sur le délai de rétablissement…:-( Boîtier 4G backup qui a été fourni a bcp de coupures, difficile de continuer comme ça…pouvez-vous aider à accélérer ?",bonjour nous avons un rupture service internet fibre depuis 2 semaines la garennecolombes et toujours zéro info sur le délai de rétablissement boîtier 4g backup qui a été fourni a bcp de coupures difficile de continuer comme çapouvezvous aider à accélérer,2025-11-03 15:52:31
1899848229543428473,2025-03-12 16:41:30 +01:00,LoubardJr,@Freebox bonjour j’aurais besoin d’aide pour comprendre une facture a propos de ma ligne résiliée. Ma ligne : 04 26 09 42 05,bonjour jaurais besoin daide pour comprendre une facture a propos de ma ligne résiliée ma ligne 04 26 09 42 05,2025-11-03 15:52:31
1899898852897087998,2025-03-12 20:02:39 +01:00,laurekikinou,"@free bonjour, j’ai renvoyé ma box suite résiliation de mon abonnement : je reçois des mails de non réception. Où envoyer la preuve de mon retour ? Merci",bonjour jai renvoyé ma box suite résiliation de mon abonnement je reçois des mails de non réception où envoyer la preuve de mon retour merci,2025-11-03 15:52:31
1900683776771965437,2025-03-15 00:01:40 +01:00,ErwanOrl,"On vous dérange pas @free @Freebox ?\nOn vous fait une demande de résiliation, vous nous dites recevoir cette demande et nous envoyer les papiers pour renvoyer le matériel et votre réponse c’est ça alors que le matériel est bien reparti chez vous ? https://t.co/2kYsTIYHRQ",on vous dérange pas non vous fait une demande de résiliation vous nous dites recevoir cette demande et nous envoyer les papiers pour renvoyer le matériel et votre réponse cest ça alors que le matériel est bien reparti chez vous,2025-11-03 15:52:31
1901335914762100748,2025-03-16 19:13:01 +01:00,Navy_237,@Freebox bonjour vous pouvez m'expliquer pourquoi est ce que je suis dans l'incapacité d'accéder aussi bien à la freebox et au Wi-Fi depuis plus d'un mois malgré que j'écris à l'assistance chaque jour et que je continu à être débité pour le paiement de la facture alors que je ne,bonjour vous pouvez mexpliquer pourquoi est ce que je suis dans lincapacité daccéder aussi bien à la freebox et au wifi depuis plus dun mois malgré que jécris à lassistance chaque jour et que je continu à être débité pour le paiement de la facture alors que je ne,2025-11-03 15:52:31
1901652619317104666,2025-03-17 16:11:30 +01:00,Mj0423Mrfreez,@free \nProblème de box depuis octobre …. \nVotre sav a pas la fibre très très professionnel ? \nVous faites les mort sauf pour prélever \nBravo,nproblème de box depuis octobre nvotre sav a pas la fibre très très professionnel nvous faites les mort sauf pour prélever nbravo,2025-11-03 15:52:31
1901885464719532236,2025-03-18 07:36:44 +01:00,RUN_IX,"📣 𝗟𝗮 𝗱𝗲́𝗰𝗹𝗮𝗿𝗮𝘁𝗶𝗼𝗻 𝗱𝘂 𝗷𝗼𝘂𝗿 ! C'est la mise au point de Jimmy Gressier (🇫🇷) après son nouveau 𝗿𝗲𝗰𝗼𝗿𝗱 𝗱’𝗘𝘂𝗿𝗼𝗽𝗲 du 5 kilomètres sur route ce dimanche à Lille : \n\n« 𝘾’𝙚́𝙩𝙖𝙞𝙩 𝙡’𝙤𝙘𝙘𝙖𝙨𝙞𝙤𝙣 𝙥𝙤𝙪𝙧 𝙢𝙤𝙞 𝙙𝙚 𝙩𝙚𝙨𝙩𝙚𝙧 𝙡𝙚𝙨 𝙘𝙝𝙖𝙪𝙨𝙨𝙪𝙧𝙚𝙨 𝙘𝙖𝙧𝙗𝙤𝙣𝙚 𝙆𝙞𝙥𝙧𝙪𝙣 𝙥𝙤𝙪𝙧 𝙡𝙖 𝙥𝙧𝙚𝙢𝙞𝙚̀𝙧𝙚 𝙛𝙤𝙞𝙨 𝙚𝙣 𝙘𝙤𝙢𝙥𝙚́𝙩𝙞𝙩𝙞𝙤𝙣 𝙨𝙪𝙧 𝙧𝙤𝙪𝙩𝙚. 𝘼̀ 𝙡’𝙖𝙣𝙣𝙤𝙣𝙘𝙚 𝙙𝙚 𝙢𝙖 𝙨𝙞𝙜𝙣𝙖𝙩𝙪𝙧𝙚 𝙖𝙫𝙚𝙘 𝙚𝙪𝙭 : 𝙗𝙚𝙖𝙪𝙘𝙤𝙪𝙥 𝙙𝙚 𝙜𝙚𝙣𝙨 𝙤𝙣𝙩 𝙘𝙧𝙞𝙩𝙞𝙦𝙪𝙚́ 𝙢𝙤𝙣 𝙘𝙝𝙤𝙞𝙭, 𝙦𝙪𝙚 𝙘’𝙚́𝙩𝙖𝙞𝙩 𝙪𝙣𝙞𝙦𝙪𝙚𝙢𝙚𝙣𝙩 𝙥𝙤𝙪𝙧 𝙡’𝙖𝙧𝙜𝙚𝙣𝙩. 𝙄𝙡𝙨 𝙙𝙤𝙪𝙩𝙖𝙞𝙚𝙣𝙩 𝙙𝙚 𝙡𝙖 𝙘𝙤𝙢𝙥𝙚́𝙩𝙚𝙣𝙘𝙚 𝙙𝙚 𝙆𝙞𝙥𝙧𝙪𝙣 𝙖̀ 𝙥𝙖𝙧𝙫𝙚𝙣𝙞𝙧 𝙖̀ 𝙥𝙧𝙤𝙙𝙪𝙞𝙧𝙚 𝙙𝙚𝙨 𝙘𝙝𝙖𝙪𝙨𝙨𝙪𝙧𝙚𝙨 𝙘𝙤𝙢𝙥𝙚́𝙩𝙞𝙩𝙞𝙫𝙚𝙨. 𝙈𝙤𝙞, 𝙟𝙚 𝙡𝙚 𝙨𝙖𝙫𝙖𝙞𝙨 𝙖𝙫𝙖𝙣𝙩 𝙩𝙤𝙪𝙩 𝙡𝙚 𝙢𝙤𝙣𝙙𝙚 𝙘𝙖𝙧 𝙟’𝙖𝙫𝙖𝙞𝙨 𝙫𝙪 𝙡𝙚𝙨 𝙥𝙧𝙤𝙙𝙪𝙞𝙩𝙨, 𝙟’𝙚́𝙩𝙖𝙞𝙨 𝙘𝙚𝙧𝙩𝙖𝙞𝙣 𝙙𝙚 𝙢𝙤𝙣 𝙘𝙝𝙤𝙞𝙭 𝙚𝙣 𝙨𝙞𝙜𝙣𝙖𝙣𝙩 𝙖𝙫𝙚𝙘 𝙚𝙪𝙭. 𝘾’𝙚𝙨𝙩 𝙪𝙣𝙚 𝙜𝙧𝙖𝙣𝙙𝙚 𝙛𝙞𝙚𝙧𝙩𝙚́ 𝙥𝙤𝙪𝙧 𝙢𝙤𝙞 𝙙’𝙖𝙫𝙤𝙞𝙧 𝙧𝙚́𝙖𝙡𝙞𝙨𝙚́ 𝙘𝙚𝙩𝙩𝙚 𝙥𝙚𝙧𝙛𝙤𝙧𝙢𝙖𝙣𝙘𝙚 𝙖𝙫𝙚𝙘 𝙪𝙣𝙚 𝙥𝙖𝙞𝙧𝙚 𝙙𝙚 𝙆𝙞𝙥𝙧𝙪𝙣 𝙖𝙪𝙭 𝙥𝙞𝙚𝙙𝙨. 𝙇𝙚𝙨 𝙜𝙚𝙣𝙨 𝙨𝙚 𝙥𝙚𝙧𝙢𝙚𝙩𝙩𝙚𝙣𝙩 𝙙𝙚 𝙥𝙖𝙧𝙡𝙚𝙧 𝙙𝙚 𝙢𝙤𝙣 𝙘𝙤𝙣𝙩𝙧𝙖𝙩, 𝙙’𝙖𝙧𝙜𝙚𝙣𝙩 𝙚𝙩 𝙙𝙚 𝙘𝙝𝙖𝙪𝙨𝙨𝙪𝙧𝙚𝙨 𝙖𝙡𝙤𝙧𝙨 𝙦𝙪’𝙞𝙡𝙨 𝙣𝙚 𝙘𝙤𝙣𝙣𝙖𝙞𝙨𝙨𝙚𝙣𝙩 𝙧𝙞𝙚𝙣, 𝙦𝙪’𝙞𝙡𝙨 𝙣’𝙤𝙣𝙩 𝙖𝙪𝙘𝙪𝙣𝙚 𝙞𝙣𝙛𝙤 𝙤𝙪 𝙦𝙪’𝙞𝙡𝙨 𝙣’𝙤𝙣𝙩 𝙢𝙚̂𝙢𝙚 𝙟𝙖𝙢𝙖𝙞𝙨 𝙚𝙨𝙨𝙖𝙮𝙚́. 𝙇𝙖 𝙢𝙚𝙞𝙡𝙡𝙚𝙪𝙧𝙚 𝙧𝙚́𝙥𝙤𝙣𝙨𝙚 𝙖̀ 𝙙𝙤𝙣𝙣𝙚𝙧 : 𝙘’𝙚́𝙩𝙖𝙞𝙩 𝙨𝙪𝙧 𝙡𝙚 𝙩𝙚𝙧𝙧𝙖𝙞𝙣 𝙚𝙩 𝙘’𝙚𝙨𝙩 𝙘𝙝𝙤𝙨𝙚 𝙛𝙖𝙞𝙩𝙚 𝙘𝙚 𝙙𝙞𝙢𝙖𝙣𝙘𝙝𝙚 𝙖̀ 𝙇𝙞𝙡𝙡𝙚. 𝙍𝙚𝙘𝙤𝙧𝙙 𝙙’𝙀𝙪𝙧𝙤𝙥𝙚 𝙚𝙣 𝙆𝙞𝙥𝙧𝙪𝙣 ! 𝙌𝙪𝙞 𝙡’𝙖𝙪𝙧𝙖𝙞𝙩 𝙘𝙧𝙪 ? 𝙀𝙩 𝙥𝙤𝙪𝙧 𝙘𝙚𝙪𝙭 𝙦𝙪𝙞 𝙨𝙤𝙣𝙩 𝙩𝙤𝙪𝙟𝙤𝙪𝙧𝙨 𝙙𝙖𝙣𝙨 𝙡𝙖 𝙘𝙧𝙞𝙩𝙞𝙦𝙪𝙚 : 𝙟𝙚 𝙫𝙤𝙪𝙨 𝙞𝙣𝙫𝙞𝙩𝙚 𝙨𝙞𝙢𝙥𝙡𝙚𝙢𝙚𝙣𝙩 𝙖̀ 𝙖𝙡𝙡𝙚𝙧 𝙚𝙣 𝙢𝙖𝙜𝙖𝙨𝙞𝙣 𝘿𝙚𝙘𝙖𝙩𝙝𝙡𝙤𝙣 𝙚𝙩 𝙖̀ 𝙖𝙘𝙝𝙚𝙩𝙚𝙧 𝙪𝙣𝙚 𝙥𝙖𝙞𝙧𝙚 𝙙𝙚 𝙘𝙝𝙖𝙪𝙨𝙨𝙪𝙧𝙚 𝙆𝙞𝙥𝙧𝙪𝙣. 𝙁𝙖𝙞̂𝙩𝙚𝙨-𝙫𝙤𝙪𝙨 𝙫𝙤𝙩𝙧𝙚 𝙥𝙧𝙤𝙥𝙧𝙚 𝙖𝙫𝙞𝙨… 𝙫𝙤𝙪𝙨 𝙧𝙞𝙨𝙦𝙪𝙚𝙯 𝙙’𝙚̂𝙩𝙧𝙚 𝙨𝙪𝙧𝙥𝙧𝙞𝙨 ! 💬 »\n\n𝑸𝒖𝒆𝒔𝒕𝒊𝒐𝒏 : Êtes-vous prêt à acheter une chaussure Kiprun pour votre prochaine course sur route ? 😮‍💨",𝗟𝗮 𝗱𝗲𝗰𝗹𝗮𝗿𝗮𝘁𝗶𝗼𝗻 𝗱𝘂 𝗷𝗼𝘂𝗿 cest la mise au point de jimmy gressier après son nouveau 𝗿𝗲𝗰𝗼𝗿𝗱 𝗱𝗘𝘂𝗿𝗼𝗽𝗲 du 5 kilomètres sur route ce dimanche à lille nn 𝘾𝙚𝙩𝙖𝙞𝙩 𝙡𝙤𝙘𝙘𝙖𝙨𝙞𝙤𝙣 𝙥𝙤𝙪𝙧 𝙢𝙤𝙞 𝙙𝙚 𝙩𝙚𝙨𝙩𝙚𝙧 𝙡𝙚𝙨 𝙘𝙝𝙖𝙪𝙨𝙨𝙪𝙧𝙚𝙨 𝙘𝙖𝙧𝙗𝙤𝙣𝙚 𝙆𝙞𝙥𝙧𝙪𝙣 𝙥𝙤𝙪𝙧 𝙡𝙖 𝙥𝙧𝙚𝙢𝙞𝙚𝙧𝙚 𝙛𝙤𝙞𝙨 𝙚𝙣 𝙘𝙤𝙢𝙥𝙚𝙩𝙞𝙩𝙞𝙤𝙣 𝙨𝙪𝙧 𝙧𝙤𝙪𝙩𝙚 𝘼 𝙡𝙖𝙣𝙣𝙤𝙣𝙘𝙚 𝙙𝙚 𝙢𝙖 𝙨𝙞𝙜𝙣𝙖𝙩𝙪𝙧𝙚 𝙖𝙫𝙚𝙘 𝙚𝙪𝙭 𝙗𝙚𝙖𝙪𝙘𝙤𝙪𝙥 𝙙𝙚 𝙜𝙚𝙣𝙨 𝙤𝙣𝙩 𝙘𝙧𝙞𝙩𝙞𝙦𝙪𝙚 𝙢𝙤𝙣 𝙘𝙝𝙤𝙞𝙭 𝙦𝙪𝙚 𝙘𝙚𝙩𝙖𝙞𝙩 𝙪𝙣𝙞𝙦𝙪𝙚𝙢𝙚𝙣𝙩 𝙥𝙤𝙪𝙧 𝙡𝙖𝙧𝙜𝙚𝙣𝙩 𝙄𝙡𝙨 𝙙𝙤𝙪𝙩𝙖𝙞𝙚𝙣𝙩 𝙙𝙚 𝙡𝙖 𝙘𝙤𝙢𝙥𝙚𝙩𝙚𝙣𝙘𝙚 𝙙𝙚 𝙆𝙞𝙥𝙧𝙪𝙣 𝙖 𝙥𝙖𝙧𝙫𝙚𝙣𝙞𝙧 𝙖 𝙥𝙧𝙤𝙙𝙪𝙞𝙧𝙚 𝙙𝙚𝙨 𝙘𝙝𝙖𝙪𝙨𝙨𝙪𝙧𝙚𝙨 𝙘𝙤𝙢𝙥𝙚𝙩𝙞𝙩𝙞𝙫𝙚𝙨 𝙈𝙤𝙞 𝙟𝙚 𝙡𝙚 𝙨𝙖𝙫𝙖𝙞𝙨 𝙖𝙫𝙖𝙣𝙩 𝙩𝙤𝙪𝙩 𝙡𝙚 𝙢𝙤𝙣𝙙𝙚 𝙘𝙖𝙧 𝙟𝙖𝙫𝙖𝙞𝙨 𝙫𝙪 𝙡𝙚𝙨 𝙥𝙧𝙤𝙙𝙪𝙞𝙩𝙨 𝙟𝙚𝙩𝙖𝙞𝙨 𝙘𝙚𝙧𝙩𝙖𝙞𝙣 𝙙𝙚 𝙢𝙤𝙣 𝙘𝙝𝙤𝙞𝙭 𝙚𝙣 𝙨𝙞𝙜𝙣𝙖𝙣𝙩 𝙖𝙫𝙚𝙘 𝙚𝙪𝙭 𝘾𝙚𝙨𝙩 𝙪𝙣𝙚 𝙜𝙧𝙖𝙣𝙙𝙚 𝙛𝙞𝙚𝙧𝙩𝙚 𝙥𝙤𝙪𝙧 𝙢𝙤𝙞 𝙙𝙖𝙫𝙤𝙞𝙧 𝙧𝙚𝙖𝙡𝙞𝙨𝙚 𝙘𝙚𝙩𝙩𝙚 𝙥𝙚𝙧𝙛𝙤𝙧𝙢𝙖𝙣𝙘𝙚 𝙖𝙫𝙚𝙘 𝙪𝙣𝙚 𝙥𝙖𝙞𝙧𝙚 𝙙𝙚 𝙆𝙞𝙥𝙧𝙪𝙣 𝙖𝙪𝙭 𝙥𝙞𝙚𝙙𝙨 𝙇𝙚𝙨 𝙜𝙚𝙣𝙨 𝙨𝙚 𝙥𝙚𝙧𝙢𝙚𝙩𝙩𝙚𝙣𝙩 𝙙𝙚 𝙥𝙖𝙧𝙡𝙚𝙧 𝙙𝙚 𝙢𝙤𝙣 𝙘𝙤𝙣𝙩𝙧𝙖𝙩 𝙙𝙖𝙧𝙜𝙚𝙣𝙩 𝙚𝙩 𝙙𝙚 𝙘𝙝𝙖𝙪𝙨𝙨𝙪𝙧𝙚𝙨 𝙖𝙡𝙤𝙧𝙨 𝙦𝙪𝙞𝙡𝙨 𝙣𝙚 𝙘𝙤𝙣𝙣𝙖𝙞𝙨𝙨𝙚𝙣𝙩 𝙧𝙞𝙚𝙣 𝙦𝙪𝙞𝙡𝙨 𝙣𝙤𝙣𝙩 𝙖𝙪𝙘𝙪𝙣𝙚 𝙞𝙣𝙛𝙤 𝙤𝙪 𝙦𝙪𝙞𝙡𝙨 𝙣𝙤𝙣𝙩 𝙢𝙚𝙢𝙚 𝙟𝙖𝙢𝙖𝙞𝙨 𝙚𝙨𝙨𝙖𝙮𝙚 𝙇𝙖 𝙢𝙚𝙞𝙡𝙡𝙚𝙪𝙧𝙚 𝙧𝙚𝙥𝙤𝙣𝙨𝙚 𝙖 𝙙𝙤𝙣𝙣𝙚𝙧 𝙘𝙚𝙩𝙖𝙞𝙩 𝙨𝙪𝙧 𝙡𝙚 𝙩𝙚𝙧𝙧𝙖𝙞𝙣 𝙚𝙩 𝙘𝙚𝙨𝙩 𝙘𝙝𝙤𝙨𝙚 𝙛𝙖𝙞𝙩𝙚 𝙘𝙚 𝙙𝙞𝙢𝙖𝙣𝙘𝙝𝙚 𝙖 𝙇𝙞𝙡𝙡𝙚 𝙍𝙚𝙘𝙤𝙧𝙙 𝙙𝙀𝙪𝙧𝙤𝙥𝙚 𝙚𝙣 𝙆𝙞𝙥𝙧𝙪𝙣 𝙌𝙪𝙞 𝙡𝙖𝙪𝙧𝙖𝙞𝙩 𝙘𝙧𝙪 𝙀𝙩 𝙥𝙤𝙪𝙧 𝙘𝙚𝙪𝙭 𝙦𝙪𝙞 𝙨𝙤𝙣𝙩 𝙩𝙤𝙪𝙟𝙤𝙪𝙧𝙨 𝙙𝙖𝙣𝙨 𝙡𝙖 𝙘𝙧𝙞𝙩𝙞𝙦𝙪𝙚 𝙟𝙚 𝙫𝙤𝙪𝙨 𝙞𝙣𝙫𝙞𝙩𝙚 𝙨𝙞𝙢𝙥𝙡𝙚𝙢𝙚𝙣𝙩 𝙖 𝙖𝙡𝙡𝙚𝙧 𝙚𝙣 𝙢𝙖𝙜𝙖𝙨𝙞𝙣 𝘿𝙚𝙘𝙖𝙩𝙝𝙡𝙤𝙣 𝙚𝙩 𝙖 𝙖𝙘𝙝𝙚𝙩𝙚𝙧 𝙪𝙣𝙚 𝙥𝙖𝙞𝙧𝙚 𝙙𝙚 𝙘𝙝𝙖𝙪𝙨𝙨𝙪𝙧𝙚 𝙆𝙞𝙥𝙧𝙪𝙣 𝙁𝙖𝙞𝙩𝙚𝙨𝙫𝙤𝙪𝙨 𝙫𝙤𝙩𝙧𝙚 𝙥𝙧𝙤𝙥𝙧𝙚 𝙖𝙫𝙞𝙨 𝙫𝙤𝙪𝙨 𝙧𝙞𝙨𝙦𝙪𝙚𝙯 𝙙𝙚𝙩𝙧𝙚 𝙨𝙪𝙧𝙥𝙧𝙞𝙨 nn𝑸𝒖𝒆𝒔𝒕𝒊𝒐𝒏 êtesvous prêt à acheter une chaussure kiprun pour votre prochaine course sur route,2025-11-03 15:52:31
1901908993552850958,2025-03-18 09:10:14 +01:00,Soinsuke,"Petite explication : j'ai résilié mon compte en août et j'ai rendu ma box quelques temps après \n\nOn a continué de me débiter après tout ce temps, et j'ai appris seulement hier que mon compte a finalement été résilié que début mars \n\n@Freebox on peut en discuter ?",petite explication jai résilié mon compte en août et jai rendu ma box quelques temps après nnon a continué de me débiter après tout ce temps et jai appris seulement hier que mon compte a finalement été résilié que début mars nn on peut en discuter,2025-11-03 15:52:31
1901915016636289297,2025-03-18 09:34:10 +01:00,Cnews972,"@free  pourquoi vous fuyez les clients aux téléphones ?\n\nJ’ai une galère chez mes parents impossible de vous appeler car la ligne n’est pas activer, vos installateurs ne savent pas faire !!",pourquoi vous fuyez les clients aux téléphones nnjai une galère chez mes parents impossible de vous appeler car la ligne nest pas activer vos installateurs ne savent pas faire,2025-11-03 15:52:31
1901958350704705646,2025-03-18 12:26:22 +01:00,Marie_Nette7810,"Plus d'internet, de box etc depuis 1 semaine car qqn de la résidence s'est ""amusé"" à sectionner des câbles, à démonter les branchements et le coffret ... je sias que c'est pas la faute directement de @free mais j'espère avoir un petit dédommagement quand même en espérant qu'1",plus dinternet de box etc depuis 1 semaine car qqn de la résidence sest amusé à sectionner des câbles à démonter les branchements et le coffret je sias que cest pas la faute directement de mais jespère avoir un petit dédommagement quand même en espérant qu1,2025-11-03 15:52:31
1902014006270873754,2025-03-18 16:07:31 +01:00,TheGuit,Comment je branche une box que vous ne m'avez pas envoyer @free @Freebox ? \n\nVous avez cru que vous étiez tellement fort que une commande le lundi pouvait donner lieu à un technicien qui intervient le mardi ?,comment je branche une box que vous ne mavez pas envoyer nnvous avez cru que vous étiez tellement fort que une commande le lundi pouvait donner lieu à un technicien qui intervient le mardi,2025-11-03 15:52:31
1902308287242019101,2025-03-19 11:36:53 +01:00,ALDEM78039551,"@free Depuis 24h, plus de réseau mobile ni box Free. Impossible de bosser, zéro info sur la réparation. Déjà 15j de panne la dernière fois. Des solutions ou un vrai geste co ?",depuis 24h plus de réseau mobile ni box free impossible de bosser zéro info sur la réparation déjà 15j de panne la dernière fois des solutions ou un vrai geste co,2025-11-03 15:52:31
1902352117471310237,2025-03-19 14:31:03 +01:00,Djaffarbkm,@Xavier75 @free au bout de 26 ans d'abonnement vous avez écrasé ma ligne et mon abonnement sans aucune demande de ma part vos méthodes sont inadmissibles \nVeuillez règler le problème... Ce n'est plus  free mais reef,au bout de 26 ans dabonnement vous avez écrasé ma ligne et mon abonnement sans aucune demande de ma part vos méthodes sont inadmissibles nveuillez règler le problème ce nest plus free mais reef,2025-11-03 15:52:31
1902352359176433678,2025-03-19 14:32:01 +01:00,Coach_euphoria,"Problème étape 2 fibre freebox d'un coup, pouvez vous m'aider ? @Freebox @free",problème étape 2 fibre freebox dun coup pouvez vous maider,2025-11-03 15:52:31
1902352886035624122,2025-03-19 14:34:06 +01:00,PAT223986916,@Freebox vous me branché la fibre et je n’ai pas le matériel … je n’ai plus internet du coup on commence bien !,vous me branché la fibre et je nai pas le matériel je nai plus internet du coup on commence bien,2025-11-03 15:52:31
1902678799717667001,2025-03-20 12:09:10 +01:00,mykheira2602,@free @freemobile @Freebox \nC’est normal qu’avec un ticket incident ouvert depuis novembre pour soucis mobile on me propose un partage de connexion à cause d’un incident Freebox. Femme handicapée ne pouvant pas travailler depuis 3 jours car en télétravail. Pas de retour avt le 31,ncest normal quavec un ticket incident ouvert depuis novembre pour soucis mobile on me propose un partage de connexion à cause dun incident freebox femme handicapée ne pouvant pas travailler depuis 3 jours car en télétravail pas de retour avt le 31,2025-11-03 15:52:31
1902737203219890477,2025-03-20 16:01:15 +01:00,Y4nn_P,"@Freebox  Bo jour Free, \nbesoin d’aide résiliation Freebox svp \nImpossible d’y arriver sans le code secret \nMerci",bo jour free nbesoin daide résiliation freebox svp nimpossible dy arriver sans le code secret nmerci,2025-11-03 15:52:31
1902759086354993557,2025-03-20 17:28:12 +01:00,DaddyKaspi,"@free comment ça se passe pour un déménagement de ligne, faut s'appeler @Xavier75 pour être considéré ou 14 ans de fidélité c'est bon ?",comment ça se passe pour un déménagement de ligne faut sappeler pour être considéré ou 14 ans de fidélité cest bon,2025-11-03 15:52:31
1903029448498110846,2025-03-21 11:22:31 +01:00,sapnu_puas_wow,"@free C’est quand qu’ont récupère internet la, j’suis dans l’60 et moi et mon voisin ont a plus internet depuis genre 20min",cest quand quont récupère internet la jsuis dans l60 et moi et mon voisin ont a plus internet depuis genre 20min,2025-11-03 15:52:31
1903122175239782514,2025-03-21 17:30:59 +01:00,inthedark_ness,"Ehh psst @Freebox c'est quand vous voulez que vous vous bougez le train ! 10 jrs que j'ai plus de fibre, votre backup à la noix qui capte que dalle, des techniciens dispo 2 jours par semaine alors que j'en bosse 6/7. Vous allez faire quelque chose pour rétablir ma ligne ou bien ?",ehh psst cest quand vous voulez que vous vous bougez le train 10 jrs que jai plus de fibre votre backup à la noix qui capte que dalle des techniciens dispo 2 jours par semaine alors que jen bosse 67 vous allez faire quelque chose pour rétablir ma ligne ou bien,2025-11-03 15:52:31
1903151847260500005,2025-03-21 19:28:53 +01:00,areubready,"Je râle rarement sur les réseaux, ce n'est pas mon genre de faire ça. Cependant, là, c'est vraiment usant.\nJ'explique ça ⤵️",je râle rarement sur les réseaux ce nest pas mon genre de faire ça cependant là cest vraiment usantnjexplique ça,2025-11-03 15:52:31
1903153000937357382,2025-03-21 19:33:28 +01:00,Lasim71,"@free bonsoir, par pitié je n’ai plus d’Internet à la maison avec la Freebox pop fibre, erreur 3C, personne ne me répond au 3244, ni par chat. Ça dure depuis vendredi dernier, ça aurait du être résolu entre 8h et 18h \n\nIdentifiant free : 33793169\n\nJe ne peux plus travailler..",bonsoir par pitié je nai plus dinternet à la maison avec la freebox pop fibre erreur 3c personne ne me répond au 3244 ni par chat ça dure depuis vendredi dernier ça aurait du être résolu entre 8h et 18h nnidentifiant free 33793169nnje ne peux plus travailler,2025-11-03 15:52:31
1903202261750485303,2025-03-21 22:49:13 +01:00,Titiagogg,"@free @Freebox sa fait 5 6 jour y a pas de réseau, il se passe quoi ?\n+",sa fait 5 6 jour y a pas de réseau il se passe quoi n,2025-11-03 15:52:31
1903370136486093172,2025-03-22 09:56:18 +01:00,mykheira2602,@Freebox je suis handicapée sans service depuis le 18/03 et sans service mobile.On me laisse livré à moi même en ayant perdu tout accès à mes services d’urgence par vidéosurveillance et m’empêche de travailler ce qui m’isole réellement. @Xavier75 @Solidarite_gouv @Economie_Gouv,je suis handicapée sans service depuis le 1803 et sans service mobileon me laisse livré à moi même en ayant perdu tout accès à mes services durgence par vidéosurveillance et mempêche de travailler ce qui misole réellement,2025-11-03 15:52:31
1903371415027392933,2025-03-22 10:01:22 +01:00,pessigards2,QUAND TU VEUX TU REVIENT HEIN @free @Freebox https://t.co/94VZzxGgae,quand tu veux tu revient hein,2025-11-03 15:52:31
1903435359163203585,2025-03-22 14:15:28 +01:00,RyanTmYt,"3 semaines bientôt que je n’ai pas internet @free\n3 semaines que tout le monde se balance la patate chaude et que je ne peux ni travailler, ni rien jouer ni rien faire. \nSi début de semaine prochaine ce n’est pas réglé, je passe chez orange.",3 semaines bientôt que je nai pas internet n3 semaines que tout le monde se balance la patate chaude et que je ne peux ni travailler ni rien jouer ni rien faire nsi début de semaine prochaine ce nest pas réglé je passe chez orange,2025-11-03 15:52:31
1903447425504653375,2025-03-22 15:03:25 +01:00,marmiton_man,"@Freebox 6 jours d'interruption de la connexion Free pour mes parents. Après appel au SAV par tel (compliqué pour des seniors de &gt;80 ans), le SAV devait les rappeler, aucune nouvelle depuis plusieurs jours. En 2025, comment en est-on encore là ??? #SAV #Internet #Service",6 jours dinterruption de la connexion free pour mes parents après appel au sav par tel compliqué pour des seniors de gt80 ans le sav devait les rappeler aucune nouvelle depuis plusieurs jours en 2025 comment en eston encore là,2025-11-03 15:52:31
1903837437589139528,2025-03-23 16:53:11 +01:00,titouness_,"Cc @free @Xavier75 10j d’interruption de service, aucun technicien disponible sur toute l’IDF, 0 explication, service client qui raccroche au nez, pas de hotspot wifi  en boutique et surtout aucune solution proposée : y’a moyen d’avoir un interlocuteur sérieux ou pas ?",cc 10j dinterruption de service aucun technicien disponible sur toute lidf 0 explication service client qui raccroche au nez pas de hotspot wifi en boutique et surtout aucune solution proposée ya moyen davoir un interlocuteur sérieux ou pas,2025-11-03 15:52:31
1904116040889470996,2025-03-24 11:20:15 +01:00,B_litZen,"Bonjour @Freebox @free, aujourd'hui comme plusieurs jours maintenant ma box internet ne fait que couper sans aucune raison apparente. Et malgré plusieurs contact aucune réponse de votre part.",bonjour aujourdhui comme plusieurs jours maintenant ma box internet ne fait que couper sans aucune raison apparente et malgré plusieurs contact aucune réponse de votre part,2025-11-03 15:52:31
1904199266916040802,2025-03-24 16:50:58 +01:00,Richard070189,Commencez sérieusement à me gonfler @free ! 2 coupures en 3 semaines !!! Et impossible d'avoir quelqu'un au téléphone ! @Freebox.,commencez sérieusement à me gonfler 2 coupures en 3 semaines et impossible davoir quelquun au téléphone,2025-11-03 15:52:31
1904207960735199482,2025-03-24 17:25:30 +01:00,Laetitiavltn,"@free bonjour, je n’ai plus d’internet depuis 4 mois à cause d’une tempête qui a sectionné un câble dans ma rue à Chanteloup les vignes \nPouvez-vous envoyer une nacelle et faire bouger les choses \nD’autant plus que je paye pour rien \nMerci #urgent #internet #coupdegueule",bonjour je nai plus dinternet depuis 4 mois à cause dune tempête qui a sectionné un câble dans ma rue à chanteloup les vignes npouvezvous envoyer une nacelle et faire bouger les choses ndautant plus que je paye pour rien nmerci,2025-11-03 15:52:31
1904483036130906583,2025-03-25 11:38:34 +01:00,mickaelserfati,@Freebox Bonjour j'essaye de vous contacter suite à un problème avec ma Box mais personne ne repond ! Merci,bonjour jessaye de vous contacter suite à un problème avec ma box mais personne ne repond merci,2025-11-03 15:52:31
1904517144240390568,2025-03-25 13:54:06 +01:00,CherichouMimi,@Freebox merci de m’envoyer ma dernière facture ! On ne peux plus vous joindre ! @UFCquechoisir,merci de menvoyer ma dernière facture on ne peux plus vous joindre,2025-11-03 15:52:31
1904568997368181113,2025-03-25 17:20:08 +01:00,hallunez,@free JAI PAS DE CO DEPUIS 3 SEMAINES ALLOOOOO,jai pas de co depuis 3 semaines allooooo,2025-11-03 15:52:31
1904821555370025217,2025-03-26 10:03:43 +01:00,ManuStarguest,"Bon @free, on en est au 3eme jour de panne la. On fait comment ?\n\nPlus de téléphone, plus de tv, plus de wifi, rien ne fonctionne…\n\nVous allez régler le problème un jour ou faut contacter un autre opérateur ?\n\n@Freebox",bon on en est au 3eme jour de panne la on fait comment nnplus de téléphone plus de tv plus de wifi rien ne fonctionnennvous allez régler le problème un jour ou faut contacter un autre opérateur nn,2025-11-03 15:52:31
1904875109103395199,2025-03-26 13:36:31 +01:00,Laura_Lakitow,@free j’ai besoin d’être appeler svp car je n’arrive pas à avoir quelqu’un de votre service par téléphone merci :),jai besoin dêtre appeler svp car je narrive pas à avoir quelquun de votre service par téléphone merci,2025-11-03 15:52:31
1904918175839314008,2025-03-26 16:27:39 +01:00,TropDespi,"@Freebox venez en privé svp, avant que je change d’opérateur dans la soirée",venez en privé svp avant que je change dopérateur dans la soirée,2025-11-03 15:52:31
1905181101254938741,2025-03-27 09:52:25 +01:00,NzingaBandida,"@Freebox ça fait près de 10 jours que internet (box) ne fonctionne pas et le reparateur que vous deviez mettre en place est toujours invisible,  impossible de vous contacter par ailleurs, vous trouvez ça normal?",ça fait près de 10 jours que internet box ne fonctionne pas et le reparateur que vous deviez mettre en place est toujours invisible impossible de vous contacter par ailleurs vous trouvez ça normal,2025-11-03 15:52:31
1905221812700537197,2025-03-27 12:34:12 +01:00,Neo_Dessinator,@Freebox Hello ! \nUn technicien devait passer poser la fibre ce jour de 8h a 10h. \nIl est midi 30 et la seule nouvelle que j'ai eu c'est a 10h : j'ai un souci avec mon camion. Comment on fait ? j'ai pris un congés ......,hello nun technicien devait passer poser la fibre ce jour de 8h a 10h nil est midi 30 et la seule nouvelle que jai eu cest a 10h jai un souci avec mon camion comment on fait jai pris un congés,2025-11-03 15:52:31
1905230449967845879,2025-03-27 13:08:31 +01:00,A_976_,Ça fait plus d’un mois pas de connexion internet ni TV et même pour avoir son numéro de prise fibre c’est un problème. Vous servez à quoi ?? @freemobile @Freebox @free @Xavier75,ça fait plus dun mois pas de connexion internet ni tv et même pour avoir son numéro de prise fibre cest un problème vous servez à quoi,2025-11-03 15:52:31
1905268424667779445,2025-03-27 15:39:25 +01:00,Sten62729557,"Chez Free @Freebox , la qualité du service est en question. Malgré un service de proximité, les problèmes de connexion récurrents ne sont pas résolus efficacement. Les techniciens agissent comme des shadocks. En 4 mois, 3 pannes identiques, &gt;19 jours off, &gt;8 RV inutiles @Xavier75",chez free la qualité du service est en question malgré un service de proximité les problèmes de connexion récurrents ne sont pas résolus efficacement les techniciens agissent comme des shadocks en 4 mois 3 pannes identiques gt19 jours off gt8 rv inutiles,2025-11-03 15:52:31
1905268492858712203,2025-03-27 15:39:41 +01:00,fantanasabio,"@Freebox J’ai enfin reçu ma box, un technicien est passé le 24 mars, mais toujours aucune connexion. Et maintenant je dois attendre encore 3 semaines pour une nouvelle intervention ? C’est abusé.",jai enfin reçu ma box un technicien est passé le 24 mars mais toujours aucune connexion et maintenant je dois attendre encore 3 semaines pour une nouvelle intervention cest abusé,2025-11-03 15:52:31
1905292928781517235,2025-03-27 17:16:47 +01:00,Pasthaf,Oui bonjour @Xavier75 @free @Freebox \n\nQue se passe t’il ? Merci. https://t.co/bAXhLUUmq3,oui bonjour nnque se passe til merci,2025-11-03 15:52:31
1905743422641860788,2025-03-28 23:06:53 +01:00,stephsenic,"@Freebox bonsoir. Je n’en peux plus. Ma box s’arrête toutes les 10 min, et repart en mode initialisation. France télévision bug chaque jour et mon forfait tel est chaotique. Changement d’opérateur prévu mais c’ici là, des solutions sans passer 40 min au tel ?",bonsoir je nen peux plus ma box sarrête toutes les 10 min et repart en mode initialisation france télévision bug chaque jour et mon forfait tel est chaotique changement dopérateur prévu mais cici là des solutions sans passer 40 min au tel,2025-11-03 15:52:31
1905889938328981593,2025-03-29 08:49:05 +01:00,bebi27,@free @Free_1337  hello Free!\nJ’ai toujours de gros problèmes de connexions avec les appareils domotique sur le répéteur wifi 7..😔\nObligé de le retirer et de remette l’ancien.,hello freenjai toujours de gros problèmes de connexions avec les appareils domotique sur le répéteur wifi 7nobligé de le retirer et de remette lancien,2025-11-03 15:52:31
1905920439433466009,2025-03-29 10:50:17 +01:00,kinaize,@free @Freebox @Xavier75 Vous comptez réparer ma ligne freebox depuis 4 mois sans internet ou vous allez continuer à encaisser mon argent sans rien faire ?!,vous comptez réparer ma ligne freebox depuis 4 mois sans internet ou vous allez continuer à encaisser mon argent sans rien faire,2025-11-03 15:52:31
1905972015413998018,2025-03-29 14:15:14 +01:00,_QueenSmolder,@free @Freebox \n\nPourquoi depuis hier 23h30 on a plus de connexion internet ??il y a un probleme en bretagne ?,nnpourquoi depuis hier 23h30 on a plus de connexion internet il y a un probleme en bretagne,2025-11-03 15:52:31
1906010541224608004,2025-03-29 16:48:19 +01:00,maxgaybfc,@free  quel sont les chaînes inclus dans canal,quel sont les chaînes inclus dans canal,2025-11-03 15:52:31
1906063605260329359,2025-03-29 20:19:11 +01:00,EdVbcq,"@free ma #freebox ne fonctionne plus depuis le 13 mars et malgré les nombreuses relances du service client, le service n’est toujours pas rétabli et aucune solution n’est proposée. Trouvez vous ça normal #mercifree",ma ne fonctionne plus depuis le 13 mars et malgré les nombreuses relances du service client le service nest toujours pas rétabli et aucune solution nest proposée trouvez vous ça normal,2025-11-03 15:52:31
1906155178513904076,2025-03-30 03:23:03 +02:00,hicksail,"@free Je suis à l'étape 2 depuis cet après-midi, un ticket est ouvert. Quelle est la raison ?????",je suis à létape 2 depuis cet aprèsmidi un ticket est ouvert quelle est la raison,2025-11-03 15:52:31
1906696365847068955,2025-03-31 15:13:32 +02:00,FabHendriksen,@Freebox etape 2 depuis 2 semaines.\nMon espace abonné qui n’est tjr pas activé depuis 2 mois donc je ne peux bénéficier d’aucun service alors que j’ai été raccordé à la fibre.\nJe ne peux meme pas accéder à l’espace de résiliation en ligne.\nComment vous contacter ???,etape 2 depuis 2 semainesnmon espace abonné qui nest tjr pas activé depuis 2 mois donc je ne peux bénéficier daucun service alors que jai été raccordé à la fibrenje ne peux meme pas accéder à lespace de résiliation en lignencomment vous contacter,2025-11-03 15:52:31
1906727631136928132,2025-03-31 17:17:47 +02:00,marcodel60,@Freebox plus de connexion internet depuis ce matin à verneuil en Halatte(60)? Quand est prévu un retour à la normal?,plus de connexion internet depuis ce matin à verneuil en halatte60 quand est prévu un retour à la normal,2025-11-03 15:52:31
1906734060719780055,2025-03-31 17:43:20 +02:00,dev_lucky1,@free 48h sans co en 4j. 2 RDV annulés après un retour temporaire (6-8h). Celui du 01/04 (14h-16h) aussi. On m’annonce qu’il n’y a pas de planning pour avril ?!\n+400€ de pertes pour mon entreprise.\nPas de prise en charge avant vendredi = courrier AR + dédommagement.,48h sans co en 4j 2 rdv annulés après un retour temporaire 68h celui du 0104 14h16h aussi on mannonce quil ny a pas de planning pour avril n400 de pertes pour mon entreprisenpas de prise en charge avant vendredi courrier ar dédommagement,2025-11-03 15:52:31
1906987978938814645,2025-04-01 10:32:18 +02:00,parnorae,"Coupure de box internet qui a commencé il y a une semaine mais qui va durer jusqu’au 30 avril mais mdr @Freebox même pas de solution en attendant a part un boîtier qui tiens 2 jours, refus de geste commercial alors que je paye la ultra quand même et que j’ai 3 lignes rattachées",coupure de box internet qui a commencé il y a une semaine mais qui va durer jusquau 30 avril mais mdr même pas de solution en attendant a part un boîtier qui tiens 2 jours refus de geste commercial alors que je paye la ultra quand même et que jai 3 lignes rattachées,2025-11-03 15:52:31
1906996218896539661,2025-04-01 11:05:03 +02:00,VroniqueGomes1,@free vous pouvez me rétablir ma ligne. Ma ligne est coupé alors que les paiements ont bien effectué. Je peux pas vous appeler vue que vous m’avez coupé la ligne,vous pouvez me rétablir ma ligne ma ligne est coupé alors que les paiements ont bien effectué je peux pas vous appeler vue que vous mavez coupé la ligne,2025-11-03 15:52:31
1907064895293559003,2025-04-01 15:37:57 +02:00,nishan_s,Yop la commu !\nJe désespère avec @free !\nVoilà 6 mois que mes parents n’ont plus de connexion et bien évidemment les prélèvements sont toujours d’actus.\nLes gens de l’assistance (@Freebox ) me baratine depuis des mois en me demandant de patienter……\nUne solution à m’apporter ?,yop la commu nje désespère avec nvoilà 6 mois que mes parents nont plus de connexion et bien évidemment les prélèvements sont toujours dactusnles gens de lassistance me baratine depuis des mois en me demandant de patienternune solution à mapporter,2025-11-03 15:52:31
1907084367408549975,2025-04-01 16:55:19 +02:00,RizThai,Non mais @free qui trouve un technicien en 3jours pour l'installation après l'abonnement mais n'est pas foutu de proposer un rdv avant plus d'un mois parce que le premier a fait n'importe quoi... @free ce n'est plus ce que c'était. @Xavier75,non mais qui trouve un technicien en 3jours pour linstallation après labonnement mais nest pas foutu de proposer un rdv avant plus dun mois parce que le premier a fait nimporte quoi ce nest plus ce que cétait,2025-11-03 15:52:31
1907108829961326970,2025-04-01 18:32:32 +02:00,brice_lsrd,"@free impossible de restituer mes équipements et pour joindre quelqu’un on me facture 0,34e la minute. UNE HONTE",impossible de restituer mes équipements et pour joindre quelquun on me facture 034e la minute une honte,2025-11-03 15:52:31
1907109583669309496,2025-04-01 18:35:31 +02:00,brice_lsrd,"@Freebox j’ai résilier mon contrat, je veux rendre mes équipements mais le bordereau que vous m’envoyez ne fonctionne pas. On fait comment? vous me faites payer pour avoir quelqu’un en plus",jai résilier mon contrat je veux rendre mes équipements mais le bordereau que vous menvoyez ne fonctionne pas on fait comment vous me faites payer pour avoir quelquun en plus,2025-11-03 15:52:31
1907150150994161767,2025-04-01 21:16:43 +02:00,jon_delorraine,"🔴ALERTE INFO\n\nÀ l'occasion de la venue du roi du Danemark, Xavier Niel et sa compagne Delphine Arnault étaient conviés. https://t.co/IRaZGY4IsX",alerte infonnà loccasion de la venue du roi du danemark xavier niel et sa compagne delphine arnault étaient conviés,2025-11-03 15:52:31
1907165090110906713,2025-04-01 22:16:05 +02:00,LeFizah,"Je n'ai jamais été aussi déçu que récemment.\nC'est tout de même une folie qu'en 2025, le réseau ne fasse qu'empirer en terme de stabilité.\nJe remercie Free et ses tarifs honorables, vraiment, mais je n'arrive plus à prendre de plaisir sur le moindre jeu compétitif en ligne @free",je nai jamais été aussi déçu que récemmentncest tout de même une folie quen 2025 le réseau ne fasse quempirer en terme de stabiliténje remercie free et ses tarifs honorables vraiment mais je narrive plus à prendre de plaisir sur le moindre jeu compétitif en ligne,2025-11-03 15:52:31
1907218558024593550,2025-04-02 01:48:33 +02:00,mlcmklee,Ça yest @free je vais changer d’opérateur vous m’avez fané 2h de panne mobile+box je suis en télétravail ????? Frère ça y est,ça yest je vais changer dopérateur vous mavez fané 2h de panne mobilebox je suis en télétravail frère ça y est,2025-11-03 15:52:31
1907316955637235935,2025-04-02 08:19:33 +02:00,Seb34110,"@freemobile Bonjour, panne de fibre en cours sur Manduel 30129? Je suis bloqué à l'étape 3...",bonjour panne de fibre en cours sur manduel 30129 je suis bloqué à létape 3,2025-11-03 15:52:31
1907713808551776378,2025-04-03 10:36:30 +02:00,fibisa1,"@free bonjour FREE \nJe suis en litige avec vous depuis décembre. \nMalgré nos appels, nos courriers recommandés (sans réponse) et le fait que votre service atteste bien de la réception du matériel à rendre, on reçoit QUAND MÊME un courrier de recouvrement. On doit faire quoi ?",bonjour free nje suis en litige avec vous depuis décembre nmalgré nos appels nos courriers recommandés sans réponse et le fait que votre service atteste bien de la réception du matériel à rendre on reçoit quand même un courrier de recouvrement on doit faire quoi,2025-11-03 15:52:31
1907787188919517344,2025-04-03 15:28:05 +02:00,Soinsuke,"@Freebox j'ai résilié mon abonnement en septembre, j'ai rendu mes équipements et vous essayez encore de me prélever depuis 7 mois à une adresse où je n'habite même plus depuis août \n\nJe vous ai appelé 5 fois et aucune avancée sur mon dossier \nOn doit régler ça au tribunal ? https://t.co/qGinEEmjA9",jai résilié mon abonnement en septembre jai rendu mes équipements et vous essayez encore de me prélever depuis 7 mois à une adresse où je nhabite même plus depuis août nnje vous ai appelé 5 fois et aucune avancée sur mon dossier non doit régler ça au tribunal,2025-11-03 15:52:31
1907820880090001659,2025-04-03 17:41:58 +02:00,craienoir,free qui me lache pas la grappe alors que j'ai résilié ya 2mois et mtn j'apprend que ils vont me débité 190€ et j'arrive à avoir absolument personne par assistance @Freebox répondez moi par pitié,free qui me lache pas la grappe alors que jai résilié ya 2mois et mtn japprend que ils vont me débité 190 et jarrive à avoir absolument personne par assistance répondez moi par pitié,2025-11-03 15:52:31
1908084203209535553,2025-04-04 11:08:19 +02:00,lensalade,@free \nBonjpirvje ne recois plus mes mail sur s.binard@free.fr depuis hier. Pouvez vous faire le necessaire svp\nMerci,nbonjpirvje ne recois plus mes mail sur sbinardfr depuis hier pouvez vous faire le necessaire svpnmerci,2025-11-03 15:52:31
1908171478190661763,2025-04-04 16:55:07 +02:00,claimnm,@free  c'est possible d'avoir internet?,cest possible davoir internet,2025-11-03 15:52:31
1908444164599005604,2025-04-05 10:58:40 +02:00,MRKN06,@free @Freebox c'est possible de parler à un conseiller par téléphone et ne plus être sans cesse reconduit par une boîte vocale ?,cest possible de parler à un conseiller par téléphone et ne plus être sans cesse reconduit par une boîte vocale,2025-11-03 15:52:31
1908540438044193243,2025-04-05 17:21:14 +02:00,Galaktikflag,@Freebox salut les tech  je suis en panne depuis 72h 3244 contacter et je n ai aucuns retours :/ bloquer sur etape 2…\nJe suis en TT\nSecteur 77nord \nVous avez des news ?,salut les tech je suis en panne depuis 72h 3244 contacter et je n ai aucuns retours bloquer sur etape 2nje suis en ttnsecteur 77nord nvous avez des news,2025-11-03 15:52:31
1909233180063809928,2025-04-07 15:13:56 +02:00,Haabzeinberg,@free Comment je contacte votre service resiliation par telephone ? Je tombe que sur l'assistance avec le 3244.,comment je contacte votre service resiliation par telephone je tombe que sur lassistance avec le 3244,2025-11-03 15:52:31
1909270143986696342,2025-04-07 17:40:49 +02:00,Fifisave13,"@free Rebonjour, je vais attendre le mot de passe par  courrier, mais ceci ne concerne QUE mon compte Free abonné je pense, pas  mon compte Free Zimbra mail que je viens juste de modifier suite à  votre SMS et qui ne fonctionne toujours pas... confirmez-moi ceci svp  par retour M",rebonjour je vais attendre le mot de passe par courrier mais ceci ne concerne que mon compte free abonné je pense pas mon compte free zimbra mail que je viens juste de modifier suite à votre sms et qui ne fonctionne toujours pas confirmezmoi ceci svp par retour m,2025-11-03 15:52:31
1909525361672503303,2025-04-08 10:34:58 +02:00,priveeru,"Bonjour @free. Celà fait plus de 2 semaines que j'ai fait une demande pour une box fibre et que je suis bloquée à l'étape 1. Et quand je vais en boutique et qu'ils me prennent un rdv avec le service client, personne ne me rappelle (3 fois que j'y vais). Une solution svp ?",bonjour celà fait plus de 2 semaines que jai fait une demande pour une box fibre et que je suis bloquée à létape 1 et quand je vais en boutique et quils me prennent un rdv avec le service client personne ne me rappelle 3 fois que jy vais une solution svp,2025-11-03 15:52:31
1909542020793741593,2025-04-08 11:41:09 +02:00,Grendel2956,"@Freebox un soit disant sous-traitant de chez vous, installateur de fibre ""nouvelle génération"" sur La Rochelle est venu chez moi, afin de me dire que vous récupériez la fibre dans mon quartier, et que nous pouvions passer chez vous sans frais, est-ce vrai?",un soit disant soustraitant de chez vous installateur de fibre nouvelle génération sur la rochelle est venu chez moi afin de me dire que vous récupériez la fibre dans mon quartier et que nous pouvions passer chez vous sans frais estce vrai,2025-11-03 15:52:31
1909674442550084067,2025-04-08 20:27:21 +02:00,yggdrasoli,"@UniversFreebox\n\n@Free_1337\n\n@free\n@freebox\n\n Coupure d'internet(fibre) à l'allée des muriers, 84370 Bédarrides.",nnnnnnn coupure dinternetfibre à lallée des muriers 84370 bédarrides,2025-11-03 15:52:31
1909711489239495008,2025-04-08 22:54:34 +02:00,zojo_officiel,"@Free_1337 / @free \n\nVous confirmez qu'avec l'offre Freebox Pop S et une ligne mobile associée à ce même compte rend l'accès impossible à Oqee TV via ses identifiants mobiles ?\n\nOu bien, l'accès à Oqee TV reste toujours possible via Free Mobile (bien que rattaché à une Pop S) ?",nnvous confirmez quavec loffre freebox pop s et une ligne mobile associée à ce même compte rend laccès impossible à oqee tv via ses identifiants mobiles nnou bien laccès à oqee tv reste toujours possible via free mobile bien que rattaché à une pop s,2025-11-03 15:52:31
1909719935435309110,2025-04-08 23:28:08 +02:00,nonosthecrak,Attendez donc là je résilie mon abonnement Free car je ne vais pas être chez moi les 5 prochains mois et il me facture le moi d’avril alors que j’ai ma demande en mars et que je vais payer 59€ de frais de résiliation ???? @free @Xavier75 je suis étudiant de base pas millionnaire,attendez donc là je résilie mon abonnement free car je ne vais pas être chez moi les 5 prochains mois et il me facture le moi davril alors que jai ma demande en mars et que je vais payer 59 de frais de résiliation je suis étudiant de base pas millionnaire,2025-11-03 15:52:31
1909874924388245753,2025-04-09 09:44:00 +02:00,ankister,"@Freebox Bonjour, je suis actuellement abonné à l'offre POP depuis des années. Je viens de voir que vous avez un nouveau forfait Pop S. J'imagine qu'en tant qu'abonné POP classique c'est impossible de migrer sur cette offre ?",bonjour je suis actuellement abonné à loffre pop depuis des années je viens de voir que vous avez un nouveau forfait pop s jimagine quen tant quabonné pop classique cest impossible de migrer sur cette offre,2025-11-03 15:52:31
1909881260845019286,2025-04-09 10:09:11 +02:00,eyesfullatearu,1 mois que j’ai souscrit chez @free mais j’ai toujours pas de fibre après 3 interventions c’est tellement pas professionnel aucun rappel aucun retour on laisse les gens comme ça sans nouvelle c’est abusé,1 mois que jai souscrit chez mais jai toujours pas de fibre après 3 interventions cest tellement pas professionnel aucun rappel aucun retour on laisse les gens comme ça sans nouvelle cest abusé,2025-11-03 15:52:31
1909891364197716254,2025-04-09 10:49:19 +02:00,bilalm73,@free bonjour je suis abonné Freebox révolution. Free a sorti une nouvelle offre pop S. Je n'y ai pas droit  via mon espace client. Est il possible de me l'a proposer a titre dérogatoire? Pour info je suis client depuis 8 ans. Merci,bonjour je suis abonné freebox révolution free a sorti une nouvelle offre pop s je ny ai pas droit via mon espace client est il possible de me la proposer a titre dérogatoire pour info je suis client depuis 8 ans merci,2025-11-03 15:52:31
1910009953982574959,2025-04-09 18:40:33 +02:00,ChenXBT,On renvoie à quelle adresse la box ? @Freebox,on renvoie à quelle adresse la box,2025-11-03 15:52:31
1910588207072243994,2025-04-11 08:58:20 +02:00,RNavy_,"3 jours que je capte rien en centre ville du Havre, sérieux @free c'est quoi ça",3 jours que je capte rien en centre ville du havre sérieux cest quoi ça,2025-11-03 15:52:31
1910649748316381452,2025-04-11 13:02:52 +02:00,adriends,"@Freebox @free Bonjour, comment ça se passe quand le technicien censé raccorder la ligne internet ne vient pas ?",bonjour comment ça se passe quand le technicien censé raccorder la ligne internet ne vient pas,2025-11-03 15:52:31
1910666788733415713,2025-04-11 14:10:35 +02:00,sourire4k,@Freebox Eh sinon on peut avoir un conseiller au telephone ou c'est limité à la voix robotisée ? Franchement ça dégoûte un tel service.. 72h que j'ai max box et aucune nouvelle de l'activation c'est abusé sans déconner...,eh sinon on peut avoir un conseiller au telephone ou cest limité à la voix robotisée franchement ça dégoûte un tel service 72h que jai max box et aucune nouvelle de lactivation cest abusé sans déconner,2025-11-03 15:52:31
1910680153560175086,2025-04-11 15:03:41 +02:00,mnugrr,"@Xavier75 je viens d’emménager dans un immeuble neuf, je voudrais installer la fibre @free avec la nouvelle offre #FreeboxPopS mais le site free indique que c’est pas disponible, alors que chez orange et sfr c’est disponible. Comment faire ?",je viens demménager dans un immeuble neuf je voudrais installer la fibre avec la nouvelle offre mais le site free indique que cest pas disponible alors que chez orange et sfr cest disponible comment faire,2025-11-03 15:52:31
1910710525261914547,2025-04-11 17:04:23 +02:00,maximegiovanne1,"@free c’est quand que vous revenez réparer la fibre chez moi, je peux plus jouer à @RocketLeague depuis cinq jours ça me gratte les veines",cest quand que vous revenez réparer la fibre chez moi je peux plus jouer à depuis cinq jours ça me gratte les veines,2025-11-03 15:52:31
1910766130509083083,2025-04-11 20:45:20 +02:00,senkutoujours,@free venez dm jai 2-3 trucs a vous dire c urgent,venez dm jai 23 trucs a vous dire c urgent,2025-11-03 15:52:31
1911090558006599743,2025-04-12 18:14:30 +02:00,DadiFairman,@free Bonjour cela fait plus d’un mois que j’essaie de renvoyer votre matériel en relais colis. J’ai appelé 4 fois le service client et toujours pas de solution sauf payer un recommandé à la Poste. Je pense que reef aurait réussi à me générer un nouveau QR code 🙃😭,bonjour cela fait plus dun mois que jessaie de renvoyer votre matériel en relais colis jai appelé 4 fois le service client et toujours pas de solution sauf payer un recommandé à la poste je pense que reef aurait réussi à me générer un nouveau qr code,2025-11-03 15:52:31
1911100032558006457,2025-04-12 18:52:08 +02:00,actKurza,@Freebox pitié ça fait 3 semaines j’ai pas de wifi,pitié ça fait 3 semaines jai pas de wifi,2025-11-03 15:52:31
1911348970023969195,2025-04-13 11:21:20 +02:00,lonelylittleT,@Freebox 3 semaines que toutes les 10 min ma freebox redémarre et bloque a l’étape 3 ! \nToujours aucun changement malgré mes appels ! Insupportable 😓 \nBon bah je vais me faire un plaisir de changer d’opérateur !,3 semaines que toutes les 10 min ma freebox redémarre et bloque a létape 3 ntoujours aucun changement malgré mes appels insupportable nbon bah je vais me faire un plaisir de changer dopérateur,2025-11-03 15:52:31
1911789022956990508,2025-04-14 16:29:57 +02:00,DugruC,@free  on peut discuter de vos offres ?,on peut discuter de vos offres,2025-11-03 15:52:31
1912394804530499793,2025-04-16 08:37:06 +02:00,jlb_71,Bonjour @free y a t’il un problème avec les box.,bonjour y a til un problème avec les box,2025-11-03 15:52:31
1912472655317344748,2025-04-16 13:46:27 +02:00,AlexisRbru,"Bonjour @Freebox @freemobile @free @Xavier75 Je n’ai plus la fibre depuis 3 mois, peut être la réparé le 25/04, le problème aujourd’hui c’est que le seul point d’accès à internet que j’avais était la 4G/5G, sauf que ce matin l’antenne à côté de chez moi est tombé en panne.",bonjour je nai plus la fibre depuis 3 mois peut être la réparé le 2504 le problème aujourdhui cest que le seul point daccès à internet que javais était la 4g5g sauf que ce matin lantenne à côté de chez moi est tombé en panne,2025-11-03 15:52:31
1912640497073508682,2025-04-17 00:53:24 +02:00,hajiyn95,Ma freebox et ma ligne portable free sont HS.\n@free y’a un problème ?,ma freebox et ma ligne portable free sont hsn ya un problème,2025-11-03 15:52:31
1912640753727132161,2025-04-17 00:54:25 +02:00,Reusinho92,"@free @freemobile @Freebox \nDepuis lundi j’ai pas internet sur ma box, merci de faire le nécessaire JE TRAVAILLE",ndepuis lundi jai pas internet sur ma box merci de faire le nécessaire je travaille,2025-11-03 15:52:31
1912655378908688752,2025-04-17 01:52:32 +02:00,Amar_Escobar76,"Je crois c’est la guerre là carrément toute ma co (5g,wifi) s’est arrêtée d’un coup @free faite quelque chose svp 😅",je crois cest la guerre là carrément toute ma co 5gwifi sest arrêtée dun coup faite quelque chose svp,2025-11-03 15:52:31
1912658367480283250,2025-04-17 02:04:24 +02:00,Medhileckmasta,C’est normal j’ai plus eu de wifi ni de réseau mobile ni de reseau tout court pendant 6 mn la ????? @free,cest normal jai plus eu de wifi ni de réseau mobile ni de reseau tout court pendant 6 mn la,2025-11-03 15:52:31
1912772062172553252,2025-04-17 09:36:11 +02:00,Alexandrevrd,"@free pourquoi est-ce que je n'ai plus aucun réseau depuis hier 18h??? Je paye 30€ par mois, c'est une blague?",pourquoi estce que je nai plus aucun réseau depuis hier 18h je paye 30 par mois cest une blague,2025-11-03 15:52:31
1912830280747876428,2025-04-17 13:27:32 +02:00,KlimkaVr,"@free \nAvant l'arrivée des techniciens free &gt; j'avais internet !\nAprès l'arrivée des techniciens free &gt; j'ai plus internet...\n\nLes techniciens était top mais j'ai plus internet, génial ma première journée chez @Freebox 😎",navant larrivée des techniciens free gt javais internet naprès larrivée des techniciens free gt jai plus internetnnles techniciens était top mais jai plus internet génial ma première journée chez,2025-11-03 15:52:31
1913974251557634465,2025-04-20 17:13:16 +02:00,jodellavega,"@free @Freebox cela fait plus de 4 jours que je n’ai plus internet, aucune reponse de l’assistance impossible de joindre un conseiller. Comment faire ?",cela fait plus de 4 jours que je nai plus internet aucune reponse de lassistance impossible de joindre un conseiller comment faire,2025-11-03 15:52:31
1915097447266668932,2025-04-23 19:36:26 +02:00,RocwoDeRetour,@Freebox @free Des infos ? Votre fibre est totalement down https://t.co/ip5szLpDtp,des infos votre fibre est totalement down,2025-11-03 15:52:31
1915099532926349704,2025-04-23 19:44:44 +02:00,PascalSenicourt,#zimbra #free @free un soucis de messagerie ?,un soucis de messagerie,2025-11-03 15:52:31
1916075004074115097,2025-04-26 12:20:54 +02:00,MaximeCulea,"@free @Freebox Bonjour c'est normal que je viens de payer mon abonnement Netflix à l'instant en plus de mon offre #Netflix incluse dans mon abonnement BOX #Free ?\nQuand je vais sur votre site pour vérifier, il y a une erreur : https://t.co/oRtSGMqGAs",bonjour cest normal que je viens de payer mon abonnement netflix à linstant en plus de mon offre incluse dans mon abonnement box nquand je vais sur votre site pour vérifier il y a une erreur,2025-11-03 15:52:31
1916199592409928131,2025-04-26 20:35:58 +02:00,Yann867592,Chère équipe @free @Freebox c est possible de passer en DM suite à email indiquant que je n ai pas restitué le matériel suite à résiliation alors même que j ai le dépôt de preuve de l envoi.\nMerci d avance,chère équipe c est possible de passer en dm suite à email indiquant que je n ai pas restitué le matériel suite à résiliation alors même que j ai le dépôt de preuve de l envoinmerci d avance,2025-11-03 15:52:31
1916215857920778705,2025-04-26 21:40:36 +02:00,Sjk242,"@Freebox Bonsoir free, un problème dans le sud ouest ce soir? Ni fibre ni 5g sur ascain/hendaye ce soir",bonsoir free un problème dans le sud ouest ce soir ni fibre ni 5g sur ascainhendaye ce soir,2025-11-03 15:52:31
1916505335193370887,2025-04-27 16:50:53 +02:00,HabbadiItab,Bravo @free je suis déçu après tant d’années chez vous. Votre technicien « Premium » soi-disant me demande d’acheter un cpl pour avoir une connexion tv fiable alors que j’ai la fibre. J’ai pris la nouvelle box et je regrette déjà. Je vais partir chez un concurrent malheureusement,bravo je suis déçu après tant dannées chez vous votre technicien premium soidisant me demande dacheter un cpl pour avoir une connexion tv fiable alors que jai la fibre jai pris la nouvelle box et je regrette déjà je vais partir chez un concurrent malheureusement,2025-11-03 15:52:31
1916752196546240600,2025-04-28 09:11:49 +02:00,ThomasTriger,Euuuuuh @free @Xavier75 pourquoi j’ai plus du tout internet depuis hier soir?,euuuuuh pourquoi jai plus du tout internet depuis hier soir,2025-11-03 15:52:31
1916775210079973705,2025-04-28 10:43:16 +02:00,Ax0sPie,"⸻\n\nBonjour @Freebox\nClient Free, ma prise fibre (PTO) n’est toujours pas raccordée malgré mes relances.\nJ’aimerais éviter de changer d’opérateur.\nMerci de m’apporter une solution rapide. #Freebox #Fibre",nnbonjour nclient free ma prise fibre pto nest toujours pas raccordée malgré mes relancesnjaimerais éviter de changer dopérateurnmerci de mapporter une solution rapide,2025-11-03 15:52:31
1916926696172761285,2025-04-28 20:45:13 +02:00,JulienReview,":\n\n@Free_1337 @Freebox Bonjour, j’ai souscrit à une Freebox par démarchage à domicile. On ne m’a pas précisé que Netflix et Disney+ sont avec publicité. Je souhaite exercer mon droit de rétractation immédiatement. Merci de m’indiquer la procédure urgente.",nn bonjour jai souscrit à une freebox par démarchage à domicile on ne ma pas précisé que netflix et disney sont avec publicité je souhaite exercer mon droit de rétractation immédiatement merci de mindiquer la procédure urgente,2025-11-03 15:52:31
1917141651073417564,2025-04-29 10:59:23 +02:00,rastakarai,@free on a un problème de box tv depuis hier soir. Les redémarrages/débranchages ne changent rien.\nService mobile et fibre sont ok. Vous pouvez m'aider ?,on a un problème de box tv depuis hier soir les redémarragesdébranchages ne changent riennservice mobile et fibre sont ok vous pouvez maider,2025-11-03 15:52:31
1917191282113282385,2025-04-29 14:16:36 +02:00,Kawaltee,"@free @Freebox  Hello - j'ai envoyé un message mercredi dernier sur le Messenger et toujours pas de réponses, c'est normal un délai pareil?",hello jai envoyé un message mercredi dernier sur le messenger et toujours pas de réponses cest normal un délai pareil,2025-11-03 15:52:31
1917214038968197489,2025-04-29 15:47:01 +02:00,SoJanuel,".@Freebox c est un enfer : impossible de vous joindre sur le nvel ID fbx et sur l ancien : on vous a transferé, on ne vous repond pas.\nLe code a 4 chiffres est refusé. Que fait-on à part tourner en rond ?",c est un enfer impossible de vous joindre sur le nvel id fbx et sur l ancien on vous a transferé on ne vous repond pasnle code a 4 chiffres est refusé que faiton à part tourner en rond,2025-11-03 15:52:31
1917246995171082344,2025-04-29 17:57:59 +02:00,Klipxsoo,"Bon @free cela fait 1 moi que je suis dans mon appartement et que j’attend un rendez-vous pour ma fibre , soit disant pas de place j’aimerai que vous vous dépêcher là",bon cela fait 1 moi que je suis dans mon appartement et que jattend un rendezvous pour ma fibre soit disant pas de place jaimerai que vous vous dépêcher là,2025-11-03 15:52:31
1917529605491024290,2025-04-30 12:40:58 +02:00,sooooo_tan,"@free @Freebox Bonjour Free, mail bloqué car compromis et impossible de la debloquer si je ne suis pas pres de ma Freebox. Or je suis actuellement à l’etranger et dans l’impossibilité de me connecter a ma box et besoin d’utiliser mon mail d’urgence!! Merci",bonjour free mail bloqué car compromis et impossible de la debloquer si je ne suis pas pres de ma freebox or je suis actuellement à letranger et dans limpossibilité de me connecter a ma box et besoin dutiliser mon mail durgence merci,2025-11-03 15:52:31
1917645262752764025,2025-04-30 20:20:33 +02:00,HamkosRcm,Est ce que je suis le seul à ne pas avoir de Wifi avec FREE chez moi @free ??,est ce que je suis le seul à ne pas avoir de wifi avec free chez moi,2025-11-03 15:52:31
1917689677026337189,2025-04-30 23:17:02 +02:00,maxitoy,"@Freebox  bonjour pourquoi j'ai un rdv le 9 mai alors que ma box marche en dilettante depuis une semaine pour moins d'un mois d'utilisation. Bon là c'est HS complet. Je fais comment moi ?!  Télétravail, divertissement le soir pour me remettre du télétravail hein. Je suis dégouté",bonjour pourquoi jai un rdv le 9 mai alors que ma box marche en dilettante depuis une semaine pour moins dun mois dutilisation bon là cest hs complet je fais comment moi télétravail divertissement le soir pour me remettre du télétravail hein je suis dégouté,2025-11-03 15:52:31
1917868523864412280,2025-05-01 11:07:43 +02:00,BonnieNamiko,J’ai pas la wifi depuis hier !!! @Freebox,jai pas la wifi depuis hier,2025-11-03 15:52:31
1917891521216467117,2025-05-01 12:39:06 +02:00,renpazinzin,"@free @Freebox je suis bloqué à l’étape 2 depuis ce matin. Évidemment faut que ça arrive le 1er mai. Malgré ce message explicite, personne pour prendre en charge le problème. \nQuelqu’un aurait une solution peut-être ? https://t.co/ZyEN3oMM25",je suis bloqué à létape 2 depuis ce matin évidemment faut que ça arrive le 1er mai malgré ce message explicite personne pour prendre en charge le problème nquelquun aurait une solution peutêtre,2025-11-03 15:52:31
1918237101184663733,2025-05-02 11:32:18 +02:00,shayaajin,@free bjr  j’ai pas de connexion depuis une heure il se passe quoi ?,bjr jai pas de connexion depuis une heure il se passe quoi,2025-11-03 15:52:31
1918404437543895119,2025-05-02 22:37:14 +02:00,MeauxKevin77,@free bsr je voudrais un renseignement s il vous plait,bsr je voudrais un renseignement s il vous plait,2025-11-03 15:52:31
1918613885126345097,2025-05-03 12:29:30 +02:00,BikettedeCombat,"@Freebox Bonjour,  J’ai un souci avec ma Freebox Ultra. J’ai installé un disque dur SSD M.2 neuf dans la box et l’ai formaté,j'arrive pas a avoir accès a mes film j'ai contacter le 3244  incapable de nous aider,  nous laisse seul au tél obligé de couper car plus personne honteux",bonjour jai un souci avec ma freebox ultra jai installé un disque dur ssd m2 neuf dans la box et lai formatéjarrive pas a avoir accès a mes film jai contacter le 3244 incapable de nous aider nous laisse seul au tél obligé de couper car plus personne honteux,2025-11-03 15:52:31
1918776138530242744,2025-05-03 23:14:15 +02:00,adriendeg1,"@free @Xavier75 bonjour à tous, je suis en Bolivie et j’ai eu un hors forfait de 60€ alors qu’il me restait du forfait, on peut y remédier svp ?",bonjour à tous je suis en bolivie et jai eu un hors forfait de 60 alors quil me restait du forfait on peut y remédier svp,2025-11-03 15:52:31
1918937716198187355,2025-05-04 09:56:18 +02:00,PFreminville,"@free ça ressemble à une mauvaise blague.\nPourtant le message semble authentique.\nEt vous laissez faire un ""écrasement de ligne"" ?\nPourtant je n'ai rien demandé et vous dites vous-même que je dois résilier si je le souhaite. https://t.co/yPt1ovwrzE",ça ressemble à une mauvaise blaguenpourtant le message semble authentiquenet vous laissez faire un écrasement de ligne npourtant je nai rien demandé et vous dites vousmême que je dois résilier si je le souhaite,2025-11-03 15:52:31
1919047385885352278,2025-05-04 17:12:05 +02:00,m8gal,"Bon @free a un moment donné jsp, mais c'dépanner vos abonnés, 1 semaine que le ticket est ouvert, 3 appels de notre part et on trouve toujours pas le planning du technicien (c'est exactement ce qu'on nous répond quand même), je vais avoir le droit au service que je buy ouuu",bon a un moment donné jsp mais cdépanner vos abonnés 1 semaine que le ticket est ouvert 3 appels de notre part et on trouve toujours pas le planning du technicien cest exactement ce quon nous répond quand même je vais avoir le droit au service que je buy ouuu,2025-11-03 15:52:31
1919063621344145438,2025-05-04 18:16:36 +02:00,vjamartins,Bonjour @free @Freebox j’ai souscrit à votre offre Freebox le 18/03 et un technicien s’est déplacé pour l’installation de la fibre sans parvenir à faire le raccordement. Depuis 2 rdv annulés la veille… dernier contact on me propose le 06/06. Difficile d’être client chez vous…,bonjour jai souscrit à votre offre freebox le 1803 et un technicien sest déplacé pour linstallation de la fibre sans parvenir à faire le raccordement depuis 2 rdv annulés la veille dernier contact on me propose le 0606 difficile dêtre client chez vous,2025-11-03 15:52:31
1919278421558919386,2025-05-05 08:30:08 +02:00,pl_dric,Rupture de service internet fibre depuis 4 jours avec @free.\nÇa fait 3 fois en deux ans sur des périodes longues comme ça. Télétravail qui recommence ce matin je fais quoi ? \nOn va vite changer d’opérateur ça devient ridicule ce niveau de service client. @Freebox @Xavier75,rupture de service internet fibre depuis 4 jours avec nça fait 3 fois en deux ans sur des périodes longues comme ça télétravail qui recommence ce matin je fais quoi non va vite changer dopérateur ça devient ridicule ce niveau de service client,2025-11-03 15:52:31
1919304367485710749,2025-05-05 10:13:14 +02:00,Xavier75,On vous les rembourse si vous passez chez Free,on vous les rembourse si vous passez chez free,2025-11-03 15:52:31
1919340835843272960,2025-05-05 12:38:09 +02:00,Shinzo971,"@free Bonjour, ça fait 2 mois que je n'ai plus internet car SFR, étant l'opérateur d'infrastructure, ne fait rien. Ils ont donné une date de rétablissement prévisionnel au 31 mars qui a été largement dépassée. Merci de trouver une solution et rapidement",bonjour ça fait 2 mois que je nai plus internet car sfr étant lopérateur dinfrastructure ne fait rien ils ont donné une date de rétablissement prévisionnel au 31 mars qui a été largement dépassée merci de trouver une solution et rapidement,2025-11-03 15:52:31
1919344662759817378,2025-05-05 12:53:21 +02:00,_Mittico,"S'il vous plaît @free @Xavier75 , pouvez vous m'installer la fibre, je suis le seul dans mon quartier a ne pas l'avoir",sil vous plaît pouvez vous minstaller la fibre je suis le seul dans mon quartier a ne pas lavoir,2025-11-03 15:52:31
1919373032088338887,2025-05-05 14:46:05 +02:00,GaelLeBohec,"@Xavier75 \n@free @Freebox \nIl a pas tout compris:\n1 mois après l'installat°, toujours pas accès réseau fibre, malgré:\n- ➕️  de 50 cps de tél\n- ➕️ de 5h au ☎️ \nTjrs la même réponse: "" je vous comprends Mr"" et pas d'info\nEn tt cas pas oublié d'envoyer la facture ⤵️\nHallucinant https://t.co/bSUbZuO4zo",n nil a pas tout comprisn1 mois après linstallat toujours pas accès réseau fibre malgrén de 50 cps de téln de 5h au ntjrs la même réponse je vous comprends mr et pas dinfonen tt cas pas oublié denvoyer la facture nhallucinant,2025-11-03 15:52:31
1919377177700651266,2025-05-05 15:02:34 +02:00,Crypt0_Lucky,"A l’époque sur le freebox @Freebox @free Revolution y avait une partie ""Replay"" et on avait tout ce qu'il y avait eu a la tele sur les 2-3 derniers jours. Y a plus ca sur la Freebox Pop ?\nJe veux voir Wakanda qu'il y avait hier soir sur @TF1",a lépoque sur le freebox revolution y avait une partie replay et on avait tout ce quil y avait eu a la tele sur les 23 derniers jours y a plus ca sur la freebox pop nje veux voir wakanda quil y avait hier soir sur,2025-11-03 15:52:31
1919428356178620758,2025-05-05 18:25:56 +02:00,QuicK_i_m,Comment ça je me réveille et je vois que @free  à annuler mon rdv installation fibre du 19 mai pour me proposer un rdv le 9 juin alors que la fibre devais être installer le 1er avril . @Xavier75 on fait quoi ? parceque @Orange_France  me l'installe le 12 mai si je soucrit now !,comment ça je me réveille et je vois que à annuler mon rdv installation fibre du 19 mai pour me proposer un rdv le 9 juin alors que la fibre devais être installer le 1er avril on fait quoi parceque me linstalle le 12 mai si je soucrit now,2025-11-03 15:52:31
1919440271038648455,2025-05-05 19:13:16 +02:00,FlorianFinder,écrasement de ma ligne internet par @free @Freebox @UniversFreebox sans prévenir aujourd'hui !! Impossible de les joindre et on tombe que sur l'ia qui comprend rien et qui ne vous aide pas !,écrasement de ma ligne internet par sans prévenir aujourdhui impossible de les joindre et on tombe que sur lia qui comprend rien et qui ne vous aide pas,2025-11-03 15:52:31
1919445216198590471,2025-05-05 19:32:55 +02:00,MaxdeTech,Par contre : je viens de résilier mon offre Freebox\navec le motif de l’article L224-33 du Code de la consommation : tout consommateur peut « résilier le contrat sans aucun frais et sans droit à dédommagement.\nEt je dois payer les frais de Résiliation ! \n@free @Freebox https://t.co/EXnHetZnq8,par contre je viens de résilier mon offre freeboxnavec le motif de larticle l22433 du code de la consommation tout consommateur peut résilier le contrat sans aucun frais et sans droit à dédommagementnet je dois payer les frais de résiliation n,2025-11-03 15:52:31
1919508263420260382,2025-05-05 23:43:27 +02:00,minuitpile2,@free @Xavier75 est-ce que c’est normal qu’après 1 mois et demi je n’ai pas d’accès à internet ni même de rdv pour raccorder une simple fibre ? @Freebox https://t.co/inLTw8Os2J,estce que cest normal quaprès 1 mois et demi je nai pas daccès à internet ni même de rdv pour raccorder une simple fibre,2025-11-03 15:52:31
1919682115857228086,2025-05-06 11:14:17 +02:00,faculty07,"Pas de réseau depuis 2j, 0 réponse de l'assistance @Freebox mais on est content parce que Xavier a racheté un club de foot... https://t.co/uPvpfV8L9L",pas de réseau depuis 2j 0 réponse de lassistance mais on est content parce que xavier a racheté un club de foot,2025-11-03 15:52:31
1919694105380098113,2025-05-06 12:01:55 +02:00,Bobodughetto,"@Freebox ma connexion a été coupée depuis une semaine, depuis zéro nouvelle. Aucune information partagée pour savoir quel est le problème, ni aucune date de rétablissement de ligne, c’est normal ça ????",ma connexion a été coupée depuis une semaine depuis zéro nouvelle aucune information partagée pour savoir quel est le problème ni aucune date de rétablissement de ligne cest normal ça,2025-11-03 15:52:31
1919813368707219679,2025-05-06 19:55:50 +02:00,abbas_brahim,@Freebox freeeeeeee oh freeeeeee\nPouvez-vous me dire où en est la raccordement de la fibre chez moiiiii 😭😭😭😭,freeeeeeee oh freeeeeeenpouvezvous me dire où en est la raccordement de la fibre chez moiiiii,2025-11-03 15:52:31
1920175531518988726,2025-05-07 19:54:56 +02:00,OfficielDjFloop,"Hello\n@free va maintenant trop vite pour raccorder ses abonnés #fibre\nSouscription Dimanche 04 et aujourd’hui le 07 avec leur service « pas de déplacement de tech » #raccordement fait ✅ \nSauf que la #Freebox n’est pas encore arrivé !\nElle sera livrée le 10/05, +3j sans internet https://t.co/Qb99D9GrQr",hellon va maintenant trop vite pour raccorder ses abonnés nsouscription dimanche 04 et aujourdhui le 07 avec leur service pas de déplacement de tech fait nsauf que la nest pas encore arrivé nelle sera livrée le 1005 3j sans internet,2025-11-03 15:52:31
1920192429468053730,2025-05-07 21:02:05 +02:00,fastier_antony,"Bon @free malgré plusieurs relances, aucune réponse. Pour résumer j'ai pris un abonnement il y a 2 ans qui après moultes difficultés techniques a été activé il y a 2 mois, en attendant j'ai payé l'abonnement depuis le début, que faire ?",bon malgré plusieurs relances aucune réponse pour résumer jai pris un abonnement il y a 2 ans qui après moultes difficultés techniques a été activé il y a 2 mois en attendant jai payé labonnement depuis le début que faire,2025-11-03 15:52:31
1920411130083577914,2025-05-08 11:31:07 +02:00,Nyar_MX,"@free 2 jours que ma freebox est bloqué à l'étape 2, même pas une réponse de la part du service d'assistance technique.",2 jours que ma freebox est bloqué à létape 2 même pas une réponse de la part du service dassistance technique,2025-11-03 15:52:31
1920442651263865320,2025-05-08 13:36:22 +02:00,Aliplmr,"@Freebox bonjour, depuis hier je n’ai plus accès aux chaînes tv. Je peux utiliser netflix etc mais quand je veux mettre la tv et que je clique sur une chaîne l’écran reste noir et rien ne se passe. Comment ça se fait ?",bonjour depuis hier je nai plus accès aux chaînes tv je peux utiliser netflix etc mais quand je veux mettre la tv et que je clique sur une chaîne lécran reste noir et rien ne se passe comment ça se fait,2025-11-03 15:52:31
1920469450148516138,2025-05-08 15:22:52 +02:00,TwitekOffi,Bon @free et @Freebox !\n\nJ’ai plus internet depuis 3 jours… aucune solution donné de votre part.\nUn technicien est passé hier en début d’après midi et il me dit qu’il allait faire une demande car il pouvait rien y faire + après je reçois une notification demande rdv annulé 1/2,bon et nnjai plus internet depuis 3 jours aucune solution donné de votre partnun technicien est passé hier en début daprès midi et il me dit quil allait faire une demande car il pouvait rien y faire après je reçois une notification demande rdv annulé 12,2025-11-03 15:52:31
1920524223442784697,2025-05-08 19:00:31 +02:00,dooonooovaaan,"Bonjour @Freebox sur la freebox pop player de mon père, la box se met automatiquement en 576p comment ça se fait ?",bonjour sur la freebox pop player de mon père la box se met automatiquement en 576p comment ça se fait,2025-11-03 15:52:31
1920757351667163153,2025-05-09 10:26:53 +02:00,IndiaNewsNetwk,Service déplorable de @free. Je pars au Canada et je dois résilier mon abonnement Freebox Pop.\nAucun support par téléphone malgré des dizaines d’appels depuis hier. Aucun retour du service client malgré plusieurs messages.\nIdentifiant : fbx35105418\nLigne : 09 53 19 05 34\nLa boutique Free refuse le matériel : “vous recevrez un mail”. Je serai déjà au Canada !\nJe ne sais plus quoi faire. Aucune aide. Aucun suivi.\n#Freebox #ServiceClient #Resiliation #Telecom #FranceTelecom\n@Xavier75 @Orange_France @SFR @bouyguestelecom @REDbySFR @Sosh_fr\n@60millions @UFCquechoisir @franceinfo @lemondefr @le_Parisien @bfmtv @Mediapart\n#HelpFree #FreeMobileFail #CustomerServiceFail #SupportClient #StopFreeAbuse,service déplorable de je pars au canada et je dois résilier mon abonnement freebox popnaucun support par téléphone malgré des dizaines dappels depuis hier aucun retour du service client malgré plusieurs messagesnidentifiant fbx35105418nligne 09 53 19 05 34nla boutique free refuse le matériel vous recevrez un mail je serai déjà au canada nje ne sais plus quoi faire aucune aide aucun suivin n n n,2025-11-03 15:52:31
1921821822749647161,2025-05-12 08:56:42 +02:00,Earthcruser,"@Freebox 10J que j'ai validé ma demande de déménagement et je n'ai toujours pas eu d'appel de vos services, malgré ça je paye un abonné...",10j que jai validé ma demande de déménagement et je nai toujours pas eu dappel de vos services malgré ça je paye un abonné,2025-11-03 15:52:31
1922210523510108318,2025-05-13 10:41:16 +02:00,maat_02,"Je suis passé chez FREE. \nDu coup j'ai plus de  téléphone, plus d'internet...\nMerci @free !!!\n\n@freemobile @Freebox https://t.co/tvX5Pdm8nU",je suis passé chez free ndu coup jai plus de téléphone plus dinternetnmerci nn,2025-11-03 15:52:31
1922256078525301233,2025-05-13 13:42:17 +02:00,aparisianbitch,J'ai une offre Internet qui ne me correspond pas et maintenant que @free propose une offre parfaite pour moi je n'ai pas accès car elle est moins chère. C'est normal @Freebox et @Xavier75? Je vais devoir passer à la concurrence alors que je voulais rester chez vous ...,jai une offre internet qui ne me correspond pas et maintenant que propose une offre parfaite pour moi je nai pas accès car elle est moins chère cest normal et je vais devoir passer à la concurrence alors que je voulais rester chez vous,2025-11-03 15:52:31
1922363441521602999,2025-05-13 20:48:54 +02:00,Sarafu89,Bon ma @Freebox est bloquée sur l'étape 2 depuis que je suis rentrée du travail j'ai eu beau débrancher et rebrancher ça fait plusieurs heures que c'est bloqué à l'étape 2. J'en peux plus...,bon ma est bloquée sur létape 2 depuis que je suis rentrée du travail jai eu beau débrancher et rebrancher ça fait plusieurs heures que cest bloqué à létape 2 jen peux plus,2025-11-03 15:52:31
1922489656018424164,2025-05-14 05:10:26 +02:00,newjeannssss,@free 4 heure que je regarde mon mur pcq j’ai rien a faaire putain c’est pas possible arrêter de bug un jour pitié,4 heure que je regarde mon mur pcq jai rien a faaire putain cest pas possible arrêter de bug un jour pitié,2025-11-03 15:52:31
1922564681622757884,2025-05-14 10:08:34 +02:00,nainportkoi,@Freebox bonjour. Nous avons des problèmes avec notre box. Reste bloqué sur Étape 2 depuis hier. Que faire ? Merci,bonjour nous avons des problèmes avec notre box reste bloqué sur étape 2 depuis hier que faire merci,2025-11-03 15:52:31
1922604198723502467,2025-05-14 12:45:35 +02:00,sergionimo37,"@free @Freebox nouveau client depuis vendredi, le conseiller  se trompe de mail met .com à la place de .fr et depuis grosse galère on tourne en rond,  impossible de prendre un rdv avec le technicien pour l installation de la fibre , depuis lundi j attend le mail et rien",nouveau client depuis vendredi le conseiller se trompe de mail met com à la place de fr et depuis grosse galère on tourne en rond impossible de prendre un rdv avec le technicien pour l installation de la fibre depuis lundi j attend le mail et rien,2025-11-03 15:52:31
1922643829821255873,2025-05-14 15:23:04 +02:00,julienthemonkey,"@FreePro @free @Xavier75 Est-ce normal que des tickets soient ouverts depuis trois semaines car nous n’avons pas de connexion, qu’aucune intervention n’ait encore eu lieu, et que la sauvegarde ne fonctionne toujours pas malgré les procédures demandées ? (Ticket #230633)",estce normal que des tickets soient ouverts depuis trois semaines car nous navons pas de connexion quaucune intervention nait encore eu lieu et que la sauvegarde ne fonctionne toujours pas malgré les procédures demandées ticket,2025-11-03 15:52:31
1922679052034343362,2025-05-14 17:43:02 +02:00,yelen,"@Freebox Bjr Free m'a demandé ce matin de les contacter d'urgence car il y a une demande d'écrasement de ma ligne par un autre opérateur. J'essaye vainement de joindre les services concernés, j'ai laissé plusieurs messages, mais impossible de parler à un HUMAIN !!! #SAVkafkaien",bjr free ma demandé ce matin de les contacter durgence car il y a une demande décrasement de ma ligne par un autre opérateur jessaye vainement de joindre les services concernés jai laissé plusieurs messages mais impossible de parler à un humain,2025-11-03 15:52:31
1922682329044017479,2025-05-14 17:56:03 +02:00,shinjuku174,@free @freemobile il se passe quoi dans le Nord-Est on n’a plus de réseau ???,il se passe quoi dans le nordest on na plus de réseau,2025-11-03 15:52:31
1922730983981297929,2025-05-14 21:09:23 +02:00,DarkAntoSW,10 jours qu'il n'y a plus de connexion internet dans mon quartier. 10 jours que s'est signalé et que personne ne fait rien. Les techniciens SFR m'ont dit que ça venait d'Orange. @Orange_France vous comptez faire quelque chose un jour ?,10 jours quil ny a plus de connexion internet dans mon quartier 10 jours que sest signalé et que personne ne fait rien les techniciens sfr mont dit que ça venait dorange vous comptez faire quelque chose un jour,2025-11-03 15:52:31
1922891654819709087,2025-05-15 07:47:50 +02:00,kilyoss12,@free @Freebox s’il vous plaît sa fait 3 semaine sans connexion je joue en partage de connexion aider moi https://t.co/7GlLeQWcwW,sil vous plaît sa fait 3 semaine sans connexion je joue en partage de connexion aider moi,2025-11-03 15:52:31
1922959566616084772,2025-05-15 12:17:42 +02:00,DJ_one_p,"@free @Freebox @Xavier75 donc je ne demande rien, tout fonctionne et je reçois cela. Je n’ai jamais demandé d’écrasement de ligne. Je me manifeste dix minutes après avoir reçu ce mail. Seule réponse apportée par le service client : c’est pas de notre faute https://t.co/w1298RR6N1",donc je ne demande rien tout fonctionne et je reçois cela je nai jamais demandé décrasement de ligne je me manifeste dix minutes après avoir reçu ce mail seule réponse apportée par le service client cest pas de notre faute,2025-11-03 15:52:31
1922988594538443128,2025-05-15 14:13:02 +02:00,Sweubi,"@free qui ignore ma résiliation et me facture alors que je n'ai ni box ni ligne on est où ?\nJe peux même pas joindre quelqu'un pr faire résilier ma ligne parce qu'au téléphone la seule option dispo est de payer alors que je dois rien, puisque j'avais résilié\n@Freebox @Xavier75",qui ignore ma résiliation et me facture alors que je nai ni box ni ligne on est où nje peux même pas joindre quelquun pr faire résilier ma ligne parce quau téléphone la seule option dispo est de payer alors que je dois rien puisque javais résilién,2025-11-03 15:52:31
1923005397939470394,2025-05-15 15:19:49 +02:00,NeverTakeIt_,@free c’est la TROISIÈME FOIS qu’on nous annule le rdv pour la fibre la veille pour le lendemain alors que je pose un congé exprès. DEUX MOIS ET DEMI qu’on attend d’avoir la wifi. Si vous voulez pas de clients faut le dire direct en fait au lieu d’être incompétent comme ça,cest la troisième fois quon nous annule le rdv pour la fibre la veille pour le lendemain alors que je pose un congé exprès deux mois et demi quon attend davoir la wifi si vous voulez pas de clients faut le dire direct en fait au lieu dêtre incompétent comme ça,2025-11-03 15:52:31
1923044531773010093,2025-05-15 17:55:19 +02:00,Hinakiki77,@free @Xavier75 @Freebox \nBonjour je n'ai pas d'accès Internet depuis le 29 avril personne n'est capable de me trouver une solution ou de me donner une clé 4G comment peut-on faire s'il vous plaît ?,nbonjour je nai pas daccès internet depuis le 29 avril personne nest capable de me trouver une solution ou de me donner une clé 4g comment peuton faire sil vous plaît,2025-11-03 15:52:31
1923129030187885048,2025-05-15 23:31:05 +02:00,amani2009,@Freebox un problème est survenu dans les chaînes TV je regarde arryadia (maroc) sur la chaîne 558  je ne la trouve plus et la chaîne 432 nom arryadia c'est une chaîne de diffusion africaine REFLET TV avec logo de la chaîne marocaine ?Ou on va avec vos problèmes 😡,un problème est survenu dans les chaînes tv je regarde arryadia maroc sur la chaîne 558 je ne la trouve plus et la chaîne 432 nom arryadia cest une chaîne de diffusion africaine reflet tv avec logo de la chaîne marocaine ou on va avec vos problèmes,2025-11-03 15:52:31
1923316258537103752,2025-05-16 11:55:04 +02:00,syzygievariable,@Freebox bonjour pouvez vous me répondre ?,bonjour pouvez vous me répondre,2025-11-03 15:52:31
1923348766339264606,2025-05-16 14:04:14 +02:00,loicolit,@free remboursez mon argent ça fait un mois votre box ne fonctionne pas,remboursez mon argent ça fait un mois votre box ne fonctionne pas,2025-11-03 15:52:31
1923352402201026857,2025-05-16 14:18:41 +02:00,Bisou93,"@free y a un bug dans votre appli pour ajouter un technicien qui vient réparer la fibre? Il n'y a aucun créneau de dispo 😲\nD'habitude, quand @SFR me débranche, vous passez le lendemain",y a un bug dans votre appli pour ajouter un technicien qui vient réparer la fibre il ny a aucun créneau de dispo ndhabitude quand me débranche vous passez le lendemain,2025-11-03 15:52:31
1923456267428761634,2025-05-16 21:11:24 +02:00,TheFLTawa,"@free 50€ par mois, tu pars le matin ça marche tu reviens chez toi le soir, avec personne chez toi toute la journée, plus rien ne  fonctionne",50 par mois tu pars le matin ça marche tu reviens chez toi le soir avec personne chez toi toute la journée plus rien ne fonctionne,2025-11-03 15:52:31
1923478300812300349,2025-05-16 22:38:58 +02:00,lvignaud3,@free @Freebox bientôt 2 semaines sans wifi ! Des messages avec le support qui me dise de patienter mais 2 semaines sans wifi je patiente plus enfaite. Tous mes abonnements du mois qui mon servi à rien pendant deux semaines vous comptez faire quelque chose ?,bientôt 2 semaines sans wifi des messages avec le support qui me dise de patienter mais 2 semaines sans wifi je patiente plus enfaite tous mes abonnements du mois qui mon servi à rien pendant deux semaines vous comptez faire quelque chose,2025-11-03 15:52:31
1923693650703224977,2025-05-17 12:54:41 +02:00,philippeyaiche,@Xavier75 maintenance de @Free depuis Mercredi...rétablissement prévu la semaine prochaine ! Merci @free ! @Freebox,maintenance de depuis mercredirétablissement prévu la semaine prochaine merci,2025-11-03 15:52:31
1923783995948515502,2025-05-17 18:53:41 +02:00,PierreKeliam,"@Freebox \nBonjour les gars, \npassé à la fibre mardi, 3 contacts avec l'assistance, toujours moins de débit que j'avais avec l'ADSL.. \nMon voisin relié exactement au mème poteau a 400 descendant et 700 montant avec le même site de test !\nVa falloir faire qqchose https://t.co/Tw6Q2boG94",nbonjour les gars npassé à la fibre mardi 3 contacts avec lassistance toujours moins de débit que javais avec ladsl nmon voisin relié exactement au mème poteau a 400 descendant et 700 montant avec le même site de test nva falloir faire qqchose,2025-11-03 15:52:31
1923878584051007987,2025-05-18 01:09:33 +02:00,SulliCop,"@free y a un souci chez vous ? Impossible d’accéder à mes appareils à distance (PS5, home assistant, etc). https://t.co/3tEBjkJsOG et mon espace abonné sur vite site HS aussi…",y a un souci chez vous impossible daccéder à mes appareils à distance ps5 home assistant etc et mon espace abonné sur vite site hs aussi,2025-11-03 15:52:31
1924100468902355162,2025-05-18 15:51:14 +02:00,simleboulaire,"Abonné @Freebox c'est plonger dans un service client de luxe (NON) : bot Whatsapp inefficace, pas d'info sans rdv. Puis un appel un dimanche pour dire que la box est morte et que le remplacement (appelé ""frais de migration"") coûtera 50€. Bref, adieu Free, adieu 14 belles années",abonné cest plonger dans un service client de luxe non bot whatsapp inefficace pas dinfo sans rdv puis un appel un dimanche pour dire que la box est morte et que le remplacement appelé frais de migration coûtera 50 bref adieu free adieu 14 belles années,2025-11-03 15:52:31
1924349296029143542,2025-05-19 08:19:59 +02:00,Noumiyo_,Toute ma vie j’ai des pb avec @Freebox. 1 an sans problème ça existe pas enfaite avec vous,toute ma vie jai des pb avec 1 an sans problème ça existe pas enfaite avec vous,2025-11-03 15:52:31
1924381648113525152,2025-05-19 10:28:32 +02:00,Ninalcmb,"@free @Freebox comment on fait pour avoir un conseiller au tél chez vous? Ça fait 2 semaines que je me bats pour essayer d’avoir internet sauf qu’étant dans une situation spécifique, rien ne se passe comme prévu et je peux pas transmettre les infos pour que mon dossier avance",comment on fait pour avoir un conseiller au tél chez vous ça fait 2 semaines que je me bats pour essayer davoir internet sauf quétant dans une situation spécifique rien ne se passe comme prévu et je peux pas transmettre les infos pour que mon dossier avance,2025-11-03 15:52:31
1924422939937591375,2025-05-19 13:12:37 +02:00,xtraime,ma femme et ma fille sont a la maison et @free ne marche pas ni box ni téléphone \nqui va tuer l'autre a votre avis ?,ma femme et ma fille sont a la maison et ne marche pas ni box ni téléphone nqui va tuer lautre a votre avis,2025-11-03 15:52:31
1924458579156668826,2025-05-19 15:34:14 +02:00,noah58474463,@Xavier75 @free bravo free le wifi qui se déconnecte tout le temps depuis 2 mois et personne pour nous aider obliger d’être en 4G en permanence pour essayer d’avoir un minima de stabilité de connexion. Aucun conseil ne marche Xavier je t’aime beaucoup mais la ca va trop loin https://t.co/pJGM8m36CX,bravo free le wifi qui se déconnecte tout le temps depuis 2 mois et personne pour nous aider obliger dêtre en 4g en permanence pour essayer davoir un minima de stabilité de connexion aucun conseil ne marche xavier je taime beaucoup mais la ca va trop loin,2025-11-03 15:52:31
1924460679764812269,2025-05-19 15:42:35 +02:00,Cyberchaum,"Bonjour, depuis hier soir 22h45 env, je n'ai plus de fibre sur ma Freebox dans le secteur de Malemort 19360. Il s'agit d'un pb secteur. Free Proxy répond dans le vague, aucun délai... une 20ène de signalement dans le quartier @free. @Freebox, @BlogDev_Freebox @FreeboxHome",bonjour depuis hier soir 22h45 env je nai plus de fibre sur ma freebox dans le secteur de malemort 19360 il sagit dun pb secteur free proxy répond dans le vague aucun délai une 20ène de signalement dans le quartier,2025-11-03 15:52:31
1924475542444687560,2025-05-19 16:41:39 +02:00,SharkFrance10,"@free je rentre chez moi dans rien avoir touché la livebox est à l’étape 2, vérifier vos branchements fibre alors que rien n’a bougé chez moi depuis 10j.. l’assistance ne fait rien ?? Que faire ?",je rentre chez moi dans rien avoir touché la livebox est à létape 2 vérifier vos branchements fibre alors que rien na bougé chez moi depuis 10j lassistance ne fait rien que faire,2025-11-03 15:52:31
1924510923403784591,2025-05-19 19:02:14 +02:00,alex_cabane,@Xavier75 @free j’ai reçu un message de la DGFIP pour faire ma déclaration d’impôts.\nProblème : pas d’internet (raccordement fibre en attente depuis 4 mois).\nJe demande à la DGFIP de venir la chercher en pigeon voyageur ? https://t.co/FStRvQGFFB,jai reçu un message de la dgfip pour faire ma déclaration dimpôtsnproblème pas dinternet raccordement fibre en attente depuis 4 moisnje demande à la dgfip de venir la chercher en pigeon voyageur,2025-11-03 15:52:31
1924547966150353324,2025-05-19 21:29:26 +02:00,letouzet,Allo ? @free n'a toujours pas résolu le problème 5jours après la panne #internet et pas de nouvelles du service client depuis 48h. \nAllo ?? Que faites vous Free ?,allo na toujours pas résolu le problème 5jours après la panne et pas de nouvelles du service client depuis 48h nallo que faites vous free,2025-11-03 15:52:31
1924732213733609945,2025-05-20 09:41:34 +02:00,NinaValette,"@Freebox bonjour,\nPourriez-vous vous demander a v’a votre equipe de me rappeler svp \nVisiblement entre le samedi et le lundi les règles changent chez vous..\nMerci",bonjournpourriezvous vous demander a va votre equipe de me rappeler svp nvisiblement entre le samedi et le lundi les règles changent chez vousnmerci,2025-11-03 15:52:31
1924789921916613011,2025-05-20 13:30:52 +02:00,ilannman,"@Freebox bonjour, pourrais-je savoir quand est ce que ma ligne sera activée svp? Merci!",bonjour pourraisje savoir quand est ce que ma ligne sera activée svp merci,2025-11-03 15:52:31
1924813966959690212,2025-05-20 15:06:25 +02:00,100moinsneuf,Toujours rien pour les abonnés freebox one @free,toujours rien pour les abonnés freebox one,2025-11-03 15:52:31
1924823312946934043,2025-05-20 15:43:33 +02:00,SweetieJazzy,"@Freebox bonjour, j'aurais besoin  d'un rdv adapté avec technicien svp",bonjour jaurais besoin dun rdv adapté avec technicien svp,2025-11-03 15:52:31
1924846403794137362,2025-05-20 17:15:19 +02:00,edouard75013,"Coup de gueule contre Free \n1/2 Le 07 mars 2025, SFR est venu faire des travaux dans la résidence. Ces travaux ont pris un mois. Tous les clients SFR, ByTel et Orange ont récupéré leur réseau le 11 avril sauf les clients Free. \n@Free_1337 @free",coup de gueule contre free n12 le 07 mars 2025 sfr est venu faire des travaux dans la résidence ces travaux ont pris un mois tous les clients sfr bytel et orange ont récupéré leur réseau le 11 avril sauf les clients free n,2025-11-03 15:52:31
1924869507241091564,2025-05-20 18:47:07 +02:00,LaetMary,"C’est bien beau de faire des publicités pour tracter toujours plus de clients @free mais UN MOIS d’attente pour le raccordement de la fibre (qui devait soit disant être fait « sans intervention d’un agent »), c’est plus un délai mais une date de péremption de notre motivation ! https://t.co/TCsZsMAT3H",cest bien beau de faire des publicités pour tracter toujours plus de clients mais un mois dattente pour le raccordement de la fibre qui devait soit disant être fait sans intervention dun agent cest plus un délai mais une date de péremption de notre motivation,2025-11-03 15:52:31
1924894930272444450,2025-05-20 20:28:08 +02:00,RomaneBerej,Par contre @free toutes les semaines il va y avoir des problèmes avec les box ou c’est comment ?,par contre toutes les semaines il va y avoir des problèmes avec les box ou cest comment,2025-11-03 15:52:31
1924928828486377968,2025-05-20 22:42:50 +02:00,damienkrbl,"@free Bonjour, j’ai un souci avec ma souscription Freebox et j’aimerais vous contacter en message privé. Pouvez-vous m’ouvrir les DMs ? Merci d'avance.",bonjour jai un souci avec ma souscription freebox et jaimerais vous contacter en message privé pouvezvous mouvrir les dms merci davance,2025-11-03 15:52:31
1925065870348370411,2025-05-21 07:47:24 +02:00,WHOEDGARSILVA,"@free J'ai un problème, j'ai payé ma facture en avril pour 20 euros et ils l'ont déduit de mon compte bancaire, maintenant je vais payer en mai et ils me disent que j'ai une pénalité de paiement ?",jai un problème jai payé ma facture en avril pour 20 euros et ils lont déduit de mon compte bancaire maintenant je vais payer en mai et ils me disent que jai une pénalité de paiement,2025-11-03 15:52:31
1925102845499417075,2025-05-21 10:14:19 +02:00,AdrienRgt,@Freebox ma box internet qui m’affiché pas de connexion internet par moment une solution svp,ma box internet qui maffiché pas de connexion internet par moment une solution svp,2025-11-03 15:52:31
1925131822452638005,2025-05-21 12:09:28 +02:00,BeezySMG,"@Freebox Bonjour, j’ai souscris une offre free et lorsque j’ai reçu le mail, on m’a clairement dit qu’il n’y avait pas besoin de technicien, j’ai contacté votre numéro et maintenant il faut un rdv .. sachant que j’ai la fibre, c’est juste une activation",bonjour jai souscris une offre free et lorsque jai reçu le mail on ma clairement dit quil ny avait pas besoin de technicien jai contacté votre numéro et maintenant il faut un rdv sachant que jai la fibre cest juste une activation,2025-11-03 15:52:31
1925172254700179836,2025-05-21 14:50:08 +02:00,amaryah__,@Freebox il y’a un problème avec vos serveurs ? Je nah plus de wifi,il ya un problème avec vos serveurs je nah plus de wifi,2025-11-03 15:52:31
1925205845756789143,2025-05-21 17:03:36 +02:00,samkellenberger,"@Xavier75 les offres nouveaux abonnés, c'est cool. Mais concrètement, après 16 ans de fidélité, on a droit à quoi ? Pour passer de la Révolution à la Ultra Essentiel, on m'offre juste les frais de migration (?) Je n'ai jamais eu à râler des services de @free , mais là c'est peu..",les offres nouveaux abonnés cest cool mais concrètement après 16 ans de fidélité on a droit à quoi pour passer de la révolution à la ultra essentiel on moffre juste les frais de migration je nai jamais eu à râler des services de mais là cest peu,2025-11-03 15:52:31
1925246393578353052,2025-05-21 19:44:44 +02:00,JELahaine,eh @free @Freebox c normal que mon relais 4g aie un meilleur debit que ma fibre ? ^^,eh c normal que mon relais 4g aie un meilleur debit que ma fibre,2025-11-03 15:52:31
1925249423518413066,2025-05-21 19:56:46 +02:00,DrCrowRaoul,"Bon @free @Freebox  , c'est pas très drôle de me prendre pour un idiot. Ça fait 1 semaine que j'ai pas internet et je paye 40 euros par mois.\nIl va falloir penser à régler le problème très vite avant que j'aille voir ailleurs.\n...",bon cest pas très drôle de me prendre pour un idiot ça fait 1 semaine que jai pas internet et je paye 40 euros par moisnil va falloir penser à régler le problème très vite avant que jaille voir ailleursn,2025-11-03 15:52:31
1925425625747030231,2025-05-22 07:36:56 +02:00,philippeyaiche,Plus de 10 jours en panne ! Merci @Xavier75. @Freebox \nUn Free Proxy qui ne sert à rien. Il va falloir repenser sa relation avec ses clients ! #free,plus de 10 jours en panne merci nun free proxy qui ne sert à rien il va falloir repenser sa relation avec ses clients,2025-11-03 15:52:31
1925459489668415508,2025-05-22 09:51:30 +02:00,Aly_qlf57,@free m’a box reste bloqué étapes 6 depuis une heure aidez moi Please 🥴,ma box reste bloqué étapes 6 depuis une heure aidez moi please,2025-11-03 15:52:31
1925517550072308001,2025-05-22 13:42:12 +02:00,Plow_Glayze,"@free faut arreter les débranchement sérieusement du 2 au 7 travaux sur la ligne OK du 7 au 11 ""on a oublier de vous rebrancher"" tu sais pas faire ton boulot ?? Et la on me dit quoi se matin ? ""Quelqu'un à du vous débrancher"" bah faut aller se faire voirs, on paye 50€ par mois !",faut arreter les débranchement sérieusement du 2 au 7 travaux sur la ligne ok du 7 au 11 on a oublier de vous rebrancher tu sais pas faire ton boulot et la on me dit quoi se matin quelquun à du vous débrancher bah faut aller se faire voirs on paye 50 par mois,2025-11-03 15:52:31
1925561296168034421,2025-05-22 16:36:02 +02:00,Lau_Grd,"Plus d'internet depuis le 10 mai, un technicien fibre n'avait pas de câble pour nous dépanner et nous a menti en nous disant que notre box ne fonctionnait plus, aucun technicien ne peut intervenir pour le moment, on nous laisse comme ça sans rien faire, merci @free @Freebox  😡",plus dinternet depuis le 10 mai un technicien fibre navait pas de câble pour nous dépanner et nous a menti en nous disant que notre box ne fonctionnait plus aucun technicien ne peut intervenir pour le moment on nous laisse comme ça sans rien faire merci,2025-11-03 15:52:31
1925644732799053859,2025-05-22 22:07:35 +02:00,LAURENT_P77,@free grandement déçu du service client alors que je suis abonné depuis 2011. Un conseiller me vend un abo POP sur une nouvelle adresse et ne me dit pas que je peux simplement déménager sans frais. Total de l'opé 49+59=108€ de frais 👏😱 Merci Free https://t.co/FTP7eZ2YkJ,grandement déçu du service client alors que je suis abonné depuis 2011 un conseiller me vend un abo pop sur une nouvelle adresse et ne me dit pas que je peux simplement déménager sans frais total de lopé 4959108 de frais merci free,2025-11-03 15:52:31
1925644920313835878,2025-05-22 22:08:20 +02:00,BabinksJuuzo,@free svp j’en peux plus est ce que je peux pour une fois parler a un humain au lieu d’une machine,svp jen peux plus est ce que je peux pour une fois parler a un humain au lieu dune machine,2025-11-03 15:52:31
1925754277336654136,2025-05-23 05:22:53 +02:00,BiwBawflrn,"Pas de connexion pendant la moitié du moi de mai (période de partiels, 2 coupure au total, un backup qui ne fonctionne pas et @free qui grapille le moindre centime sur le dos des étudiants et me rembourse 10 euros sur mon abonnement. Merci free.",pas de connexion pendant la moitié du moi de mai période de partiels 2 coupure au total un backup qui ne fonctionne pas et qui grapille le moindre centime sur le dos des étudiants et me rembourse 10 euros sur mon abonnement merci free,2025-11-03 15:52:31
1925812299463278998,2025-05-23 09:13:26 +02:00,jos_brt9,"@Freebox pitié pourquoi au moins 1x par mois mon player te Freebox Delta me demande d’associé la télécommande. En plus, je galère à l’associer",pitié pourquoi au moins 1x par mois mon player te freebox delta me demande dassocié la télécommande en plus je galère à lassocier,2025-11-03 15:52:31
1925874714771157374,2025-05-23 13:21:27 +02:00,julienthemonkey,"Un opérateur peut écraser la ligne d’un autre sans raison. Free ne donne aucune explication. En cas de coupure, pas de solution de secours sauf souscrire à leur offre 5G pour avoir internet, car mon mobile n’est pas chez eux. @free @Arcep c’est normal ? https://t.co/mrmSJbXTOF",un opérateur peut écraser la ligne dun autre sans raison free ne donne aucune explication en cas de coupure pas de solution de secours sauf souscrire à leur offre 5g pour avoir internet car mon mobile nest pas chez eux cest normal,2025-11-03 15:52:31
1925993535242719360,2025-05-23 21:13:36 +02:00,AntoineBe31,"Merci @free pour avoir coupé la ligne fibre de mon ancien opérateur alors que votre box n’est pas encore envoyée. \n5 jours sans internet \nC’est bien beau de vouloir faire tout rapidement, encore faut il le faire correctement 😉\nCe sera une résiliation le mois suivant du coup 😘",merci pour avoir coupé la ligne fibre de mon ancien opérateur alors que votre box nest pas encore envoyée n5 jours sans internet ncest bien beau de vouloir faire tout rapidement encore faut il le faire correctement nce sera une résiliation le mois suivant du coup,2025-11-03 15:52:31
1926036234050154513,2025-05-24 00:03:16 +02:00,zekarant,"Bon, @free, une heure que j'ai plus d'internet et que ma Pop reste bloquée en étape 6, je paye pas pour voir des voyants rouges",bon une heure que jai plus dinternet et que ma pop reste bloquée en étape 6 je paye pas pour voir des voyants rouges,2025-11-03 15:52:31
1926064149328519633,2025-05-24 01:54:12 +02:00,jalams34,"@free \nBox commandée le 01 Mai, toujours pas reçu à ce jour, un technicien venu pour rien, 5 différents employés eu au téléphone ayant chacun assuré que cela allé être résolu (ils s'en occupent personnellement 🤡).\nDernier contact aujourd'hui la box n'a pas encore été envoyé..",nbox commandée le 01 mai toujours pas reçu à ce jour un technicien venu pour rien 5 différents employés eu au téléphone ayant chacun assuré que cela allé être résolu ils sen occupent personnellement ndernier contact aujourdhui la box na pas encore été envoyé,2025-11-03 15:52:31
1926709139629052042,2025-05-25 20:37:10 +02:00,paloma_arauujo,J’ai demandé la Freebox il y a plus d’un mois et elle ne fonctionne toujours pas @free @Freebox,jai demandé la freebox il y a plus dun mois et elle ne fonctionne toujours pas,2025-11-03 15:52:31
1926744115930096101,2025-05-25 22:56:09 +02:00,chaoticvibing,"hello @free @freebox :)\n\nje suis actuellement sur une offre mini 4k et souhaiterais migrer vers la Pop S.\n\nl'interface web ne propose que la pop classique, l'offre pop S est pourtant disponible en nouvel abonnement sur https://t.co/BJVpzE2Yn8, comment puis-je migrer? merci :)",hello nnje suis actuellement sur une offre mini 4k et souhaiterais migrer vers la pop snnlinterface web ne propose que la pop classique loffre pop s est pourtant disponible en nouvel abonnement sur comment puisje migrer merci,2025-11-03 15:52:31
1926972403663405279,2025-05-26 14:03:17 +02:00,scoolada,"1/🧵 THREAD – Quand un “technicien” @free \n\n➤ détruit la connexion fibre de tout un immeuble,\n ➤ ravage mon logement,\n ➤ puis repart… sans rien réparer.\n\nUne histoire absurde de sous-traitance fibre incontrôlée et d’un service client impuissant.⬇️",1 thread quand un technicien nn détruit la connexion fibre de tout un immeublen ravage mon logementn puis repart sans rien réparernnune histoire absurde de soustraitance fibre incontrôlée et dun service client impuissant,2025-11-03 15:52:31
1927006536242503772,2025-05-26 16:18:54 +02:00,Larose__,@free remettez moi internet je vais plus jamais vous quittez promis ! https://t.co/jMbY3DqoTC,remettez moi internet je vais plus jamais vous quittez promis,2025-11-03 15:52:31
1927027130145083511,2025-05-26 17:40:44 +02:00,theDarky9,@Freebox ce qui est génial si on a un ticket ouvert c'est que l'assistance n'est pas joignable par téléphone alors que je suis sensé choisir une date pour l'intervention et rien n'est proposé dans mon ticket.\nJe n'ai pas non plus whatsapp car je n'ai pas un tel compatible.,ce qui est génial si on a un ticket ouvert cest que lassistance nest pas joignable par téléphone alors que je suis sensé choisir une date pour lintervention et rien nest proposé dans mon ticketnje nai pas non plus whatsapp car je nai pas un tel compatible,2025-11-03 15:52:31
1927037676810604818,2025-05-26 18:22:39 +02:00,EstebanOertli,Comment ça @free a oublié de me brancher CHEZ EUX du coup maintenant je dois attendre le 17 juin pour avoir un technicien ? \nJe capte même pas la 5G dans mon appart je peux littéralement rien faire.\nJe peux pas taffer et pas jouer,comment ça a oublié de me brancher chez eux du coup maintenant je dois attendre le 17 juin pour avoir un technicien nje capte même pas la 5g dans mon appart je peux littéralement rien fairenje peux pas taffer et pas jouer,2025-11-03 15:52:31
1927053292183470258,2025-05-26 19:24:42 +02:00,CaillereM,"@Freebox matériel renvoyé suite à une résiliation le 08/05 avec l’étiquette relais colis, et arrivé chez vous le 12/05, mais je reçois un mail aujourd’hui me menaçant de plus de 500€ de frais https://t.co/49S5w2kkER",matériel renvoyé suite à une résiliation le 0805 avec létiquette relais colis et arrivé chez vous le 1205 mais je reçois un mail aujourdhui me menaçant de plus de 500 de frais,2025-11-03 15:52:31
1927093625009193468,2025-05-26 22:04:58 +02:00,Crazizou,@free : plus de fibre depuis le 03/05 malgré le passage d’un technicien et toujours aucune info … vous tenez informé les clients parfois ?? La j’attends qu’un miracle se produise ou bien ??,plus de fibre depuis le 0305 malgré le passage dun technicien et toujours aucune info vous tenez informé les clients parfois la jattends quun miracle se produise ou bien,2025-11-03 15:52:31
1927288467383259214,2025-05-27 10:59:12 +02:00,whosjaguari1,"Customer service 0/10, congrats @free @Freebox https://t.co/H3BoJbZg8w",customer service 010 congrats,2025-11-03 15:52:31
1927291433322430530,2025-05-27 11:10:59 +02:00,Himekawo1,"@Freebox Bonjour, je viens vers vous parce que j'ai résilier mon comote Free pour aller dans un autre endroit. Et on me demande de Télécharger le bon de retour sur mon espace abonné sauf que vous avez deja bloquer mon compte. J'ai accès à mes Factures et rien de plus.",bonjour je viens vers vous parce que jai résilier mon comote free pour aller dans un autre endroit et on me demande de télécharger le bon de retour sur mon espace abonné sauf que vous avez deja bloquer mon compte jai accès à mes factures et rien de plus,2025-11-03 15:52:31
1927303242557333785,2025-05-27 11:57:55 +02:00,ilcaro17,"@Freebox panique à la maison, télétravail et école sup en distanciel. Nous venons de recevoir un mail de votre part indiquant qu’une demande d’écrasement de notre ligne a été faite. Opérateur téléphonique impuissant. Coupure internet imminente et ineluctable. Client depuis 22 ans",panique à la maison télétravail et école sup en distanciel nous venons de recevoir un mail de votre part indiquant quune demande décrasement de notre ligne a été faite opérateur téléphonique impuissant coupure internet imminente et ineluctable client depuis 22 ans,2025-11-03 15:52:31
1927303853415772510,2025-05-27 12:00:20 +02:00,justforthehack,"@free Mais aussi quand l’assistance me dit que la carte SIM est gratuite, et que son collègue 2 semaines plus tard me dit que non. Il n’y a pas un problème au niveau de vos employées??? 10€ par carte par le nombre de clients la pilule est énorme !!!",mais aussi quand lassistance me dit que la carte sim est gratuite et que son collègue 2 semaines plus tard me dit que non il ny a pas un problème au niveau de vos employées 10 par carte par le nombre de clients la pilule est énorme,2025-11-03 15:52:31
1927307636908683420,2025-05-27 12:15:22 +02:00,KnuckleHead077,"@Freebox \n\nBonjour \nOn est mardi et toujours pas d’internet depuis vendredi 23/05, cela fait 5 jours que je suis sans internet ni télévision \n\nIl y a eu le même problème il y a 10 jours….\n\nC’est ça la qualité Free, tous les 10 jours on est privé d’internet pendant une semaine ??",nnbonjour non est mardi et toujours pas dinternet depuis vendredi 2305 cela fait 5 jours que je suis sans internet ni télévision nnil y a eu le même problème il y a 10 joursnncest ça la qualité free tous les 10 jours on est privé dinternet pendant une semaine,2025-11-03 15:52:31
1927308903475290355,2025-05-27 12:20:24 +02:00,kirazlili_,@free pourquoi je paye 20€ par mois mais je capte RIEN en 5G,pourquoi je paye 20 par mois mais je capte rien en 5g,2025-11-03 15:52:31
1927343461138575618,2025-05-27 14:37:44 +02:00,FlorecitaMara1,"@free, Vous êtes vraiment des INCAPABLES ! Vous m'envoyez un technicien de niveau 1 qui n'a pas été capable de m'installer la wifi lundi matin et il faut que j'attende à moins vendredi ou samedi pour un rendez-vous ? I HATE YOU!",vous êtes vraiment des incapables vous menvoyez un technicien de niveau 1 qui na pas été capable de minstaller la wifi lundi matin et il faut que jattende à moins vendredi ou samedi pour un rendezvous i hate you,2025-11-03 15:52:31
1927344617369882720,2025-05-27 14:42:19 +02:00,Den2112,"bonjour @free @Freebox  le PMZ  FI-78672-0002 est au ralenti (25%), pouvez voir svp ça dure depuis vendredi , merci",bonjour le pmz fi786720002 est au ralenti 25 pouvez voir svp ça dure depuis vendredi merci,2025-11-03 15:52:31
1927348674595524864,2025-05-27 14:58:27 +02:00,eilime2778,@Freebox donc  là vous être en train de me dire que je vais devoir attendre une semaine et demi pour être raccordé ???,donc là vous être en train de me dire que je vais devoir attendre une semaine et demi pour être raccordé,2025-11-03 15:52:31
1927446300573716577,2025-05-27 21:26:22 +02:00,M_Limongi,@Freebox  service après vente nul et complètement défaillant et incompétent,service après vente nul et complètement défaillant et incompétent,2025-11-03 15:52:31
1927667546276110742,2025-05-28 12:05:32 +02:00,kazepool,"@free après plus d'une quinzaine de tickets d'incident ouvert en fin d'année dernière pour une box bloqué en étapes 3c , j'ai eu le droit à 5 mois sans incident et aujourd'hui rebelote avec un technicien qui va passer que dans 1 semaines. Le vase va pas tarder à déborder",après plus dune quinzaine de tickets dincident ouvert en fin dannée dernière pour une box bloqué en étapes 3c jai eu le droit à 5 mois sans incident et aujourdhui rebelote avec un technicien qui va passer que dans 1 semaines le vase va pas tarder à déborder,2025-11-03 15:52:31
1927710231745696145,2025-05-28 14:55:09 +02:00,Mr_KiOl,"@free \nJ'ai résilié le 04/05 et vous m'avez prélevé de l'intégralité du mois de mai, aucune info.\nJ'ai renvoyé le matériel et pareil, pas d'AR ni d'infos. Ce serait possible d'avoir un retour sur la surfacturation, réception du matériel ?..",njai résilié le 0405 et vous mavez prélevé de lintégralité du mois de mai aucune infonjai renvoyé le matériel et pareil pas dar ni dinfos ce serait possible davoir un retour sur la surfacturation réception du matériel,2025-11-03 15:52:31
1927714905668395477,2025-05-28 15:13:43 +02:00,TekoYoungCity_,"Plus internet parce qu’un technicien nous a débranché pour brancher quelqu’un d’autre ? @free @Freebox j’en veux pas de votre RDV MARDI, si vous intervenez pas avant la fin de la semaine c’est tchao",plus internet parce quun technicien nous a débranché pour brancher quelquun dautre jen veux pas de votre rdv mardi si vous intervenez pas avant la fin de la semaine cest tchao,2025-11-03 15:52:31
1927720621871333696,2025-05-28 15:36:26 +02:00,So_Lavie,@Freebox @free Ma freebox se déco de la ligne ADSL svp faites un truc c'est pas vivable comme situation https://t.co/GXUA5EqRFP,ma freebox se déco de la ligne adsl svp faites un truc cest pas vivable comme situation,2025-11-03 15:52:31
1927720737873240423,2025-05-28 15:36:53 +02:00,cyaniss,"@free @Freebox Je vous renvoie ma box, le boitier TV et le pocket Wi-Fi, et vous dites ne pas l'avoir reçu alors que j'ai la preuve que la réception à bien été effectuée.\nPourriez-vous reprendre contact avec moi ?",je vous renvoie ma box le boitier tv et le pocket wifi et vous dites ne pas lavoir reçu alors que jai la preuve que la réception à bien été effectuéenpourriezvous reprendre contact avec moi,2025-11-03 15:52:31
1927747133521670650,2025-05-28 17:21:47 +02:00,ArSaint_Martin,"Hier nous examinions une proposition de loi visant à renforcer la responsabilité des opérateurs dans le déploiement de la fibre optique. C'est un gros problème à Melun, à Pringy et à Dammarie. Urgence de réguler et sévir quand ça ne marche pas !\nhttps://t.co/3xMyhlnPkw https://t.co/MgbAxYwF5w",hier nous examinions une proposition de loi visant à renforcer la responsabilité des opérateurs dans le déploiement de la fibre optique cest un gros problème à melun à pringy et à dammarie urgence de réguler et sévir quand ça ne marche pas n,2025-11-03 15:52:31
1927779259491233878,2025-05-28 19:29:26 +02:00,JulieSoulima,"@free @Freebox Déjà 1 mois sans internet ! Il y a 15 jours, Free Proxi m'indique que quelqu'un doit passer. Je peux avoir un RDV le 4 juin. C'est trop loin, on me passe sur ""liste prioritaire"", total : plus de RDV du tout ! Et impossible de joindre un autre service !",déjà 1 mois sans internet il y a 15 jours free proxi mindique que quelquun doit passer je peux avoir un rdv le 4 juin cest trop loin on me passe sur liste prioritaire total plus de rdv du tout et impossible de joindre un autre service,2025-11-03 15:52:31
1927781110852866123,2025-05-28 19:36:47 +02:00,Nathaaan30,"@free Coupure d’internet à la veille d’un week-end de 4 jours, pas de technicien avant samedi… génial",coupure dinternet à la veille dun weekend de 4 jours pas de technicien avant samedi génial,2025-11-03 15:52:31
1927781560691929592,2025-05-28 19:38:35 +02:00,MedhiRooney,@freemobile @free \nImpossible de contacter le service client et free Proxi ne m'aide pas . Pouvez vous me donner un contact téléphonique svp,nimpossible de contacter le service client et free proxi ne maide pas pouvez vous me donner un contact téléphonique svp,2025-11-03 15:52:31
1927794656881803421,2025-05-28 20:30:37 +02:00,Cnews972,"@Xavier75  Wesh @free  vous avez trop d’argent , envoyer cinq sous traitant pour installer la fibre alors que le premier rapport dit d’installer par nacelle la fibre, RENVOYER 5 technicien pour faire cinq fois le même rapport ! ! Il ne lise pas les rapports au bureau? C’est fou!",wesh vous avez trop dargent envoyer cinq sous traitant pour installer la fibre alors que le premier rapport dit dinstaller par nacelle la fibre renvoyer 5 technicien pour faire cinq fois le même rapport il ne lise pas les rapports au bureau cest fou,2025-11-03 15:52:31
1928037625308303808,2025-05-29 12:36:05 +02:00,TroadecSte3200,@free @Xavier75 \nEffarant…. Je sors de la boutique free de Brest… déjà client j’ai construit une maison mais le réseau fibre n’est pas construit ni adsl… je souhaite une box 5g… on me dit non pas éligible et que je dois attendre des mois de construction de réseau par Orange,neffarant je sors de la boutique free de brest déjà client jai construit une maison mais le réseau fibre nest pas construit ni adsl je souhaite une box 5g on me dit non pas éligible et que je dois attendre des mois de construction de réseau par orange,2025-11-03 15:52:31
1928146787560308817,2025-05-29 19:49:52 +02:00,SpriingUech,@free problème de box encore… ça devient pénible… On ne peut pas passer\nUn jour férié tranquille a la maison à profiter des services qu’on paye.,problème de box encore ça devient pénible on ne peut pas passernun jour férié tranquille a la maison à profiter des services quon paye,2025-11-03 15:52:31
1928168208428654823,2025-05-29 21:14:59 +02:00,leftismentalill,"Dites @Xavier75 &amp; @free, vous prélevez ma grand-mère depuis 3 mois alors qu’elle a toujours pas la fibre ? 3 rendez-vous avec des « techniciens » qui traînent les bras et repartent en ayant à peine jeté un coup d’œil, c’est quoi ce service client ? Elle paye pour rien là !",dites amp vous prélevez ma grandmère depuis 3 mois alors quelle a toujours pas la fibre 3 rendezvous avec des techniciens qui traînent les bras et repartent en ayant à peine jeté un coup dœil cest quoi ce service client elle paye pour rien là,2025-11-03 15:52:31
1928341127293239568,2025-05-30 08:42:06 +02:00,AlexandreCarbo4,87 jours sans fibre ! Merci @FreePro et @free on change pas une équipe qui gagne hein  !  Merci @Xavier75 ! Road to 100 days !\n\n@UFCquechoisir @60millions @Masdaak,87 jours sans fibre merci et on change pas une équipe qui gagne hein merci road to 100 days nn,2025-11-03 15:52:31
1928475203866136768,2025-05-30 17:34:52 +02:00,Dothiefree,"@free 1 question . Je remarque que depuis quelques  temps l'accès gratuit à canalvod sur interface clubs vidéo ,affiche écran noir alors qu'avant je pouvais louer des films. ( j'ai une box crystal). C'est normal?",1 question je remarque que depuis quelques temps laccès gratuit à canalvod sur interface clubs vidéo affiche écran noir alors quavant je pouvais louer des films jai une box crystal cest normal,2025-11-03 15:52:31
1928485063232032843,2025-05-30 18:14:03 +02:00,LeaCwi,"Sinon @Freebox ça ne vous dérange pas qu’une fois de plus nous n’avons plus internet ? Toujours le week-end, impossible de vous joindre… et toujours des délais de fou pour que quelqu’un intervienne ? Vous cherchez vraiment à ce que vos clients se tirent chez la concurrence ?",sinon ça ne vous dérange pas quune fois de plus nous navons plus internet toujours le weekend impossible de vous joindre et toujours des délais de fou pour que quelquun intervienne vous cherchez vraiment à ce que vos clients se tirent chez la concurrence,2025-11-03 15:52:31
1928485286863921644,2025-05-30 18:14:56 +02:00,malzak47,"@Xavier75 @free laisser 1 semaine un foyer sans connexion et pas de remplacement de clé 4g pour un abonnement à 50€ par mois ça vous pas fait pas chier ? Sachant que c’est pas un foyer mais tt la résidence honte à vous, 🫵🏼🫵🏼🫵🏼, je regrette d’avoir été employé chez vous.",laisser 1 semaine un foyer sans connexion et pas de remplacement de clé 4g pour un abonnement à 50 par mois ça vous pas fait pas chier sachant que cest pas un foyer mais tt la résidence honte à vous je regrette davoir été employé chez vous,2025-11-03 15:52:31
1928505013002711098,2025-05-30 19:33:19 +02:00,__15kath,59 euros de frais de résiliation freebox alors que je n’ai même pas d’abonnement  annuel… On est chez les fous @free ????,59 euros de frais de résiliation freebox alors que je nai même pas dabonnement annuel on est chez les fous,2025-11-03 15:52:31
1928515061045215569,2025-05-30 20:13:15 +02:00,amaury_kam,"@Xavier75 @free, j’ai plus de Wi-Fi depuis le 2 mai et toujours aucune solution. À chaque fois les tickets sont clôturés sans intervention, ça tourne en rond. Ça fait 1 mois que je galère bougez-vous un peu. #Free #ServiceClient",jai plus de wifi depuis le 2 mai et toujours aucune solution à chaque fois les tickets sont clôturés sans intervention ça tourne en rond ça fait 1 mois que je galère bougezvous un peu,2025-11-03 15:52:31
1928518801311584385,2025-05-30 20:28:07 +02:00,Mj0423Mrfreez,@Xavier75 @free @Freebox mise en demeure pour pas avoir payé des frais de résiliation après 5 mois de panne de service?vous aviez pourtant annoncé que vu la situation assez compliqué je ne devrais pas payer et même avoir un dédommagement…réponse dans combien de temps ?⏱️ https://t.co/9BebHdw3N3,mise en demeure pour pas avoir payé des frais de résiliation après 5 mois de panne de servicevous aviez pourtant annoncé que vu la situation assez compliqué je ne devrais pas payer et même avoir un dédommagementréponse dans combien de temps,2025-11-03 15:52:31
1928530083834192257,2025-05-30 21:12:56 +02:00,Nyphthys_,wAllah @free @Freebox demain je viens m’assoir dans la boutique jusqu’à ce qu’on trouve solution parce que vous me chiez à la gueule depuis des mois ! JE NE PEUX PLUS TRAVAILLER !!! https://t.co/nBiwpjnZfl,wallah demain je viens massoir dans la boutique jusquà ce quon trouve solution parce que vous me chiez à la gueule depuis des mois je ne peux plus travailler,2025-11-03 15:52:31
1928787384159638006,2025-05-31 14:15:22 +02:00,dearchriss_,Bravo à @free @Freebox qui sont incapables de trouver une solution car je n’ai plus internet DEPUIS 2 SEMAINES ! « Ça sera réglé le 29 » on est le 31 et toujours rien ! Maintenant on me dit que j’ai besoin d’un rdv avec un technicien ! 🤣 aller c’est trop je résilie tout chez eux,bravo à qui sont incapables de trouver une solution car je nai plus internet depuis 2 semaines ça sera réglé le 29 on est le 31 et toujours rien maintenant on me dit que jai besoin dun rdv avec un technicien aller cest trop je résilie tout chez eux,2025-11-03 15:52:31
1928870897693147373,2025-05-31 19:47:13 +02:00,Shnuxi,"Comment, en 2025, peut-on encore avoir des problèmes de Wi-Fi !? Sérieusement, #Freebox , faites quelque chose, là, ce n’est plus possible!! @free @freemobile @Freebox",comment en 2025 peuton encore avoir des problèmes de wifi sérieusement faites quelque chose là ce nest plus possible,2025-11-03 15:52:31
1929089982938976507,2025-06-01 10:17:47 +02:00,Tssuuoo,@Freebox Vous êtes vraiment des clowns. On prépare un déménagement personne préviens on te coupe comme ça. T’essaie de les appelés t’es bloqué avec un vielle voix de robot qui est même pas capable de dirigé vers un humain. On te demande des codes tu sais pas d’où ils sortent,vous êtes vraiment des clowns on prépare un déménagement personne préviens on te coupe comme ça tessaie de les appelés tes bloqué avec un vielle voix de robot qui est même pas capable de dirigé vers un humain on te demande des codes tu sais pas doù ils sortent,2025-11-03 15:52:31
1929149407338897624,2025-06-01 14:13:55 +02:00,k_bld_,"Allez vous faire f***** @free c’est plus possible. Y’a plus la fibre depuis 2 semaines, on nous sort dans 5 jours, 10 jours, vous mentez et maintenant notre 4G/5G bug et est lente !!!!!!?",allez vous faire f cest plus possible ya plus la fibre depuis 2 semaines on nous sort dans 5 jours 10 jours vous mentez et maintenant notre 4g5g bug et est lente,2025-11-03 15:52:31
1929463907191496928,2025-06-02 11:03:37 +02:00,KC_Dams,Mon rêve que mon top fasse cette performance,mon rêve que mon top fasse cette performance,2025-11-03 15:52:31
1929484038185656398,2025-06-02 12:23:37 +02:00,zengalewaa,🚨FREE VOLEUR 🚨\n20 ans qu’on est client\nCela fais maintenant plus d’un mois et demi que je n’ai plus internet. Free ne fait rien pour résoudre le problème je ne peux pas prendre de RDV ni réclamer de remboursement concernant les factures des mois passés \n@Xavier75 @Freebox @free,free voleur n20 ans quon est clientncela fais maintenant plus dun mois et demi que je nai plus internet free ne fait rien pour résoudre le problème je ne peux pas prendre de rdv ni réclamer de remboursement concernant les factures des mois passés n,2025-11-03 15:52:31
1929484197204258967,2025-06-02 12:24:15 +02:00,GIGN1334,"@Freebox bonjour, j’ai un petit problème avec vous, j’ai ouvert annulé chez vous mais ça va faire cinq ou six jours que Mali est en cours de raccordement et ça va faire une semaine que j’ai plus d’Internet ça commence à être un peu lourd",bonjour jai un petit problème avec vous jai ouvert annulé chez vous mais ça va faire cinq ou six jours que mali est en cours de raccordement et ça va faire une semaine que jai plus dinternet ça commence à être un peu lourd,2025-11-03 15:52:31
1929484892502401303,2025-06-02 12:27:01 +02:00,Raoulvol,@free depuis samedi 31 à midi nous n'avons plus d'internet dans le 77 Sud Moret-sur-Loing Saint-Mamet et ses environs free allô Free il y a quelqu'un vous faites quoi,depuis samedi 31 à midi nous navons plus dinternet dans le 77 sud moretsurloing saintmamet et ses environs free allô free il y a quelquun vous faites quoi,2025-11-03 15:52:31
1929520509831500075,2025-06-02 14:48:32 +02:00,ToctokC,"J'ai pris la @Freebox il y a 1semaine et c'est déjà la PIRE erreur de ma vie 1semaine et toujours pas internet et on parle pas du service.\nJ'explique mon problème il me répond ""et qu'est ce que vous voulez que je fasse""\nJe sais pas fait ton travail c'est déjà pas beaucoup\nFuyez!",jai pris la il y a 1semaine et cest déjà la pire erreur de ma vie 1semaine et toujours pas internet et on parle pas du servicenjexplique mon problème il me répond et quest ce que vous voulez que je fassenje sais pas fait ton travail cest déjà pas beaucoupnfuyez,2025-11-03 15:52:31
1929530998661800121,2025-06-02 15:30:13 +02:00,ArchambaudT,@free est-ce que ce serait possible de parler à un humain ? Votre parcours client qui déménage est un calvaire ! What’s app Free : personne ne me répond. 3244 on me répond « raccordement en cours merci au revoir » alors qu’il a déjà eu lieu et que j’ai un problème autre. Pitié 🥺,estce que ce serait possible de parler à un humain votre parcours client qui déménage est un calvaire whats app free personne ne me répond 3244 on me répond raccordement en cours merci au revoir alors quil a déjà eu lieu et que jai un problème autre pitié,2025-11-03 15:52:31
1929538371132522769,2025-06-02 15:59:31 +02:00,Belibaste,"@free l'installation de la fibre, c'est une vraie galère, impossible d'avoir une date pour la venue d'un technicien, ça fais bientôt 6 mois. Quelqu'un peut m'aider ? Clients depuis très très longtemps",linstallation de la fibre cest une vraie galère impossible davoir une date pour la venue dun technicien ça fais bientôt 6 mois quelquun peut maider clients depuis très très longtemps,2025-11-03 15:52:31
1929574826571612175,2025-06-02 18:24:23 +02:00,clhoewn,Super ça fait un mois que je suis chez free et j’ai déjà plus de wifi chez moi depuis 2j 🤡🤡🤡 @Freebox vous pouvez faire quelque chose svp,super ça fait un mois que je suis chez free et jai déjà plus de wifi chez moi depuis 2j vous pouvez faire quelque chose svp,2025-11-03 15:52:31
1929583949468114972,2025-06-02 19:00:38 +02:00,minghwamilie,@freemobile a la seconde où on se connecte à la box ça fait ça alors que la télé en elle-même fonctionne très bien ! J’espère que karim a bien fait remonter le dossier ! https://t.co/TW7CGOXy2T,a la seconde où on se connecte à la box ça fait ça alors que la télé en ellemême fonctionne très bien jespère que karim a bien fait remonter le dossier,2025-11-03 15:52:31
1929650805453230346,2025-06-02 23:26:17 +02:00,aliguygnor,@free bonjour pouvez vous me contacter concernant ma ligne qui serait résilié alors que j ai rien demandé. Merci,bonjour pouvez vous me contacter concernant ma ligne qui serait résilié alors que j ai rien demandé merci,2025-11-03 15:52:31
1929782368635613472,2025-06-03 08:09:04 +02:00,louiseprieto,@free la pire des expériences! Depuis janvier mes appareils internet et télévisions fonctionnent une fois sur deux et est instable!! J’appelle toutes les semaines pour avoir des explications et qu’on me change mes appareils défectueux!!! Mais rien!!! On me dit même que je ments!!,la pire des expériences depuis janvier mes appareils internet et télévisions fonctionnent une fois sur deux et est instable jappelle toutes les semaines pour avoir des explications et quon me change mes appareils défectueux mais rien on me dit même que je ments,2025-11-03 15:52:31
1929834578350391781,2025-06-03 11:36:32 +02:00,wimn_tks,@Freebox Plus internet depuis ce matin et aucune information. Allo ? @free,plus internet depuis ce matin et aucune information allo,2025-11-03 15:52:31
1929913817653272923,2025-06-03 16:51:24 +02:00,0rcruxe,"@free @Freebox \n\n3 semaines maintenant que je n’ai plus de wifi, j’ai appelé minimum 15 fois, on m’a envoyé 2 "" techniciens "" qui ont réglé le problème puis le lendemain ça recommence 🤡",nn3 semaines maintenant que je nai plus de wifi jai appelé minimum 15 fois on ma envoyé 2 techniciens qui ont réglé le problème puis le lendemain ça recommence,2025-11-03 15:52:31
1929914724012974271,2025-06-03 16:55:00 +02:00,bnl_pierre,"Dites-donc @free, quel terme ne comprenez-vous pas dans Service Client?\nJe suis harcelé par la CFR pour des factures impayées alors que l’abonnement est résilié  (confirmé). Et quand je contacte votre « service client », on me répond que c’est à moi d’effectuer les démarches.🤡",ditesdonc quel terme ne comprenezvous pas dans service clientnje suis harcelé par la cfr pour des factures impayées alors que labonnement est résilié confirmé et quand je contacte votre service client on me répond que cest à moi deffectuer les démarches,2025-11-03 15:52:31
1929977897521164736,2025-06-03 21:06:02 +02:00,vraienzele,J’EN AI RAS LE BOL DE @free. J’ai changé de numéro dimanche et depuis je me fais harceler par les contacts de l’ancien prioritaire du numéro. Je demande à l’assistance si c’est normal d’avoir un numéro qui vient d’être désactiver. Et on me dit que le seul moyen c’est de repayer.,jen ai ras le bol de jai changé de numéro dimanche et depuis je me fais harceler par les contacts de lancien prioritaire du numéro je demande à lassistance si cest normal davoir un numéro qui vient dêtre désactiver et on me dit que le seul moyen cest de repayer,2025-11-03 15:52:31
1929980561361183183,2025-06-03 21:16:37 +02:00,POSTERGIRRRL,@Xavier75 @free ça commence à bien faire ça fait 3 mois que ma voisine a plus internet elle a 75 piges j’ai du lui apprendre le partage de connexion pour qu’elle regarde son tennis sur son ordinateur ça fait 3 MOIS que vous la faites balader on est censées faire quoi en fait ?,ça commence à bien faire ça fait 3 mois que ma voisine a plus internet elle a 75 piges jai du lui apprendre le partage de connexion pour quelle regarde son tennis sur son ordinateur ça fait 3 mois que vous la faites balader on est censées faire quoi en fait,2025-11-03 15:52:31
1930053176666812602,2025-06-04 02:05:10 +02:00,TheRamsWay,"@free Bon depuis un mois j'ai à la fois le réseau fibre ET mobile qui plantent pendant une heure chaque semaine en périphérie d'Annemasse, ça commence à devenir fatigant, vous voulez pas faire quelque chose?",bon depuis un mois jai à la fois le réseau fibre et mobile qui plantent pendant une heure chaque semaine en périphérie dannemasse ça commence à devenir fatigant vous voulez pas faire quelque chose,2025-11-03 15:52:31
1930166870906187918,2025-06-04 09:36:57 +02:00,haspinder,"@Freebox Cela fait 2 mois et demi que je n’ai aucun accès à Internet. Je fais du télétravail, et je paie chaque mois pour un service inexistant. Le backup est inutilisable, et vos équipes ne donnent aucune réponse concrète. C’est catastrophique. #Freebox #Free #ServiceClient",cela fait 2 mois et demi que je nai aucun accès à internet je fais du télétravail et je paie chaque mois pour un service inexistant le backup est inutilisable et vos équipes ne donnent aucune réponse concrète cest catastrophique,2025-11-03 15:52:31
1930228261373550595,2025-06-04 13:40:54 +02:00,bonnevap,"Panne free sur mon secteur depuis 1 mois et demi ! (La panne étant ""générale"" peut-être bouygues et orange sont aussi impactés ?).\nSeule communication de @free aujourd'hui je reçois par mail ma facture.\n@UFCquechoisir\n@60millions",panne free sur mon secteur depuis 1 mois et demi la panne étant générale peutêtre bouygues et orange sont aussi impactés nseule communication de aujourdhui je reçois par mail ma facturenn,2025-11-03 15:52:31
1930232797068660893,2025-06-04 13:58:55 +02:00,LaureBBW,@free @Freebox Vraiment depuis que j’ai ma box je suis obligé de la redémarrer en éteignant et rallumant ma multiprise…\nPour rien ça va me donner envie de me désabonner 🤬\nEn plus Netflix 20€ c’est normal ?,vraiment depuis que jai ma box je suis obligé de la redémarrer en éteignant et rallumant ma multiprisenpour rien ça va me donner envie de me désabonner nen plus netflix 20 cest normal,2025-11-03 15:52:31
1930234866144006384,2025-06-04 14:07:08 +02:00,Joh_Stark,"@Freebox est en maintenance chez moi, ce qui signifie pas d’Internet, pas de TV, pas de Téléphone.\nJe suis dans une zone oú on ne capte rien. J’appelle Free pour qu’ils m’aident. Réponse : « Achetez un forfait Free à 10€ tout illimité » alors que je capte PAS!!!!",est en maintenance chez moi ce qui signifie pas dinternet pas de tv pas de téléphonenje suis dans une zone oú on ne capte rien jappelle free pour quils maident réponse achetez un forfait free à 10 tout illimité alors que je capte pas,2025-11-03 15:52:31
1930240974237696217,2025-06-04 14:31:25 +02:00,Lorphan6,"@Freebox je vous dérange pas à vouloir facturer 116€ au lieu de 49,99€?",je vous dérange pas à vouloir facturer 116 au lieu de 4999,2025-11-03 15:52:31
1930277124574773711,2025-06-04 16:55:03 +02:00,Twim7872,@free panne de fibre depuis ce matin dans la Sarthe ... Hier déjà ! Vous en êtes où de la résolution ?,panne de fibre depuis ce matin dans la sarthe hier déjà vous en êtes où de la résolution,2025-11-03 15:52:31
1930291426987823377,2025-06-04 17:51:53 +02:00,donofournigault,"@free  plus d’internet depuis ce matin dans la Sarthe , ça va être rétabli dans quelques heures … vous dites ça depuis ce matin sérieusement !!",plus dinternet depuis ce matin dans la sarthe ça va être rétabli dans quelques heures vous dites ça depuis ce matin sérieusement,2025-11-03 15:52:31
1930302363337687520,2025-06-04 18:35:21 +02:00,hpaszt,"@free installation du fibre free, fonctionne pas. Je dois attendre 2 jours. Qui va payer 2 jours des 3 trav. Independent s?",installation du fibre free fonctionne pas je dois attendre 2 jours qui va payer 2 jours des 3 trav independent s,2025-11-03 15:52:31
1930305812540391907,2025-06-04 18:49:03 +02:00,sgouvs,"Hello @Freebox SAV injoignable depuis ce matin, plus de fibre, silence radio…\n#serviceclient c’est plus votre problème ???",hello sav injoignable depuis ce matin plus de fibre silence radion cest plus votre problème,2025-11-03 15:52:31
1930308828374962629,2025-06-04 19:01:02 +02:00,faraaaaaah_gh,@Freebox il faut faire quoi pour vous avoir au téléhone ? Free Proxi de Massy qui ne répond pas par message et nous en attendant la box ne marche plus et c’est la seconde fois en 1 mois,il faut faire quoi pour vous avoir au téléhone free proxi de massy qui ne répond pas par message et nous en attendant la box ne marche plus et cest la seconde fois en 1 mois,2025-11-03 15:52:31
1930323768976519232,2025-06-04 20:00:24 +02:00,corymbe,Freebox bloquée à l'étape 2 que faire ? J'ai déjà débranché et rebranché @free,freebox bloquée à létape 2 que faire jai déjà débranché et rebranché,2025-11-03 15:52:31
1930548385502617691,2025-06-05 10:52:57 +02:00,ceano69530,"@Freebox bonjour.\n\nImpossible de vous joindre sur le numéro dédié aux anciens clients. Et maintenant, vous voulez me prélever 50€ sans raison valable ? On fait comment là ? 🤨\n\n@Xavier75 @free",bonjournnimpossible de vous joindre sur le numéro dédié aux anciens clients et maintenant vous voulez me prélever 50 sans raison valable on fait comment là nn,2025-11-03 15:52:31
1930572881546621061,2025-06-05 12:30:17 +02:00,rasologg,Plusieurs jours de coupure Fibre ☹️  bloqué à l’étape 2 @free #freebox . Et impossible de joindre un conseiller,plusieurs jours de coupure fibre bloqué à létape 2 et impossible de joindre un conseiller,2025-11-03 15:52:31
1930576088863760710,2025-06-05 12:43:02 +02:00,sosoooo6_9,@Xavier75 @free @Freebox \nSVP ÇA FAIT UN MOIS QU’ON APPELLE FREE QQN À DÉTRUIT LES FIBRES OPTIQUES DE L’IMMEUBLE ON EN PEUX PLUS ILS NOUS ONT DIT PAS AVANT LE 31 MAI ON EST LE 5 JUIN SVPPPP VENEZZZZ😭😭😭,nsvp ça fait un mois quon appelle free qqn à détruit les fibres optiques de limmeuble on en peux plus ils nous ont dit pas avant le 31 mai on est le 5 juin svpppp venezzzz,2025-11-03 15:52:31
1930608588839371089,2025-06-05 14:52:11 +02:00,PijM_,@free On peut savoir pourquoi vous prélevez 180€ sur mon compte alors que je vous ai renvoyer la box et fourni la preuve de dépôt chez votre partenaire ?,on peut savoir pourquoi vous prélevez 180 sur mon compte alors que je vous ai renvoyer la box et fourni la preuve de dépôt chez votre partenaire,2025-11-03 15:52:31
1930614432628916657,2025-06-05 15:15:24 +02:00,cstlegang,"Bonjour @free , je dois faire quoi pour être appeler par un de vos conseillers ? Ça fait 2 jours que je laisse des messages sur votre messagerie et je n’ai pas de retour alors que c’est assez urgent.",bonjour je dois faire quoi pour être appeler par un de vos conseillers ça fait 2 jours que je laisse des messages sur votre messagerie et je nai pas de retour alors que cest assez urgent,2025-11-03 15:52:31
1930621389578387597,2025-06-05 15:43:03 +02:00,Rond06_,"Ma @Freebox qui marche plus depuis midi, bloquée à l'étape 2 🥳 Donc pas d'internet\n\nAutant vous dire que le stream s'annonce compromis",ma qui marche plus depuis midi bloquée à létape 2 donc pas dinternetnnautant vous dire que le stream sannonce compromis,2025-11-03 15:52:31
1930645767527547177,2025-06-05 17:19:55 +02:00,Antheme2,"@free je ne comprends pas, depuis que je suis sur @free, je suis régulièrement en panne. Et beaucoup de temps à chaque fois pour être dépanné et récupérer ma box fonctionnel.",je ne comprends pas depuis que je suis sur je suis régulièrement en panne et beaucoup de temps à chaque fois pour être dépanné et récupérer ma box fonctionnel,2025-11-03 15:52:31
1930704333705978062,2025-06-05 21:12:38 +02:00,youbousal,"@free entrant dans un 3e mois de suite sans service mais les prélèvements sont toujours réalisés. L’assistance ne fait que remettre « habilement » la responsabilité sur l’abonné et c’est saoulant.\nFaites quelques chose, monsieur le CM",entrant dans un 3e mois de suite sans service mais les prélèvements sont toujours réalisés lassistance ne fait que remettre habilement la responsabilité sur labonné et cest saoulantnfaites quelques chose monsieur le cm,2025-11-03 15:52:31
1930861468141904285,2025-06-06 07:37:02 +02:00,FredoFMTV,Message de @free @OQEEbyFree @Freebox au démarrage de la box \n\n#TNT #Télévision #NouvelleNumerotation https://t.co/f7LqzD88Qf,message de au démarrage de la box nn,2025-11-03 15:52:31
1930960436679123116,2025-06-06 14:10:18 +02:00,xXD4rkXx68,"@Freebox pas internet depuis 24h due très probablement a une cassure fibre externe, aucun conseillé ou technicien ne m’a contacté depuis, malgres plusieurs tentatives de contact dont un ticket ouvert, c’est plaisant de payer un service qui ne fonctionne pas",pas internet depuis 24h due très probablement a une cassure fibre externe aucun conseillé ou technicien ne ma contacté depuis malgres plusieurs tentatives de contact dont un ticket ouvert cest plaisant de payer un service qui ne fonctionne pas,2025-11-03 15:52:31
1930971996260532361,2025-06-06 14:56:14 +02:00,MCollectorsMars,"Hello @free  @Freebox ! Cela fait + de 5 jours ! Plus de Box sur #Aubagne @villedaubagne . Pas de suivi, pas d'infos précises. Inadmissible ! Impossible de travailler correctement . Merci d'intervenir au plus vite !",hello cela fait de 5 jours plus de box sur pas de suivi pas dinfos précises inadmissible impossible de travailler correctement merci dintervenir au plus vite,2025-11-03 15:52:31
1930993407511466325,2025-06-06 16:21:19 +02:00,andrea_10_03_,@Freebox Ça fait une semaine que je n’ai pas de service et vous ne répondez pas au téléphone. @free,ça fait une semaine que je nai pas de service et vous ne répondez pas au téléphone,2025-11-03 15:52:31
1931016330247114961,2025-06-06 17:52:24 +02:00,VallonDavy,"@Free_France @Freebox Votre incompétence est intolérable! Panne signalée le 27/05, câble détérioré (photo envoyée), 10 jours de réponses bidon (""centre de supervision"") et maintenant un RDV fixé hier pour aujourd'hui, mais le technicien ne vient pas! Vous me prenez pour un pigeon. Je résilie Freebox + mobile (100€/mois) des maintenant même si c’est pas gros chose pour vous.\nfbx-33943378. Pathétique!",votre incompétence est intolérable panne signalée le 2705 câble détérioré photo envoyée 10 jours de réponses bidon centre de supervision et maintenant un rdv fixé hier pour aujourdhui mais le technicien ne vient pas vous me prenez pour un pigeon je résilie freebox mobile 100mois des maintenant même si cest pas gros chose pour vousnfbx33943378 pathétique,2025-11-03 15:52:31
1931033802958110894,2025-06-06 19:01:50 +02:00,j_facemaker,"@free @Freebox Pas d'internet depuis hier 16h (freebox bloqué etape 2). Ticket ouvert, vous me demandez de prendre un rdv, mais je ne peux rien sélectionner. On fait comment ? https://t.co/g9aLy3QKmu",pas dinternet depuis hier 16h freebox bloqué etape 2 ticket ouvert vous me demandez de prendre un rdv mais je ne peux rien sélectionner on fait comment,2025-11-03 15:52:31
1931056699240304790,2025-06-06 20:32:49 +02:00,EJulien66,"@free comme tous les ans à partir de juin, la connexion disparaît à partir de 20H30. Ras le bol. En septembre je change d’opérateur.",comme tous les ans à partir de juin la connexion disparaît à partir de 20h30 ras le bol en septembre je change dopérateur,2025-11-03 15:52:31
1931666401523061170,2025-06-08 12:55:33 +02:00,zoneadsl_panne,"⚠#PANNE  FREE MOBILE EN COURS⚠\n 📡20 freenautes ont remonté des problèmes sur le réseau #mobile de #Free depuis 10h39\n🌍Villes concernées : Bonneville (74130), Saint-Pierre-en-Faucigny (74800)\n⬇️⬇️⬇️\nhttps://t.co/U4HQRFCDxu",free mobile en coursn 20 freenautes ont remonté des problèmes sur le réseau de depuis 10h39nvilles concernées bonneville 74130 saintpierreenfaucigny 74800nn,2025-11-03 15:52:31
1931678641689108493,2025-06-08 13:44:11 +02:00,zoneadsl_panne,"Si vous avez une #freebox et que vous vivez en #HauteSavoie , ca va etre chaud pour regarder #RolandGarros2025 cet après-midi…\nPlus de 3500 signalements 🚨🚨🚨 à date.\nBon courage à tous et aussi à @Free_1337 ! https://t.co/iecrW3zC6k",si vous avez une et que vous vivez en ca va etre chaud pour regarder cet aprèsmidinplus de 3500 signalements à datenbon courage à tous et aussi à,2025-11-03 15:52:31
1931687480769540196,2025-06-08 14:19:19 +02:00,ErzaaaTv,@freemobile eh les bg vous pouvez remettre internet chez moi svp,eh les bg vous pouvez remettre internet chez moi svp,2025-11-03 15:52:31
1931694646876319946,2025-06-08 14:47:47 +02:00,AlexandreCarbo4,96 jours sans fibre ! Merci @free oula attention intervention prévu le 10 à 8h00 suspens de malade. Merci @Xavier75 ! Road to 100 days !\n\n@UFCquechoisir @60millions @Masdaak,96 jours sans fibre merci oula attention intervention prévu le 10 à 8h00 suspens de malade merci road to 100 days nn,2025-11-03 15:52:31
1931702735176376602,2025-06-08 15:19:56 +02:00,ElMehdito,"En tant que client @free j'ai des coupures intempestives d'Internet TOUTES LES SEMAINES. \n\nÇa va de 2 à 12 jours pour la plus longue, sans AUCUN geste commercial. \n\nXavier Niel, casser les prix c'est bien, quand c'est au dépend de la qualité c'est non. @Xavier75  @Freebox",en tant que client jai des coupures intempestives dinternet toutes les semaines nnça va de 2 à 12 jours pour la plus longue sans aucun geste commercial nnxavier niel casser les prix cest bien quand cest au dépend de la qualité cest non,2025-11-03 15:52:31
1931743732988030998,2025-06-08 18:02:50 +02:00,LiludeeACNH,Pas de Freebox fibre ni réseau carte SIM depuis ce matin 11h !! C’est une blague @free @freemobile @Freebox  ???? C’est revenu qu’à 18h #hautesavoie #cranvessales #vetraz #annemasse,pas de freebox fibre ni réseau carte sim depuis ce matin 11h cest une blague cest revenu quà 18h,2025-11-03 15:52:31
1931748476263575722,2025-06-08 18:21:41 +02:00,Mme_Reyna,Bon @free @Freebox @freemobile va falloir me contacter la ! Une panne générale réseau tel et internet une journée. \nJE NE SUIS PAS D'ACCORD ! JE SOUHAITE UN DÉDOMMAGEMENT s'il vous plaît 🙏 !,bon va falloir me contacter la une panne générale réseau tel et internet une journée nje ne suis pas daccord je souhaite un dédommagement sil vous plaît,2025-11-03 15:52:31
1931765723967410272,2025-06-08 19:30:13 +02:00,OffTrack_FR,Désolé mais Sinner - Alcaraz ce soir c’est ça hein\n\n#RolandGarros #F1 https://t.co/WEYQRPqZhg,désolé mais sinner alcaraz ce soir cest ça heinnn,2025-11-03 15:52:31
1932005295338754110,2025-06-09 11:22:11 +02:00,gwdad_moi,@Freebox @free c’est possible d’ajouter la sauvegarde en arrière plan dans #freefiles merci,cest possible dajouter la sauvegarde en arrière plan dans merci,2025-11-03 15:52:31
1932183223637000297,2025-06-09 23:09:13 +02:00,Creatrice94,"S’il vous plaît, suis-je la seule ? @free @Freebox  commence à déconner, j’ai l’impression, il devienne comme SFR, j’ai plus de wi-fi ça fait exactement deux jours et ce n’est pas la première fois. Dites-moi en commentaire si vous êtes pareil que moi.",sil vous plaît suisje la seule commence à déconner jai limpression il devienne comme sfr jai plus de wifi ça fait exactement deux jours et ce nest pas la première fois ditesmoi en commentaire si vous êtes pareil que moi,2025-11-03 15:52:31
1932335608229183530,2025-06-10 09:14:44 +02:00,28Draneb,"@free bonjour, j’ai résilié y’a maintenant 3 mois, j’ai renvoyé mes appareils ( j’ai la preuve d’envoi du colis), cependant j’ai été prélevé ce mois de juin de 100 euros ( raison non renvoi du dit appareil) et bien sûr impossible de vous contacter n’étant plus adhérent free",bonjour jai résilié ya maintenant 3 mois jai renvoyé mes appareils jai la preuve denvoi du colis cependant jai été prélevé ce mois de juin de 100 euros raison non renvoi du dit appareil et bien sûr impossible de vous contacter nétant plus adhérent free,2025-11-03 15:52:31
1932368139502948846,2025-06-10 11:24:00 +02:00,BBenus,"Hey @Xavier75 &amp; @free, c'est normal qu'en plein Lyon, dans un immeuble avec la fibre, un appartement avec un boitier fibre on me balade depuis plusieurs mois sans me raccorder en me donnant une excuse différente a chaque appel du 3244 ?",hey amp cest normal quen plein lyon dans un immeuble avec la fibre un appartement avec un boitier fibre on me balade depuis plusieurs mois sans me raccorder en me donnant une excuse différente a chaque appel du 3244,2025-11-03 15:52:31
1932389569510457531,2025-06-10 12:49:10 +02:00,Beubeu1305,"@Freebox @Free_1337 Bonjour, est-ce normal que je ne puisse pas activer les notifications push sur votre application espace client ?\n\nJe suis sur Realme GT7 Android 15.\n\nMerci https://t.co/TKMvIDqSye",bonjour estce normal que je ne puisse pas activer les notifications push sur votre application espace client nnje suis sur realme gt7 android 15nnmerci,2025-11-03 15:52:31
1932434238122406279,2025-06-10 15:46:39 +02:00,mcgcwnfm4k,"Je ne pensais pas dire ça mais je veux le retour de l’ancienne centrale d’appel de @free. Le nouveau Free Proxi est vraiment nul. 24h sans internet,  12h+ sans réponse, prise de rendez vous impossible et d’avoir quelqu’un au téléphone, je ne peux même plus travailler \n@Freebox",je ne pensais pas dire ça mais je veux le retour de lancienne centrale dappel de le nouveau free proxi est vraiment nul 24h sans internet 12h sans réponse prise de rendez vous impossible et davoir quelquun au téléphone je ne peux même plus travailler n,2025-11-03 15:52:31
1932443568511299837,2025-06-10 16:23:44 +02:00,lonelylittleT,@Freebox vous me faites peter un durite. \n2 semaines sans internet pour la deuxième fois en 2 mois ! \nEt la seule assistante sur des heures de bureau MDR. Prochaine étape je résilie !,vous me faites peter un durite n2 semaines sans internet pour la deuxième fois en 2 mois net la seule assistante sur des heures de bureau mdr prochaine étape je résilie,2025-11-03 15:52:31
1932493838276571345,2025-06-10 19:43:29 +02:00,stef2535,#Problème @free @Freebox depuis la dernière #miseàjour les #chaînes #TV n'arrêtent pas de  couper #micro #coupure !,depuis la dernière les narrêtent pas de couper,2025-11-03 15:52:31
1932718465493676273,2025-06-11 10:36:05 +02:00,chmalet,@UniversFreebox @free @Freebox \nQuand est ce que  les anciens abonnés mini4k auront la possibilité et les modalités pour migrer vers la Freebox pop S ?,nquand est ce que les anciens abonnés mini4k auront la possibilité et les modalités pour migrer vers la freebox pop s,2025-11-03 15:52:31
1932793399205089588,2025-06-11 15:33:50 +02:00,Nanafantazya,@free @Freebox j'ai besoin de votre aide d'urgence j'ai plus rien qui fonctionne,jai besoin de votre aide durgence jai plus rien qui fonctionne,2025-11-03 15:52:31
1932829793235652621,2025-06-11 17:58:27 +02:00,luvhetmongi,"@free Par pitié ça fais 3 semaines j’ai plus de connexion, on appelle et à chaque fois on nous dis quelques choses de différent. Remettez nous de la co 🙏🏼🙏🏼🙏🏼😭",par pitié ça fais 3 semaines jai plus de connexion on appelle et à chaque fois on nous dis quelques choses de différent remettez nous de la co,2025-11-03 15:52:31
1932879757219348634,2025-06-11 21:16:59 +02:00,annelaure02,@free faut faire quelque chose avec cette  appli @DisneyPlusFR qui ne fonctionne pas vraiment c’est pénible,faut faire quelque chose avec cette appli qui ne fonctionne pas vraiment cest pénible,2025-11-03 15:52:31
1932891829629837715,2025-06-11 22:04:58 +02:00,RamzySANDID,@free  Pourquoi on ne peut pas passer d’un abonnement Freebox Ultra à un abonnement Pop S  sans avoir à résilier (frais) et faire une nouvelle souscription ? @Xavier75,pourquoi on ne peut pas passer dun abonnement freebox ultra à un abonnement pop s sans avoir à résilier frais et faire une nouvelle souscription,2025-11-03 15:52:31
1933204796682473805,2025-06-12 18:48:35 +02:00,nos_ret,@free @Freebox #free SVP faites venir un technicien en urgence ou régler le problème. À peine 1 mois que j'ai la fibre freebox et elle est déjà en panne. Ma 4g ne me permet pas de tout faire et j'ai des streams à faire.. je vous en prie (je peut payer l'intervention si il faut) https://t.co/2J5jjsjMTd,svp faites venir un technicien en urgence ou régler le problème à peine 1 mois que jai la fibre freebox et elle est déjà en panne ma 4g ne me permet pas de tout faire et jai des streams à faire je vous en prie je peut payer lintervention si il faut,2025-11-03 15:52:31
1933281841944953272,2025-06-12 23:54:44 +02:00,Itsvrah_,"Bonjour @free, cela fait maintenant 3 jours que je n’ai plus aucun service. J’ai déjà appelé votre assistance, j’ai 0 retour. \n\nÇa commence à faire beaucoup là.",bonjour cela fait maintenant 3 jours que je nai plus aucun service jai déjà appelé votre assistance jai 0 retour nnça commence à faire beaucoup là,2025-11-03 15:52:31
1933497330717565431,2025-06-13 14:11:00 +02:00,SylvainPAM18,"@Freebox je suis assez agacé. Je viens d'être débité de 190€ pour non renvoi de la box que j'ai déposée il y a 4 mois dans un point relais. J'ai essayé de contacter la ligne ces dernières semaines sans succès, dans le labyrinthe de boîtes vocales et autres codes. Que faire ?",je suis assez agacé je viens dêtre débité de 190 pour non renvoi de la box que jai déposée il y a 4 mois dans un point relais jai essayé de contacter la ligne ces dernières semaines sans succès dans le labyrinthe de boîtes vocales et autres codes que faire,2025-11-03 15:52:31
1933505550089924888,2025-06-13 14:43:40 +02:00,zengalewaa,🚨FREE VOLEUR 🚨\n20 ans qu’on est client\nCela fais maintenant plus d’un mois et demi que je n’ai plus internet. Free ne fait rien pour résoudre le problème je ne peux pas prendre de RDV ni réclamer de remboursement concernant les factures des mois passés \n@Xavier75 @Freebox @free,free voleur n20 ans quon est clientncela fais maintenant plus dun mois et demi que je nai plus internet free ne fait rien pour résoudre le problème je ne peux pas prendre de rdv ni réclamer de remboursement concernant les factures des mois passés n,2025-11-03 15:52:31
1933540051259998454,2025-06-13 17:00:46 +02:00,GoodPioupiou,"@Freebox Bonjour, comment récupérer les identifiants (plus de papier de la souscription) pour ma mère âgée afin de gérer une panne de sa freebox ? Merci !",bonjour comment récupérer les identifiants plus de papier de la souscription pour ma mère âgée afin de gérer une panne de sa freebox merci,2025-11-03 15:52:31
1933560642033840227,2025-06-13 18:22:35 +02:00,Romano2skyrock,@free possible d’avoir l’intervention d’un technicien sur Paris  compétent contrairement à aujourd’hui ou le gars ne fait rien et en plus est très désagréable 🤮 \nPlus d’internet et c’est très gênant \n@Xavier75,possible davoir lintervention dun technicien sur paris compétent contrairement à aujourdhui ou le gars ne fait rien et en plus est très désagréable nplus dinternet et cest très gênant n,2025-11-03 15:52:31
1933584645628510565,2025-06-13 19:57:58 +02:00,tenchepower,Salut @Freebox ça te dirait de justifier le prix que je paie pour mon abonnement s’il te plaît en résolvant mon problème?,salut ça te dirait de justifier le prix que je paie pour mon abonnement sil te plaît en résolvant mon problème,2025-11-03 15:52:31
1933756161343271162,2025-06-14 07:19:30 +02:00,YannParis,"Je tiens à denoncer l'immondice service client @freebox, mon ancien fournisseur d'accès que j'ai resilié après près de deux mois  d'interruption de mes services suite a une panne collective dans mon immeuble parisien",je tiens à denoncer limmondice service client mon ancien fournisseur daccès que jai resilié après près de deux mois dinterruption de mes services suite a une panne collective dans mon immeuble parisien,2025-11-03 15:52:31
1933783938658676942,2025-06-14 09:09:53 +02:00,L_Despeyroux,"@free Ma ligne ADSL à Vibraye est HS. J'ai tenté de joindre le 3244 mais n'ai pas trouvé comment vous signaler avec vos tapez 1, 2, 4512, etc.",ma ligne adsl à vibraye est hs jai tenté de joindre le 3244 mais nai pas trouvé comment vous signaler avec vos tapez 1 2 4512 etc,2025-11-03 15:52:31
1933854371931918682,2025-06-14 13:49:46 +02:00,Guide_343,"Bonjour, le technicien @free @Xavier75 a percé un trou en trop dans mon mur parce qu’il s’est trompé, puis m’annonce que c’est à moi de reboucher et de voir avec le proprio.\nLe tout en salissant un mur rénové.\nAh yes, super service 🤡\nMerci de faire quelque chose 🫠",bonjour le technicien a percé un trou en trop dans mon mur parce quil sest trompé puis mannonce que cest à moi de reboucher et de voir avec le proprionle tout en salissant un mur rénovénah yes super service nmerci de faire quelque chose,2025-11-03 15:52:31
1933934839280947655,2025-06-14 19:09:31 +02:00,rkgstor,"@Freebox  quels recours ? Je suis cliente depuis février, J'attends toujours et encore d'autre raccordée à la fibre. La hotline m'expliques que le problème est connu et ne me propose pas de solution. 3 visites de technicien et, aucun raccordement fait.",quels recours je suis cliente depuis février jattends toujours et encore dautre raccordée à la fibre la hotline mexpliques que le problème est connu et ne me propose pas de solution 3 visites de technicien et aucun raccordement fait,2025-11-03 15:52:31
1934133360168718757,2025-06-15 08:18:22 +02:00,ChrisGo49410308,"@Freebox Faudra m’expliquer le concept : vous me harcelez pour passer à la fibre, me bloquez 1/2 journée, me menacez de 49 € de pénalité si je suis pas là, et.... vous apercevez en arrivant qu’il n’y a pas de place dans les boîtiers de rue.\nÇa pouvait pas être vérifié avant ?",faudra mexpliquer le concept vous me harcelez pour passer à la fibre me bloquez 12 journée me menacez de 49 de pénalité si je suis pas là et vous apercevez en arrivant quil ny a pas de place dans les boîtiers de ruença pouvait pas être vérifié avant,2025-11-03 15:52:31
1934385347099807983,2025-06-16 00:59:40 +02:00,PsytikX,Heuuuu @free @Freebox c’est normal que depuis 4h j’ai plus de réseau ni de wifi ?,heuuuu cest normal que depuis 4h jai plus de réseau ni de wifi,2025-11-03 15:52:31
1934528843706200250,2025-06-16 10:29:52 +02:00,L_Despeyroux,"@Freebox ma box oscille entre l'étape 2 et l'étape 3 depuis Vendredi soir j'ai déjà essayé de vous joindre au 3244 mais tapez 1, tapez 2 etc. conduit à une impasse.",ma box oscille entre létape 2 et létape 3 depuis vendredi soir jai déjà essayé de vous joindre au 3244 mais tapez 1 tapez 2 etc conduit à une impasse,2025-11-03 15:52:31
1934537288282788250,2025-06-16 11:03:26 +02:00,siirzax92,Salut @free sous combien de temps vous installez une freebox pop S dans un logement déjà équipé de la fibre ? 😇 marre de bouygues qui ne propose aucune fonction un peu poussée ):,salut sous combien de temps vous installez une freebox pop s dans un logement déjà équipé de la fibre marre de bouygues qui ne propose aucune fonction un peu poussée,2025-11-03 15:52:31
1934598254941061170,2025-06-16 15:05:41 +02:00,flocko33,"Donc la va fait 2j que j'ai plus d'internet et @Freebox ne fait rien c'est formidable. Aucune solution de secours alors que je dois teletravailler. Formidable , faites moi penser à quitter cet opérateur le plus vite possible",donc la va fait 2j que jai plus dinternet et ne fait rien cest formidable aucune solution de secours alors que je dois teletravailler formidable faites moi penser à quitter cet opérateur le plus vite possible,2025-11-03 15:52:31
1934651354146062690,2025-06-16 18:36:41 +02:00,maarylou_v,"@Freebox Bonjour, je suis cliente Free. J’ai laissé un message au 3244 ce matin à 11h pour changer de Freebox, toujours aucune réponse à 18h35. Le 1044 m’a redirigée. Merci de me rappeler rapidement.",bonjour je suis cliente free jai laissé un message au 3244 ce matin à 11h pour changer de freebox toujours aucune réponse à 18h35 le 1044 ma redirigée merci de me rappeler rapidement,2025-11-03 15:52:31
1934672743829786919,2025-06-16 20:01:41 +02:00,iac_yac,@Freebox on nous a dit 45 minutes de réponses. Appel au 3244 qui renvoie vers free proxy qui ne répondent pas https://t.co/kYK2onER81,on nous a dit 45 minutes de réponses appel au 3244 qui renvoie vers free proxy qui ne répondent pas,2025-11-03 15:52:31
1934689855667097623,2025-06-16 21:09:41 +02:00,MartinVine52691,#freebox @Freebox c'est quoi ce truc ? https://t.co/L4mz7yjxTS,cest quoi ce truc,2025-11-03 15:52:31
1934890606209196214,2025-06-17 10:27:23 +02:00,JMA38620,"Bonjour @free , c'est bien long pour trouver un créneau, ça fait 2 ans bientôt que vous m'avez promis la fibre, visiblement les actes ne suivent pas les promesses. De plus les deux derniers rdv, n'ont pas été honoré, le technicien n'est pas venu jusqu'à chez moi.",bonjour cest bien long pour trouver un créneau ça fait 2 ans bientôt que vous mavez promis la fibre visiblement les actes ne suivent pas les promesses de plus les deux derniers rdv nont pas été honoré le technicien nest pas venu jusquà chez moi,2025-11-03 15:52:31
